index,corpus,sentence,tier_name,token,source,time_start,time_end,start,end
4356,dialect_don,"Потому что не с чего сильно было, мяса этого не было, жиру не было.",VIK1941,было,020721_VIK1941_Razdorskaya.eaf,1729.831,1734.454,63,66
6330,dialect_don,"Ма= братик умер, маленький, Ви= Толечка был.",VIK1941,был,020721_VIK1941_Razdorskaya.eaf,2500.863,2506.181,41,43
6954,dialect_don,"Бекрень был шкодливый, нашкодит где -то, а потом убегает.",VIK1941,был,020721_VIK1941_Razdorskaya.eaf,2779.647,2786.408,9,11
7017,dialect_don,"Мамка говорит: дура ты, да он у меня, как дитё, был.",VIK1941,был,020721_VIK1941_Razdorskaya.eaf,2794.077,2800.488,49,51
16784,dialect_don,"Помогал, он -то портной был, вот шил туфли, тапки шил сам.",MLI1941,был,04072022_MLI1941_Melikhovskaya.eaf,580.429,586.699,25,27
17461,dialect_don,"Мальчика, у мальчика чтобы папа крёстный был, как обязательно на крестинах.",MLI1941,был,04072022_MLI1941_Melikhovskaya.eaf,882.909,888.064,42,44
22792,dialect_don,"У них сад был, это, огород был, значится, ну как плантажи, это такой вот, этот такой вот был у них огород.",MLI1941,был,04072022_MLI1941_Melikhovskaya.eaf,3327.88,3334.99,28,30
23275,dialect_don,"Ха= домик был, вот.",MLI1941,был,04072022_MLI1941_Melikhovskaya.eaf,3529.98,3533.02,11,13
26394,dialect_don,Десять дней дом закрытый был.,TNG1957,был,04072022_TNG1957_Melikhovskaya.eaf,1382.412,1384.542,26,28
26423,dialect_don,Даже когда у меня был это самое.,TNG1957,был,04072022_TNG1957_Melikhovskaya.eaf,1396.21,1398.43,19,21
32279,dialect_don,"Веночек, естественно, был такой.",TNG1957,был,04072022_TNG1957_Melikhovskaya.eaf,3982.966,3985.009,23,25
32455,dialect_don,Он был очень толстым.,TNG1957,был,04072022_TNG1957_Melikhovskaya.eaf,4073.301,4075.115,4,6
32845,dialect_don,"В старые времена, в старые времена им некогда было, это редкость была, что кто -то был гулящий.",TNG1957,был,04072022_TNG1957_Melikhovskaya.eaf,4315.84,4321.713,84,86
34892,dialect_don,Был конкурс.,TNG1957,Был,04072022_TNG1957_Melikhovskaya.eaf,5290.72,5291.847,1,3
37611,dialect_don,"Что майские праздники продлили, и попало, что родительский день, это, выходной был.",TNG1957,был,04072022_TNG1957_Melikhovskaya.eaf,6234.886,6239.781,80,82
38551,dialect_don,На похм= вот на третий день зять должен был тёщу обуть.,TNG1957,был,04072022_TNG1957_Melikhovskaya.eaf,6675.899,6680.651,41,43
39007,dialect_don,"Чтоб был стол, как говорится.",TNG1957,был,04072022_TNG1957_Melikhovskaya.eaf,6853.922,6855.596,6,8
40351,dialect_don,И ж он как там и был.,TNG1957,был,04072022_TNG1957_Melikhovskaya.eaf,7819.32,7820.66,18,20
41519,dialect_don,Ноутбук если бы был с флешкой.,TNG1957,был,04072022_TNG1957_Melikhovskaya.eaf,8637.071,8643.678,17,19
42316,dialect_don,"Значит, у этой тётки был муж.",GLT1934,был,040722_GLT1934_Melikhovskaya_1.eaf,258.99,264.7,22,24
42538,dialect_don,"Он такой был, что с места на место.",GLT1934,был,040722_GLT1934_Melikhovskaya_1.eaf,373.713,379.54,10,12
42780,dialect_don,А у неё был друг.,GLT1934,был,040722_GLT1934_Melikhovskaya_2.eaf,68.3,69.84,9,11
45199,dialect_don,"Там, в Грузии, недалеко от нас был концлагерь.",GLT1934,был,040722_GLT1934_Melikhovskaya_2.eaf,1161.118,1167.059,32,34
47674,dialect_don,"Да, механиком был, механиком.",GLT1934,был,040722_GLT1934_Melikhovskaya_2.eaf,2283.601,2285.923,15,17
49679,dialect_don,"А председатель тут у нас был, Маковецкий такой.",GLT1934,был,040722_GLT1934_Melikhovskaya_2.eaf,3274.965,3278.775,26,28
50876,dialect_don,"Старше был, да, угу.",GLT1934,был,040722_GLT1934_Melikhovskaya_2.eaf,3927.48,3929.721,8,10
51205,dialect_don,Вот крещён я был в Шахтах.,EIV1939,был,050722_EIV1939_Melikhovskaya_1.eaf,31.43,33.196,14,16
52582,dialect_don,"Правда, матери дадут на работе кусочек са=, рафинад был голубой.",EIV1939,был,050722_EIV1939_Melikhovskaya_1.eaf,613.86,618.32,53,55
53429,dialect_don,Удареный был в этот...,EIV1939,был,050722_EIV1939_Melikhovskaya_1.eaf,946.37,949.083,10,12
53467,dialect_don,"Ну как, говорят, старостой был.",EIV1939,был,050722_EIV1939_Melikhovskaya_1.eaf,958.48,962.04,28,30
54923,dialect_don,"Отец, правда, на работе был.",EIV1939,был,050722_EIV1939_Melikhovskaya_1.eaf,1548.869,1550.855,25,27
55443,dialect_don,"И вот мы там плетни же, это, где мост был, сядем, а рыбка ходит, вот достанешь кусочек червячка.",EIV1939,был,050722_EIV1939_Melikhovskaya_1.eaf,1752.92,1760.022,39,41
56080,dialect_don,"Дядюшка мой любитель был, так он сомов ловил.",EIV1939,был,050722_EIV1939_Melikhovskaya_1.eaf,2004.29,2007.79,22,24
57725,dialect_don,"Ага, а Григорий Алексеевич, был он военный фельдшер.",EIV1939,был,050722_EIV1939_Melikhovskaya_1.eaf,2694.36,2700.225,29,31
57738,dialect_don,А у него брат в Новочеркасске был.,EIV1939,был,050722_EIV1939_Melikhovskaya_1.eaf,2700.999,2703.46,31,33
58060,dialect_don,Две лодки железных и настил был.,EIV1939,был,050722_EIV1939_Melikhovskaya_1.eaf,2830.832,2834.477,29,31
58920,dialect_don,У него была и Псалтырь.,EIV1939,была,050722_EIV1939_Melikhovskaya_1.eaf,3145.4,3147.29,8,11
62228,dialect_don,Я говорю: а я же и был хозяин!,EIV1939,был,050722_EIV1939_Melikhovskaya_1.eaf,4391.089,4392.735,20,22
64732,dialect_don,"Но батюшка сказал: сейчас памятник не ставите, хоть бы крестик на нём был.",EIV1939,был,050722_EIV1939_Melikhovskaya_3.eaf,31.81,36.29,71,73
67123,dialect_don,Тот дом был.,Others,был,060722_SVS1939_Melikhovskaya_1.eaf,946.81,947.72,9,11
67877,dialect_don,Не было у нас.,Others,было,060722_SVS1939_Melikhovskaya_1.eaf,1233.41,1234.77,4,7
72958,dialect_don,"И вот мы, значит... а вот не скажу: вот деда нет, если бы был, он тут сейчас всё расписал.",KVA1948,был,072021_KVA1948_Razdorskaya.eaf,963.27,970.01,59,61
73032,dialect_don,Кать= у нас была котёл.,KVA1948,был,072021_KVA1948_Razdorskaya.eaf,997.305,1002.645,13,15
74026,dialect_don,"И, говорю, в колхозе был на поле, на горах.",KVA1948,был,072021_KVA1948_Razdorskaya.eaf,1370.32,1373.72,22,24
74450,dialect_don,"Ну, у меня хозяин был большой.",KVA1948,был,072021_KVA1948_Razdorskaya.eaf,1522.672,1528.086,19,21
77099,dialect_don,"Ну да, он сирота был.",KVA1948,был,072021_KVA1948_Razdorskaya.eaf,2489.24,2491.507,18,20
77340,dialect_don,"Кто -то вчера был мальчик, говорит, и две девочки.",KVA1948,был,072021_KVA1948_Razdorskaya.eaf,2578.911,2581.817,15,17
78082,dialect_don,Саманный дом был.,KVA1948,был,072021_KVA1948_Razdorskaya.eaf,2835.227,2841.051,14,16
78950,dialect_don,"Он же, Вова, большой был.",KVA1948,был,072021_KVA1948_Razdorskaya.eaf,3175.799,3181.211,22,24
79042,dialect_don,"Скорее в этом коридоре, вот как было у нас, большой такой коридор.",KVA1948,был,072021_KVA1948_Razdorskaya.eaf,3204.237,3208.247,33,35
81396,dialect_don,И райком у нас был.,SVV1951,был,072021_SVV1951_Razdorskaya.eaf,351.946,358.013,16,18
81790,dialect_don,А ихний дед был есаулом.,SVV1951,был,072021_SVV1951_Razdorskaya.eaf,533.373,537.48,13,15
84137,dialect_don,У меня вечер был и то.,SVV1951,был,072021_SVV1951_Razdorskaya.eaf,1702.654,1705.454,14,16
86116,dialect_don,Там стадион был.,SVV1951,был,072021_SVV1951_Razdorskaya.eaf,2788.493,2792.053,13,15
86898,dialect_don,Суд был.,SVV1951,был,072021_SVV1951_Razdorskaya.eaf,3212.92,3216.24,5,7
87070,dialect_don,Вот заместитель директора Шахты был брат.,SVV1951,был,072021_SVV1951_Razdorskaya.eaf,3286.547,3291.507,33,35
87415,dialect_don,"Я не знаю, я давно была там вот как, старые паром где был.",SVV1951,был,072021_SVV1951_Razdorskaya.eaf,3487.093,3492.093,20,22
90090,dialect_dvina,"Дак мы все на полатях. полати раньше вот эк были, черезо всю комнату.",MVI1910,были,Timoshino1910.3.eaf,29.333,41.23,45,48
90522,dialect_dvina,"Вот так заходит, слезет невеста, знаешь, со своей, знаешь, подружкой тоже, и жених; вот невесту, знаешь, раньше такая мода была,",MVI1910,была,Timoshino1910.3.eaf,215.072,231.252,124,127
91975,dialect_dvina,"Это дело давно было, еще я здесь не жила, дак всё рассказывают, это очень давно было дело, да, годов много уж, годов уж это семьдесят -то есть.",MVI1910,было,Timoshino1910.3.eaf,851.261,869.552,16,19
92013,dialect_dvina,"Дак вот и раньше эко дело было, вот видишь, надо деньги, и две женщины убили.",MVI1910,было,Timoshino1910.3.eaf,869.552,878.564,27,30
92680,dialect_dvina,"Сеяли -то, м-м, молодые -то были как,",MVI1910,были,Timoshino1910.3.eaf,1134.971,1139.974,29,32
92956,dialect_dvina,"Да, интересно было раньше.",MVI1910,было,Timoshino1910.3.eaf,1244.682,1255.539,15,18
93520,dialect_dvina,"у других -то не было, а у нас тут было, да, тоже светили.",MVI1910,было,Timoshino1910.3.eaf,1490.749,1497.448,35,38
93889,dialect_dvina,Были.,SZF1915,Были,Timoshino1915.2.eaf,111.693,114.937,1,4
94233,dialect_dvina,Тогда денег -то мало было.,SZF1915,было,Timoshino1915.2.eaf,298.115,301.575,22,25
94311,dialect_dvina,"А вот были старухи, дак они померли.",SZF1915,были,Timoshino1915.2.eaf,349.109,351.91,7,10
95679,dialect_dvina,А нету было семилетки -то дак.,SZF1915,было,Timoshino1915.2.eaf,1178.376,1189.518,8,11
95987,dialect_dvina,"Да и гармошка, гармошка, плясали, пляска была, такая, там не танцевали тогды мы, танцев не было.",SZF1915,была,Timoshino1915.2.eaf,1369.587,1380.998,42,45
96035,dialect_dvina,"Дак я не= не велика, наверное, была -то.",SZF1915,была,Timoshino1915.2.eaf,1404.386,1407.651,32,35
96042,dialect_dvina,"Нет, не было, не было тогда вот, теперя вот передают по радио, поют, я слушаю всё.",SZF1915,было,Timoshino1915.2.eaf,1417.266,1427.296,18,21
96087,dialect_dvina,"А я плясальница была, в молодости -то, плясальница.",SZF1915,была,Timoshino1915.2.eaf,1435.503,1440.311,17,20
96181,dialect_dvina,"А сын, этто свадьба была вот, там живёт на посёлке во де дак, дарили ему, денег, денег дарили.",SZF1915,была,Timoshino1915.2.eaf,1485.92,1494.845,21,24
96522,dialect_dvina,"А сей год у меня отданы уж деньги дак, сына провожали в армию, дак надо, тут было народу много да.",SZF1915,было,Timoshino1915.2.eaf,1670.59,1680.052,78,81
97153,dialect_dvina,"Так, такие большие, большая, ну у нас была эта, знаешь, черпуха, да.",SZF1915,была,Timoshino1915.2.eaf,2109.006,2118.955,39,42
97250,dialect_dvina,"Не= Дак закусывали чего, я не знаю, на столе было чего дак.",SZF1915,было,Timoshino1915.2.eaf,2178.775,2183.547,46,49
97306,dialect_dvina,"А раньше были грибы - коровы ходили в лес, дак рыжики были да росли да, в выступках, а теперь не х= не ходят коровы дак, всё заросло, да.",SZF1915,были,Timoshino1915.2.eaf,2233.459,2244.615,55,58
97942,dialect_dvina,Дак я тогды м= маленькая была дак.,SZF1915,была,Timoshino1915.2.eaf,2652.105,2654.499,26,29
98139,dialect_dvina,#ERROR!,ZFYa1920,были,Timoshino1920_5_ф.eaf,1.237,2.993,,
100711,dialect_dvina,"Там у у его была, худой был дом дак.",BLE1925,была,Timoshino1925.9.eaf,45.323,49.188,13,16
100830,dialect_dvina,"У нас бабка была, дак та водилась -то всё.",BLE1925,была,Timoshino1925.9.eaf,94.121,97.736,13,16
100896,dialect_dvina,"Так всё ко= косить надо было, да вязать, жито же вязали снопы да всё делали сами.",BLE1925,было,Timoshino1925.9.eaf,115.177,122.389,25,28
101155,dialect_dvina,"Вот я -то не запомнила, это раньше уж единолично были, а м= я -то уж в колхозе были, колхозы уж были.",BLE1925,были,Timoshino1925.9.eaf,215.271,221.867,50,53
101164,dialect_dvina,"Вот я -то не запомнила, это раньше уж единолично были, а м= я -то уж в колхозе были, колхозы уж были.",BLE1925,были,Timoshino1925.9.eaf,215.271,221.867,80,83
101203,dialect_dvina,"Теперь как, раньше уж привыкли эк жить в колхозе дак, тут -то ведь уж стало хорошо было тут одно время жили.",BLE1925,было,Timoshino1925.9.eaf,226.537,235.41,84,87
101773,dialect_dvina,"Всё б= бабушка была дак, всё сожгла, все рам= да, все станины и, всё было, ткали -то, дак это всё было, она всё сожгла.",BLE1925,было,Timoshino1925.9.eaf,474.015,485.33,70,73
102312,dialect_dvina,"Но, ведь не было, да вот мы -то жили с= редко-редко, вот я уж сюды -то пришла этто жить -то, мы жили -то там, у их старый дом был у Шурковых там, дак мы этто купили, дак пришли дак, редко совсем была вода, редко!",BLE1925,было,Timoshino1925.9.eaf,695.26,711.006,13,16
102361,dialect_dvina,"Но, ведь не было, да вот мы -то жили с= редко-редко, вот я уж сюды -то пришла этто жить -то, мы жили -то там, у их старый дом был у Шурковых там, дак мы этто купили, дак пришли дак, редко совсем была вода, редко!",BLE1925,была,Timoshino1925.9.eaf,695.26,711.006,196,199
103247,dialect_dvina,"Не по= дома, у нас этто была, медпункт был свой.",BLE1925,была,Timoshino1925.9.eaf,1040.918,1044.773,25,28
103294,dialect_dvina,"У меня было шесть ребёнков, я и в больнице -то не бывала, дома всё и рожала -то , была Агнея Ивановна, дак она сама всё с нами эттаки, чего, мы рожали.",BLE1925,была,Timoshino1925.9.eaf,1051.573,1062.07,83,86
103324,dialect_dvina,"Да как не были, я уж не помню их тепере.",BLE1925,были,Timoshino1925.9.eaf,1070.22,1074.144,11,14
103371,dialect_dvina,Были.,BLE1925,Были,Timoshino1925.9.eaf,1082.37,1092.514,1,4
103402,dialect_dvina,Школа ведь у нас была этто своя и всё было своё.,BLE1925,была,Timoshino1925.9.eaf,1105.213,1112.112,18,21
103407,dialect_dvina,Школа ведь у нас была этто своя и всё было своё.,BLE1925,было,Timoshino1925.9.eaf,1105.213,1112.112,39,42
103905,dialect_dvina,Там еще девкой была в Семёновске.,BLE1925,была,Timoshino1925.9.eaf,1324.51,1328.949,16,19
104037,dialect_dvina,"Ну, я встала, не знаю, корова -то у меня была или не была тогды еще, не помню чего -то, ну встала и пошла в восемь часов, пришли, пошли с им в лес, пошли за клюквой.",BLE1925,была,Timoshino1925.9.eaf,1366.924,1378.327,42,45
104040,dialect_dvina,"Ну, я встала, не знаю, корова -то у меня была или не была тогды еще, не помню чего -то, ну встала и пошла в восемь часов, пришли, пошли с им в лес, пошли за клюквой.",BLE1925,была,Timoshino1925.9.eaf,1366.924,1378.327,54,57
104538,dialect_dvina,"Этто дорога была дак, всё следы были.",BLE1925,была,Timoshino1925.9.eaf,1503.165,1507.91,13,16
104543,dialect_dvina,"Этто дорога была дак, всё следы были.",BLE1925,были,Timoshino1925.9.eaf,1503.165,1507.91,33,36
104569,dialect_dvina,"Еще вот маленькая когды -то видала, дома там еще в Семёновске, в войну я была, ак еще в школу ходила тоже.",BLE1925,была,Timoshino1925.9.eaf,1507.91,1514.483,74,77
104612,dialect_dvina,"Как не нападают волки, волки нападают, да это, этто -то вот какой -то год, дак много было порвано и скота.",BLE1925,было,Timoshino1925.9.eaf,1521.655,1534.113,86,89
104806,dialect_dvina,"У меня были прежние -то рубахи, с узорыма -то это, вот ткакные такие, да я все изрезала.",BLE1925,были,Timoshino1925.9.eaf,1632.065,1638.343,8,11
105270,dialect_dvina,"Но, тут колхозы были, дак тот год.",BLE1925,были,Timoshino1925.9.eaf,1833.665,1845.037,17,20
105286,dialect_dvina,"Когды уж колхозы были, мы училися.",BLE1925,были,Timoshino1925.9.eaf,1833.665,1845.037,18,21
105904,dialect_dvina,"Не варивала, у нас пивовары были.",BLE1925,были,Timoshino1925.9.eaf,2097.718,2107.623,29,32
106166,dialect_dvina,"Хоть мале= мало, не было воды, так спокойно жили.",BLE1925,было,Timoshino1925.9.eaf,2246.992,2260.344,21,24
106225,dialect_dvina,"И у Валентины Фёдоровны тоже тут усадебка была, был колодец, никакой воды нету эттаки, так всё и замусорили.",BLE1925,была,Timoshino1925.9.eaf,2283.965,2297.54,43,46
106542,dialect_dvina,"Вы были, наверное, там уж?",BLE1925,были,Timoshino1925.9.eaf,2427.456,2433.26,4,7
106550,dialect_dvina,Не были еще?,BLE1925,были,Timoshino1925.9.eaf,2427.456,2433.26,4,7
106732,dialect_dvina,"Веретёшко вот это у меня это, да было веретёшко -то, грязное.",BLE1925,было,Timoshino1925.9.eaf,2540.019,2543.836,34,37
106794,dialect_dvina,"Там у нас мастерицы -то жёнки были, мне -то некогда было, всё дорожки -то ткали тканые, всякие, у меня одна наверху есть, выткала мне Павла, положена была.",BLE1925,были,Timoshino1925.9.eaf,2562.324,2578.307,31,34
106834,dialect_dvina,"А некогда было мне ничего, я всё в лесу дак.",BLE1925,было,Timoshino1925.9.eaf,2588.754,2591.158,11,14
106874,dialect_dvina,"Да лес, говорю, рубила да, там лес рубила с му= лес рубила зимой раньше, девкой -то была, дак и дома -то никогды не была, всё",BLE1925,была,Timoshino1925.9.eaf,2592.506,2602.3,85,88
106892,dialect_dvina,"то= то возишь, коня дают, то рубишь, раньше вот эти лучковые пилы были, дак вот встанешь за , и пилишь, и пилишь, в лес уйдёшь дак.",BLE1925,были,Timoshino1925.9.eaf,2602.3,2618.02,67,70
107209,dialect_dvina,"всё жёнки: наваливали жёнки, и сваливали жёнки, всё одны жёнки, да мы, беспомощные ребятка были.",BLE1925,были,Timoshino1925.9.eaf,2712.377,2721.584,92,95
107479,dialect_dvina,"Пятнадцать годов стажу на пекарне у меня отработано, уж на пенсии была.",BLE1925,была,Timoshino1925.9.eaf,2870.369,2875.315,67,70
107766,dialect_dvina,"Вот у Женьки было два, наверное - Женька, Колька.",BLE1925,было,Timoshino1925.9.eaf,2995.616,3006.892,14,17
107903,dialect_dvina,А были как?,BLE1925,были,Timoshino1925.9.eaf,3063.695,3068.112,3,6
107921,dialect_dvina,"Вот мама таким, колхозницей была.",BLE1925,была,Timoshino1925.9.eaf,3069.666,3072.447,29,32
108121,dialect_dvina,"Большая тоже семья -то была, у всех была большая семья, и у батька большая семья.",BLE1925,была,Timoshino1925.9.eaf,3146.488,3156.913,37,40
108125,dialect_dvina,"Большая тоже семья -то была, у всех была большая семья, и у батька большая семья.",BLE1925,была,Timoshino1925.9.eaf,3146.488,3156.913,24,27
108176,dialect_dvina,"нету это у нас -то уж этого ничего не было; раньше, идёшь замуж, дак приданого какое -то еще корову веди али какого кого-нибудь.",BLE1925,было,Timoshino1925.9.eaf,3167.803,3175.475,39,42
108198,dialect_dvina,"Вот у ей была, батько ей дал приданого телушку стельную, говорит, привела, да у их было, наверное, две ли три коровы, да она привела дак,",BLE1925,была,Timoshino1925.9.eaf,3175.475,3186.642,10,13
108214,dialect_dvina,"Вот у ей была, батько ей дал приданого телушку стельную, говорит, привела, да у их было, наверное, две ли три коровы, да она привела дак,",BLE1925,было,Timoshino1925.9.eaf,3175.475,3186.642,84,87
109002,dialect_dvina,"Все были, были кошёвка какая -то наверху там была старинная и, ездили раньше, короб -то и всё, всё нарушёно, всё, всё.",BLE1925,были,Timoshino1925.9.eaf,3544.794,3554.513,5,8
109004,dialect_dvina,"Все были, были кошёвка какая -то наверху там была старинная и, ездили раньше, короб -то и всё, всё нарушёно, всё, всё.",BLE1925,были,Timoshino1925.9.eaf,3544.794,3554.513,11,14
109011,dialect_dvina,"Все были, были кошёвка какая -то наверху там была старинная и, ездили раньше, короб -то и всё, всё нарушёно, всё, всё.",BLE1925,была,Timoshino1925.9.eaf,3544.794,3554.513,46,49
109659,dialect_dvina,Я тоже в лесу была.,BLE1925,была,Timoshino1925.9.eaf,3863.698,3866.885,15,18
109703,dialect_dvina,Надо всё было самой делать.,BLE1925,было,Timoshino1925.9.eaf,3888.872,3893.696,10,13
109712,dialect_dvina,"Тоже пришла - матка старая была дак, и ничего не было, коров покупали, да всё сами",BLE1925,была,Timoshino1925.9.eaf,3895.739,3901.989,28,31
109771,dialect_dvina,"Что -то тоже перерыв был, налоги были большие платили, надо= корову -то держали, ак надо было тысяча платить, а тогды еще, в то время, знаешь, тысяча -то сколь дорогая была.",BLE1925,было,Timoshino1925.9.eaf,3912.599,3924.511,90,93
109790,dialect_dvina,"Что -то тоже перерыв был, налоги были большие платили, надо= корову -то держали, ак надо было тысяча платить, а тогды еще, в то время, знаешь, тысяча -то сколь дорогая была.",BLE1925,была,Timoshino1925.9.eaf,3912.599,3924.511,169,172
109812,dialect_dvina,"Держали бы всех, а потом что -то сделалося, налоги -то эти все скинули, не стали были, ведь всё было тоже надо отдать.",BLE1925,были,Timoshino1925.9.eaf,3926.908,3936.382,82,85
109914,dialect_dvina,"Свыклась, было тоже сразу -то тяжело после войны, дак что, надо было всё восстановить -то, всё было разбом= разбомблёно дак.",BLE1925,было,Timoshino1925.9.eaf,3969.458,3977.426,65,68
109921,dialect_dvina,"Свыклась, было тоже сразу -то тяжело после войны, дак что, надо было всё восстановить -то, всё было разбом= разбомблёно дак.",BLE1925,было,Timoshino1925.9.eaf,3969.458,3977.426,96,99
110161,dialect_dvina,"А раньше -то зароды были, да вот эки копны всё накосил Сашка сейгод сено -то, да не свё= не увёз этто.",BLE1925,были,Timoshino1925.9.eaf,4079.676,4087.396,21,24
110675,dialect_dvina,А раньше всё было вкусно.,BLE1925,было,Timoshino1925.9.eaf,4353.047,4359.779,14,17
111205,dialect_dvina,"Этто тут что -то сгорело у нас этто, этто большая была церковь -то, ты не помнишь, Глебо, ведь?",BLE1925,была,Timoshino1925.9.eaf,4635.739,4641.339,51,54
111303,dialect_dvina,"Одни= где ведь я -то уж была, дак этто не= этого не было, я уж дома -то не помню, там церква что, в Семёновске -то была церква.",BLE1925,была,Timoshino1925.9.eaf,4667.753,4676.428,116,119
111314,dialect_dvina,Там в Семёновске -то там две еще было.,BLE1925,было,Timoshino1925.9.eaf,4677.306,4681.267,34,37
111519,dialect_dvina,Да как не были.,BLE1925,были,Timoshino1925.9.eaf,4798.377,4801.575,11,14
111521,dialect_dvina,Были.,BLE1925,Были,Timoshino1925.9.eaf,4798.377,4801.575,1,4
111523,dialect_dvina,"Были, были, были.",BLE1925,Были,Timoshino1925.9.eaf,4812.682,4816.702,1,4
111525,dialect_dvina,"Были, были, были.",BLE1925,были,Timoshino1925.9.eaf,4812.682,4816.702,7,10
111531,dialect_dvina,"Как не были, кузнецы были.",BLE1925,были,Timoshino1925.9.eaf,4812.682,4816.702,8,11
111534,dialect_dvina,"Как не были, кузнецы были.",BLE1925,были,Timoshino1925.9.eaf,4812.682,4816.702,22,25
111659,dialect_dvina,"Раньше колхозы -то были разные дак, а было два колхоза дак.",BLE1925,были,Timoshino1925.9.eaf,4866.691,4872.825,20,23
111664,dialect_dvina,"Раньше колхозы -то были разные дак, а было два колхоза дак.",BLE1925,было,Timoshino1925.9.eaf,4866.691,4872.825,39,42
111779,dialect_dvina,"А там веселее было, а здесь я от осени -то и боюсь, замок навешаю да убегу к Нюрке ночевать здесь.",MML1914,было,Д8934_Сельцо.eaf,37.419,46.967,15,18
112101,dialect_dvina,"Нет, наверное, уж не так много у нас этого было, у нас у Тамары Васильевны корова, у медички, у Саньки корова, Пашки, три.",MML1914,было,Д8934_Сельцо.eaf,152.846,161.22,44,47
112368,dialect_dvina,Была!,MML1914,Была,Д8934_Сельцо.eaf,252.701,258.806,1,4
112845,dialect_dvina,Это всё было.,MML1914,было,Д8934_Сельцо.eaf,435.684,443.657,9,12
112941,dialect_dvina,Были.,MML1914,Были,Д8934_Сельцо.eaf,475.176,484.328,1,4
113327,dialect_dvina,"Вот и медведь пойдёт, кабы коровы в лесу были дак.",MML1914,были,Д8934_Сельцо.eaf,616.346,622.412,42,45
114356,dialect_dvina,А раньше много было.,MML1914,было,Д8934_Сельцо.eaf,955.309,961.93,16,19
114823,dialect_dvina,"Деньгами было туго, вот, ак сдавали, ведь помногу сдавали, а теперь.",MML1914,было,Д8934_Сельцо.eaf,1098.769,1104.207,10,13
115147,dialect_dvina,"Я, там жили -то, там всё жнут всё рожь, раньше ведь всё надо руками было.",MML1914,было,Д8934_Сельцо.eaf,1206.295,1212.221,69,72
115422,dialect_dvina,"Дак было, тоже было, было тоже.",MML1914,было,Д8934_Сельцо.eaf,1320.377,1323.492,5,8
116304,dialect_dvina,"Ну, четверо у меня уж было, девочка -то умерла одна -то.",MML1914,было,Д8934_Сельцо.eaf,1616.204,1625.531,23,26
116447,dialect_dvina,"И то хорошо, раньше ведь вот хоть и война старая -то, тоже ведь раньше тоже война ведь была, дак раньше что, и плохо было, а ныне -то нам уж хорошо плотят, неча говорить, хорошо.",MML1914,было,Д8934_Сельцо.eaf,1661.436,1672.933,118,121
116746,dialect_dvina,"Я не знаю, чего -то было, с Архангельска приезжали даже, было семь гармонистов из Северодвинска, и все пожилые.",MML1914,было,Д8934_Сельцо.eaf,1898.844,1907.216,58,61
116816,dialect_dvina,"Да нет, была Лизка.",MML1914,была,Д8934_Сельцо.eaf,1926.64,1931.454,9,12
117029,dialect_dvina,"Нет, больше восемнадцати -то было.",MML1914,было,Д8934_Сельцо.eaf,2004.758,2009.1,30,33
117246,dialect_dvina,"А знаешь, ведь у меня была трубка, мне это немножко похитилось, наверху, я перекладывала её, вот тут помогали.",MML1914,была,Д8934_Сельцо.eaf,2103.418,2109.495,23,26
117266,dialect_dvina,"Ну, было пораспало, кирпичи, ну,",MML1914,было,Д8934_Сельцо.eaf,2110.875,2114.229,5,8
117816,dialect_dvina,"Нет, колхозов не было еще.",MML1914,было,Д8934_Сельцо.eaf,2296.697,2300.609,18,21
117821,dialect_dvina,"Тогда не было, нет, нет.",MML1914,было,Д8934_Сельцо.eaf,2296.697,2300.609,10,13
117967,dialect_dvina,"А мы ведь раньше работали, нас много ведь доярок было,",MML1914,было,Д8934_Сельцо.eaf,2343.824,2346.575,50,53
117982,dialect_dvina,"у нас этто хоть небольшой двор, там больше, там сто голов было на том дворе, а у нас было, наверное, семь= восемьдесят или семьдесят две коровы были.",MML1914,было,Д8934_Сельцо.eaf,2346.575,2354.475,86,89
118005,dialect_dvina,"Сначала у нас было по восе= по пятнадцать или по восемнадцать, а потом нам уже дали по двадцать четыре, когда нам дали аппараты доить.",MML1914,было,Д8934_Сельцо.eaf,2354.475,2361.139,15,18
118250,dialect_dvina,А вот у нас не было.,MML1914,было,Д8934_Сельцо.eaf,2437.227,2440.988,16,19
118331,dialect_dvina,"Это -то всё чего -то делали, хоть небольшие были, а всё делали, жали и всё делали.",MML1914,были,Д8934_Сельцо.eaf,2470.414,2477.093,45,48
118890,dialect_dvina,"Всё это было раньше, ныне ведь ничего, молодые, вот ним, наверное, то и интересно.",MML1914,было,Д8934_Сельцо.eaf,2654.012,2659.227,9,12
118941,dialect_dvina,"Раньше много было интересного, только ныне люди молодые дак что, не видали, ясно, что не понимают оне.",MML1914,было,Д8934_Сельцо.eaf,2672.692,2681.559,14,17
119021,dialect_dvina,А раньше было работы много.,MML1914,было,Д8934_Сельцо.eaf,2696.273,2703.901,10,13
119646,dialect_dvina,"Было раньше -то время, а ныне и так этого нету совсем.",MML1914,Было,Д8934_Сельцо.eaf,2912.526,2923.394,1,4
119809,dialect_dvina,"Ох и высокая была, ох и хорошая была!",MML1914,была,Д8934_Сельцо.eaf,2971.557,2979.012,33,36
119814,dialect_dvina,"Ох и высокая была, ох и хорошая была!",MML1914,была,Д8934_Сельцо.eaf,2971.557,2979.012,14,17
119827,dialect_dvina,"Ой, какая у нас была церковь, вся была кирпичная, вся!",MML1914,была,Д8934_Сельцо.eaf,2979.012,2985.508,17,20
119834,dialect_dvina,Ну зачем было её разрывать?,MML1914,было,Д8934_Сельцо.eaf,2979.012,2985.508,10,13
119869,dialect_dvina,"У нас была Николаю чудотворцу, церковь хорошая, а здесь -то была Михаилу Архангелу.",MML1914,была,Д8934_Сельцо.eaf,2994.183,3000.262,61,64
120019,dialect_dvina,"Ну дак тогды что, знаешь, может, кто перевенчался, ак тогды а всё раньше попы были.",MML1914,были,Д8934_Сельцо.eaf,3041.937,3049,79,82
120084,dialect_dvina,"У нас вот тот Заручей, наш Заручей, в одной Шиленьге только была церковь,",MML1914,была,Д8934_Сельцо.eaf,3061.654,3068.406,61,64
120114,dialect_dvina,"Ой, у нас церковь была, у нас церковь была столь хороша, вот еще экую церковь видала в Красноборске - мы ездили в Сыктывкар, дак я там видела.",MML1914,была,Д8934_Сельцо.eaf,3076.235,3087.259,39,42
120256,dialect_dvina,"А я не знаю, у нас которая, а в каменной мы грохотили -то семена -то, это уж давно было дело, я еще помоложе была, мы грохотили тут, а первые годы, как пришла сюды дак.",MML1914,было,Д8934_Сельцо.eaf,3126.035,3134.858,84,87
120522,dialect_dvina,"Некогда было, надо куделя прясть.",MML1914,было,Д8934_Сельцо.eaf,3224.76,3226.865,9,12
120745,dialect_dvina,У нас дома в деревне была.,MML1914,была,Д8934_Сельцо.eaf,3306.454,3309.546,22,25
120988,dialect_dvina,"Горя было - о, полно.",MML1914,было,Д8934_Сельцо.eaf,3394.679,3404.329,6,9
121031,dialect_dvina,Было.,MML1914,Было,Д8934_Сельцо.eaf,3409.259,3422.707,1,4
121034,dialect_dvina,"Что было, то было.",MML1914,было,Д8934_Сельцо.eaf,3409.259,3422.707,14,17
121037,dialect_dvina,"Что было, то было.",MML1914,было,Д8934_Сельцо.eaf,3409.259,3422.707,5,8
121061,dialect_dvina,Была корова.,MML1914,Была,Д8934_Сельцо.eaf,3429.077,3441.492,1,4
121085,dialect_dvina,"А вот была на лугу, сено мечу, пришёл бригадир: 'Завтре корову не выпускай.",MML1914,было,Д8934_Сельцо.eaf,3441.492,3449.501,7,10
121176,dialect_dvina,"Всё было, всё было, всяко побитося, куды деваешься, деваться некуда.",MML1914,было,Д8934_Сельцо.eaf,3467.232,3473.037,5,8
122448,dialect_dvina,Потому что церковь -то была - Михаилу Архангелу.,MML1914,была,Д8935_Сельцо.eaf,274.512,277.982,24,27
122545,dialect_dvina,Ох у нас и церковь была!,MML1914,была,Д8935_Сельцо.eaf,305.094,311.864,20,23
122584,dialect_dvina,Такая у нас была церква!,MML1914,была,Д8935_Сельцо.eaf,311.864,320.309,13,16
122695,dialect_dvina,"у нас очень белая была, хорошая церковь, ой, хорошая была.",MML1914,была,Д8935_Сельцо.eaf,359.743,363.784,54,57
122703,dialect_dvina,"у нас очень белая была, хорошая церковь, ой, хорошая была.",MML1914,была,Д8935_Сельцо.eaf,359.743,363.784,19,22
122752,dialect_dvina,Я тогда еще не так большая была.,MML1914,была,Д8935_Сельцо.eaf,375.878,382.844,28,31
122821,dialect_dvina,"Ой, меня бабка Ульяна разбудила, да мене так было неловко, а я сейчас кабыть вся как глупая; почто, но, ты, говорю, меня и разбудила, господи, бабуля?",MML1914,было,Д8935_Сельцо.eaf,404.474,414.775,46,49
122946,dialect_dvina,Вот две церквы рядом было.,MML1914,было,Д8935_Сельцо.eaf,449.915,453.966,22,25
122959,dialect_dvina,"Тоже хорошие церквы были высокие, а там тоже деревянные только были.",MML1914,были,Д8935_Сельцо.eaf,453.966,461.474,21,24
123129,dialect_dvina,"Ныне вот мне скажут так, ну, что-нибудь не того, как -то вот так чтобы не было.",MML1914,было,Д8935_Сельцо.eaf,556.915,561.769,75,78
123213,dialect_dvina,"Это уж раньше -то еще было, ныне -то уж этого нету, ныне не сушат, ныне ведь так всё молотят дак.",MML1914,было,Д8935_Сельцо.eaf,588.855,595.087,23,26
124685,dialect_dvina,"Валька у ней хорошая была да, повесилась, ума -то нет, вот дочка -то.",MML1914,была,Д8935_Сельцо.eaf,1143.712,1152.296,22,25
124994,dialect_dvina,Были.,MML1914,Были,Д8935_Сельцо.eaf,1269.827,1280.482,1,4
124996,dialect_dvina,"Были, были в лесу раньше, были, боялися всё.",MML1914,Были,Д8935_Сельцо.eaf,1269.827,1280.482,1,4
125088,dialect_dvina,"Были, этто были раньше, были.",MML1914,были,Д8935_Сельцо.eaf,1312.471,1325.31,12,15
125091,dialect_dvina,"Были, этто были раньше, были.",MML1914,были,Д8935_Сельцо.eaf,1312.471,1325.31,25,28
125122,dialect_dvina,Цыганов -то много раньше было.,MML1914,было,Д8935_Сельцо.eaf,1312.471,1325.31,26,29
125626,dialect_dvina,"Тут бывало ребятам, да, да них четыре раза -то было, оне где -то дома -то не были, а цыганы -то приехали,",MML1914,были,Д8935_Сельцо.eaf,1478.701,1485.206,78,81
125862,dialect_dvina,Была только рука вот так видно.,MML1914,Была,Д8935_Сельцо.eaf,1551.309,1563.007,1,4
125887,dialect_dvina,"Это давно, еще мы маленькие были, ак, наверное, германская назвала= называлась это уж.",MML1914,были,Д8935_Сельцо.eaf,1567.032,1574.007,29,32
126088,dialect_dvina,"Вы у ней не бывали, были?",MML1914,были,Д8935_Сельцо.eaf,1641.977,1646.106,21,24
126353,dialect_dvina,"У нас недавн= прошлый год или позапрошлый, нет, наве=, да, была у Кольки Селиванова вот тоже у сына свадьба,",MML1914,была,Д8935_Сельцо.eaf,1907.42,1913.349,60,63
126867,dialect_dvina,"У меня тоже гости были, жили, сейгод вот и не едут.",MML1914,были,Д8935_Сельцо.eaf,2151.408,2161.671,19,22
126968,dialect_dvina,"То второй год только, тоже всё хорошо было.",MML1914,было,Д8935_Сельцо.eaf,2184.786,2190.976,39,42
129146,dialect_dvina,"Ныне народ стал смелый, а раньше уж не такие были буки мы.",MML1914,были,Д8935_Сельцо.eaf,3085.76,3091.761,46,49
129153,dialect_dvina,"Раньше не такие были, а ныне смелый народ пошёл.",MML1914,были,Д8935_Сельцо.eaf,3094.655,3097.621,17,20
129547,dialect_dvina,"Усть-Ваеньга тоже на берегу, она ниже там стоит, но там -то я не бывала, в Усть-Ваеньге -то, а в Ваеньге у нас там две тётушки было, мамины сёстры, мы в лесу там работали.",MML1914,было,Д8935_Сельцо.eaf,3227.544,3236.687,128,131
129995,dialect_dvina,Тоже хорошо было.,MML1914,было,Д8935_Сельцо.eaf,3412.129,3419.912,13,16
130066,dialect_dvina,"Морковь, всё было хорошее.",MML1914,было,Д8935_Сельцо.eaf,3441.927,3450.712,14,17
130148,dialect_dvina,Капуста довольно хорошая была.,MML1914,была,Д8935_Сельцо.eaf,3477.148,3481.003,26,29
130166,dialect_dvina,"А что, ведь зимой морозы, дак что, они и змерзли, в коридоре было дак.",MML1914,было,Д8935_Сельцо.eaf,3482.698,3490.746,62,65
130725,dialect_dvina,"В прошлом году у тебя было хорошо, теперь не=, это самое.",Other,было,Д8936_Сельцо.eaf,74.015,77.71,23,26
130819,dialect_dvina,Раньше всё было.,BMS1910,было,Д8936_Сельцо.eaf,103.736,106.05,12,15
130824,dialect_dvina,Тольки денежки не были.,BMS1910,были,Д8936_Сельцо.eaf,103.736,106.05,19,22
130903,dialect_dvina,"Ведь где деньги -то возьмёшь, надо и семя поставить, раньше всё своё было, но, земля своя и всё своё, и скотина своя, надо ей прокормить, надо всё сделать.",BMS1910,было,Д8936_Сельцо.eaf,126.658,138.26,70,73
130986,dialect_dvina,"О, в лесо рубить -то когды война -то была, дак тогды, всех в лес -то, тогды еще мужики не были дома -то, всё одны бабы, и бабы всё в лесе рубили.",BMS1910,была,Д8936_Сельцо.eaf,159.008,166.391,38,41
131001,dialect_dvina,"О, в лесо рубить -то когды война -то была, дак тогды, всех в лес -то, тогды еще мужики не были дома -то, всё одны бабы, и бабы всё в лесе рубили.",BMS1910,были,Д8936_Сельцо.eaf,159.008,166.391,91,94
131034,dialect_dvina,"Тут... тут были ребёнки, тут изувечило ноги, так мне, я и так не хожу, дак что?",BMS1910,были,Д8936_Сельцо.eaf,169.977,179.122,12,15
131110,dialect_dvina,"В войну, вот всю войну да и, всю войну, пока не кончили, после войны еще было.",BMS1910,было,Д8936_Сельцо.eaf,192.279,196.212,74,77
131131,dialect_dvina,"А у нас этто больше в Рочегду, в Борок, да, да у нас этто на Нюме было тут, тоже, здесь рубили.",BMS1910,было,Д8936_Сельцо.eaf,200.999,208.571,67,70
131342,dialect_dvina,А у нас раньше так не было.,BMS1910,было,Д8936_Сельцо.eaf,282.247,291.464,23,26
131702,dialect_dvina,"А за свой дом там, на низу, у меня полдома там, правда, было там еще сноха была дак, тольки триста.",BMS1910,была,Д8936_Сельцо.eaf,400.869,406.557,76,79
131713,dialect_dvina,Раньше ведь дешевее были.,BMS1910,были,Д8936_Сельцо.eaf,407.178,414.957,21,24
132120,dialect_dvina,"Правда, раньше у нас это белой муки вот да к страде возьмут, пудовички такие мешочки были, возьмут,",BMS1910,были,Д8936_Сельцо.eaf,540.246,547.215,86,89
132271,dialect_dvina,"а раньше сатин, ну да тут атлас вот да, это, лопатины были да, шали были да.",BMS1910,были,Д8936_Сельцо.eaf,595.016,600.849,55,58
132339,dialect_dvina,"Я уж не хвастаю ничто, ведь это было.",BMS1910,было,Д8936_Сельцо.eaf,624.358,628.636,33,36
132445,dialect_dvina,А так -то тоже суконные оболочки были и всякие.,BMS1910,были,Д8936_Сельцо.eaf,671.545,681.029,34,37
132553,dialect_dvina,"Не то что в каждом доме, а были сапожники -то.",BMS1910,были,Д8936_Сельцо.eaf,708.364,713.021,28,31
132558,dialect_dvina,"Было, было всё это.",BMS1910,Было,Д8936_Сельцо.eaf,708.364,713.021,1,4
132560,dialect_dvina,"Было, было всё это.",BMS1910,было,Д8936_Сельцо.eaf,708.364,713.021,7,10
132740,dialect_dvina,"А такие были хозяева -то, давай, мене на ребёнков -то на батька -то давали паёк, муки восемнадцать килограмм в месяц.",BMS1910,были,Д8936_Сельцо.eaf,776.859,784.01,9,12
132774,dialect_dvina,"Ну да эта девка, что, шести месяцей была, дак чт= что, куды ней оставишь?",BMS1910,была,Д8936_Сельцо.eaf,784.632,790.621,37,40
132797,dialect_dvina,"А тут у нас соседка была, дак вот это, это она, наделает да она, накладёт в литровую банку, да так и поедет весь день пахать,",BMS1910,была,Д8936_Сельцо.eaf,791.902,800.749,21,24
133036,dialect_dvina,"Четырёх -то эта годов -то была, э= эта подросла да заходила, она как -то скоро и заходила не в три месяца ли заходила эта девка.",BMS1910,была,Д8936_Сельцо.eaf,880.86,890.082,27,30
133087,dialect_dvina,"Уж ей во де= не акая не= да тут еще эта, которая была постарше -то, Олька -то колькими годов -то была?",BMS1910,была,Д8936_Сельцо.eaf,890.082,897.196,50,53
133094,dialect_dvina,Племянница была с нами еще.,Other,была,Д8936_Сельцо.eaf,897.196,900.146,12,15
133103,dialect_dvina,Племянница папина была еще с нами.,Other,была,Д8936_Сельцо.eaf,900.626,902.718,19,22
133176,dialect_dvina,Он= Оне да пусть выходные -то у нас не были.,BMS1910,были,Д8936_Сельцо.eaf,917.269,921.372,40,43
133442,dialect_dvina,Она шофером была.,BMS1910,была,Д8936_Сельцо.eaf,1001.307,1004.953,13,16
133506,dialect_dvina,"Вот хоть бы у меня бы у девок маленькие были да приедет, давай, я буду водиться -то, вы побежите.",BMS1910,были,Д8936_Сельцо.eaf,1024.117,1033.394,41,44
133731,dialect_dvina,Деревянные были.,BMS1910,были,Д8936_Сельцо.eaf,1117.71,1120.05,12,15
133808,dialect_dvina,"Такие иконы были, дак у!",BMS1910,были,Д8936_Сельцо.eaf,1148.045,1158.307,13,16
133863,dialect_dvina,У нас каменная церковь была там каменная церква новая была еще совсем да с=,BMS1910,было,Д8936_Сельцо.eaf,1171.351,1177.597,24,27
133868,dialect_dvina,У нас каменная церковь была там каменная церква новая была еще совсем да с=,BMS1910,была,Д8936_Сельцо.eaf,1171.351,1177.597,55,58
134258,dialect_dvina,"И и всё убирали и всё было, ныне все в Огафье не косят, дороги все проезжены этима тракторами.",BMS1910,было,Д8936_Сельцо.eaf,1322.55,1337.02,23,26
134338,dialect_dvina,"В войну, после войны никакие праздники не были, ничего, тут никакие выходные не были, ничего не было.",BMS1910,было,Д8936_Сельцо.eaf,1354.571,1360.147,97,100
134486,dialect_dvina,"Тольки тычут руками, ныне всё, этого как то вечера эти были.",BMS1910,были,Д8936_Сельцо.eaf,1402.699,1407.729,56,59
134571,dialect_dvina,Это всё было.,BMS1910,было,Д8936_Сельцо.eaf,1430.908,1436.891,9,12
134602,dialect_dvina,"Такие туески берестяные были да, вот накладём да, там сядем все на= такой вот был, межа.",BMS1910,были,Д8936_Сельцо.eaf,1446.205,1454.4,25,28
134639,dialect_dvina,"Это всё было, было.",BMS1910,было,Д8936_Сельцо.eaf,1454.4,1463.25,15,18
134641,dialect_dvina,"Это всё было, было.",BMS1910,было,Д8936_Сельцо.eaf,1454.4,1463.25,9,12
134651,dialect_dvina,"А колоба и ныне, что ведь, было б масло да мука дак, что ко= колоб напекчи в пече.",BMS1910,было,Д8936_Сельцо.eaf,1466.255,1470.894,28,31
134977,dialect_dvina,"А потом и как стали эти машины -то дак, тут купили у нас, ну в Сельце -то, бывает, три -то, бывает, было, ныне то было уж и рано да.",BMS1910,было,Д8936_Сельцо.eaf,1573.181,1582.991,115,118
134986,dialect_dvina,"Да в Кулиге было, у Осы -то тут, две этто тольки.",BMS1910,было,Д8936_Сельцо.eaf,1582.991,1591.56,13,16
135090,dialect_dvina,"А у нас этто было тоже, высланные были, были высланные.",BMS1910,было,Д8936_Сельцо.eaf,1619.383,1624.11,14,17
135113,dialect_dvina,"Да нет, наверное, не много, ну, семей -то пять было, наверное.",BMS1910,было,Д8936_Сельцо.eaf,1626.314,1629.916,48,51
135241,dialect_dvina,"Нет, у нас не было никаких лепешков.",BMS1910,было,Д8936_Сельцо.eaf,1688.539,1693.958,15,18
135459,dialect_dvina,"Дак ведь оне уж не нарочно зажгали, а просто бросили, может, а тогды засуха такая была, что дождёв не было, ну что, на траву бросили, да сами ушли!",LAV1914,была,Д8936_Сельцо.eaf,1875.007,1885.183,83,86
135464,dialect_dvina,"Дак ведь оне уж не нарочно зажгали, а просто бросили, может, а тогды засуха такая была, что дождёв не было, ну что, на траву бросили, да сами ушли!",LAV1914,было,Д8936_Сельцо.eaf,1875.007,1885.183,103,106
135580,dialect_dvina,Надо было ограду сделать.,LAV1914,было,Д8936_Сельцо.eaf,1930.679,1936.984,6,9
136046,dialect_dvina,"А в церкви эти были иконы, ак ведь ой.",LAV1914,были,Д8936_Сельцо.eaf,2115.905,2118.183,16,19
136274,dialect_dvina,Раньше ведь тракторов не было.,LAV1914,было,Д8936_Сельцо.eaf,2190.899,2204.666,26,29
136567,dialect_dvina,"Да как не было, раньше всё было, только что не эдак уж, эка -то быль не была.",LAV1914,было,Д8936_Сельцо.eaf,2319.68,2324.657,11,14
136571,dialect_dvina,"Да как не было, раньше всё было, только что не эдак уж, эка -то быль не была.",LAV1914,было,Д8936_Сельцо.eaf,2319.68,2324.657,28,31
136584,dialect_dvina,"Да как не было, раньше всё было, только что не эдак уж, эка -то быль не была.",LAV1914,была,Д8936_Сельцо.eaf,2319.68,2324.657,73,76
136706,dialect_dvina,"У нас вот в Задвинье -то вот сейчас сено косят, какое сено было раньше, ой!",LAV1914,было,Д8936_Сельцо.eaf,2370.716,2381.212,60,63
136833,dialect_dvina,"Сейгод и не сдавали, сейгод уж худая была порато ак.",LAV1914,была,Д8936_Сельцо.eaf,2419.334,2423.724,38,41
136920,dialect_dvina,"Лук, огурцы, это всё, это всё хорошее в прошлом годе было, только картошка одна гнилая.",LAV1914,было,Д8936_Сельцо.eaf,2452.234,2462.796,54,57
136927,dialect_dvina,"Было репы, морковки, всё благополучно, дак одна земля -то, ак не знаешь, чего почто с картошкой это.",LAV1914,Было,Д8936_Сельцо.eaf,2462.796,2470.577,1,4
136957,dialect_dvina,А вот и картошка у меня была разная.,LAV1914,была,Д8936_Сельцо.eaf,2472.96,2476.671,25,28
137406,dialect_dvina,"да стирать -то было нам после нечего, всё, что с себя у меня было, дак я всё перешила на детей, ведь ничего не давали.",LAV1914,было,Д8936_Сельцо.eaf,2654.993,2663.848,16,19
137418,dialect_dvina,"да стирать -то было нам после нечего, всё, что с себя у меня было, дак я всё перешила на детей, ведь ничего не давали.",LAV1914,было,Д8936_Сельцо.eaf,2654.993,2663.848,62,65
137468,dialect_dvina,"тут Ленька была, ну, подруга, пахали вместе, та 'Настя!', я эвон где, у меня лапоть улетит, не дёржится на ногах -то, у нас -то ноги не сносятся босиком.",LAV1914,была,Д8936_Сельцо.eaf,2672.211,2682.894,12,15
137544,dialect_dvina,"У меня козы, давай, были, а козье молоко, но ведь люди -то и без скотины жили.",LAV1914,были,Д8936_Сельцо.eaf,2690.078,2696.947,21,24
137810,dialect_dvina,"Только у кого ребята, те дома были.",LAV1914,были,Д8936_Сельцо.eaf,2774.108,2786.153,31,34
137911,dialect_dvina,"Мама с= сестра была у меня, только побежит в окоп, в лес,",LAV1914,была,Д8936_Сельцо.eaf,2820.388,2825.976,16,19
137966,dialect_dvina,Я была трёх годов.,LAV1914,была,Д8936_Сельцо.eaf,2835.93,2837.508,3,6
138018,dialect_dvina,"Бишки - это, у меня вот пряники называ= не пряники, а печенье, а у их раньше бишки такие были вот, тоже дырочки всё, дырочки,",LAV1914,были,Д8936_Сельцо.eaf,2849.276,2857.105,90,93
138046,dialect_dvina,Такие бишки были.,LAV1914,были,Д8936_Сельцо.eaf,2857.105,2863.499,13,16
138943,dialect_dvina,"Я дома -то не= не знаю, мама где, на ком -то души были это, хлеба ведь надь, нарезали тогды, полосы -то.",LAV1914,были,Д8936_Сельцо.eaf,3228.571,3237.599,51,54
139185,dialect_dvina,"Поваром -то да, а сто восемьдесят человек было, тоже поскалась, а вода -то надот по тридцать приступок доставать -то в гору.",LAV1914,было,Д8936_Сельцо.eaf,3321.998,3330.506,43,46
139482,dialect_dvina,Много было чужих.,LAV1914,было,Д8936_Сельцо.eaf,3427.937,3436.343,7,10
139501,dialect_dvina,"Вот как и у меня кабы была такая лошадь, я одна бы ее держала или там что-нибудь - ну, ты кулак!",LAV1914,была,Д8936_Сельцо.eaf,3439.848,3451.248,23,26
139671,dialect_dvina,"Мы четыре года не знаем, какие веком -то и глызы -то были.",LAV1914,были,Д8936_Сельцо.eaf,3494.89,3498.342,54,57
139684,dialect_dvina,"Жили хоть бы, у меня Люба болела, маленькая была, пеленечная,",LAV1914,была,Д8936_Сельцо.eaf,3498.342,3503.326,45,48
139752,dialect_dvina,"А кусочек -то уж мама, свекрова тут была дак...",LAV1914,была,Д8936_Сельцо.eaf,3522.658,3526.957,37,40
140750,dialect_dvina,"Тапки у меня такие были, у дочери посланы прошлый год, попасть не могла, по= посылкой посылала.",GOI1912,были,Д8937_Сельцо.eaf,349.269,356.244,20,23
141603,dialect_dvina,На скотном дворе -то были.,GOI1912,были,Д8937_Сельцо.eaf,752.84,756.679,22,25
142078,dialect_dvina,"У меня переставлено боковая изба была, тут вот, нет маленький вот этак.",GOI1912,была,Д8937_Сельцо.eaf,989.723,1000.813,34,37
142091,dialect_dvina,Было далёко тут тянулось.,GOI1912,Было,Д8937_Сельцо.eaf,989.723,1000.813,1,4
142354,dialect_dvina,"Печь была своя-ко, как у меня, эту печь вытащили, всё убрали, пол поменяли, в колхозе выписали.",GOI1912,была,Д8937_Сельцо.eaf,1124.49,1136.506,6,9
142671,dialect_dvina,А у меня икона была вот на всё божницу эдак.,GOI1912,была,Д8937_Сельцо.eaf,1264.31,1268.645,16,19
142693,dialect_dvina,"Тоже ума -то хватило, эттакие -то собирали, ходили, прялка была, а это, я вот, такая уж, у меня своя это.",GOI1912,была,Д8937_Сельцо.eaf,1270.53,1286.413,60,63
142854,dialect_dvina,"У меня какой -то год, я была в Мурманске, у меня отец помер, а худо было там с хлебом -то,",GOI1912,было,Д8937_Сельцо.eaf,1341.535,1352.334,69,72
143124,dialect_dvina,"он всё эттока ходил, и дак лавка была, где сейчас диван -то, лавка была и тут лавка, вот в том дому -то был старичок жил, Васильевич...",GOI1912,была,Д8937_Сельцо.eaf,1454.768,1468.404,34,37
143458,dialect_dvina,"Эттока, не была ведь, он чего, грел самовар,",GOI1912,была,Д8937_Сельцо.eaf,1580.527,1586.049,12,15
143739,dialect_dvina,"А мы -то, так далеко, ну эта была прежняя.",GOI1912,была,Д8937_Сельцо.eaf,1685.164,1688.963,30,33
143830,dialect_dvina,"и ванна была у него у самого сделана, и ванну утащила.",GOI1912,была,Д8937_Сельцо.eaf,1720.55,1724.747,9,12
143852,dialect_dvina,"Перина пуховая была, а это же Светка всё говорила, тебе ведь перина надо пуховая, я говорю, я сплю не на пуховой, хорошо и .",GOI1912,была,Д8937_Сельцо.eaf,1735.568,1746.942,16,19
143881,dialect_dvina,Уж бы была отказана да.,GOI1912,была,Д8937_Сельцо.eaf,1746.942,1750.369,7,10
144203,dialect_dvina,"А такая была долгая, , ныне -то стали всё пилить.",GOI1912,была,Д8937_Сельцо.eaf,1986.581,1992.745,9,12
144445,dialect_dvina,"Пришли, а я запряталась, у нас там чулан был тоже вот как тут, а чулан, там еще двери были, кладовка такая была,",GOI1912,была,Д8937_Сельцо.eaf,2051.197,2063.615,108,111
145111,dialect_dvina,"Ничего не ходила, это ведь все эттого были, в ушах да вот такие косы.",GOI1912,были,Д8937_Сельцо.eaf,2329.449,2334.922,39,42
145191,dialect_dvina,"В Березник шла, а там эстонцев ведь много было,",GOI1912,было,Д8937_Сельцо.eaf,2369.118,2373.964,43,46
145321,dialect_dvina,"У меня паренё был тогды, какие -то ребята были и он дак.",GOI1912,были,Д8937_Сельцо.eaf,2422.218,2426.56,43,46
145559,dialect_dvina,"только в Сафонове я не была, только сам полотно накинула, стала меня обнимать, нигде -то не могла найти.",GOI1912,была,Д8937_Сельцо.eaf,2510.559,2517.497,24,27
145611,dialect_dvina,"Раньше было, этого, эти, лесины -то были, а тут соседка жила, Люба, жили, дров нет, ак оне спилили все эти лесины -то.",GOI1912,было,Д8937_Сельцо.eaf,2544.892,2558.22,8,11
145620,dialect_dvina,"Раньше было, этого, эти, лесины -то были, а тут соседка жила, Люба, жили, дров нет, ак оне спилили все эти лесины -то.",GOI1912,были,Д8937_Сельцо.eaf,2544.892,2558.22,37,40
145913,dialect_dvina,"Дояркой была, а я что, телятницей, ак мало.",GOI1912,была,Д8937_Сельцо.eaf,2670.345,2676.271,9,12
146168,dialect_dvina,"Нет, не было.",GOI1912,было,Д8937_Сельцо.eaf,2829.78,2830.923,9,12
146175,dialect_dvina,"Вот тогда собственники -то были, там Двину -то заваливали, этто домо тоже такой же был, как тут.",GOI1912,были,Д8937_Сельцо.eaf,2832.402,2838.584,28,31
146221,dialect_dvina,"Поставили домочек, вот она, у ней два сына было,",GOI1912,было,Д8937_Сельцо.eaf,2844.58,2849.182,44,47
146261,dialect_dvina,"Бабка такая хорошая была, у ней и корова была, едва вытащили корову -то.",GOI1912,была,Д8937_Сельцо.eaf,2861.449,2865.981,42,45
146281,dialect_dvina,"А и хлебом -то трудно было дак, то было еще меня не было тут, и Ивана дак, всё ходили ребята просили, я тоже.",GOI1912,было,Д8937_Сельцо.eaf,2874.069,2888.133,23,26
146610,dialect_dvina,"А там дальше тоже эва полоса была, раньше мы, я пахала раньше, всё картошку садила,",GOI1912,была,Д8937_Сельцо.eaf,3020.048,3026.957,30,33
146659,dialect_dvina,"ничего не было, такая картошка хорошая была, крупная такая, хорошая,",GOI1912,было,Д8937_Сельцо.eaf,3037.555,3043.979,11,14
146664,dialect_dvina,"ничего не было, такая картошка хорошая была, крупная такая, хорошая,",GOI1912,была,Д8937_Сельцо.eaf,3037.555,3043.979,40,43
149188,dialect_dvina,"А я еще была шестнадцать годов дак, не видала хорошо -то реки -то.",LAV1914,была,Д8938_Сельцо.eaf,490.833,495.747,9,12
149235,dialect_dvina,"Весь народ в лесу, у нас дома никого не было.",LAV1914,было,Д8938_Сельцо.eaf,509.005,514.542,41,44
149528,dialect_dvina,"Мы на Егу были, на Кушевере были, на Нюме были, на Важенце были, в Р= в Россохах были, на Ветне...",LAV1914,были,Д8938_Сельцо.eaf,622.623,630.249,29,32
149532,dialect_dvina,"Мы на Егу были, на Кушевере были, на Нюме были, на Важенце были, в Р= в Россохах были, на Ветне...",LAV1914,были,Д8938_Сельцо.eaf,622.623,630.249,43,46
149542,dialect_dvina,"Мы на Егу были, на Кушевере были, на Нюме были, на Важенце были, в Р= в Россохах были, на Ветне...",LAV1914,были,Д8938_Сельцо.eaf,622.623,630.249,82,85
149653,dialect_dvina,Да раньше и штанов -то не было.,LAV1914,было,Д8938_Сельцо.eaf,675.367,683.553,27,30
150076,dialect_dvina,"На хлеб ведь у каждого души свои были, это душу на человека дают, нарежут, он и обрабатывает.",LAV1914,были,Д8938_Сельцо.eaf,903.009,910.506,34,37
150375,dialect_dvina,Четверо детей было.,LAV1914,было,Д8938_Сельцо.eaf,1012.574,1016.16,15,18
150429,dialect_dvina,"Некогды было нянек наймывать, как сами на паёчках.",LAV1914,было,Д8938_Сельцо.eaf,1029.814,1033.793,9,12
150447,dialect_dvina,"Ак он приехал, за рамы выставил да, были мягкие постели, две видно, впереду -то там постлано на пол, ребята -то спали, дак вот не= едва от пола оторвал.",LAV1914,были,Д8938_Сельцо.eaf,1033.793,1046.571,37,40
150817,dialect_dvina,"Сначала ведь у нас колхоз был, потом коммуна была.",LAV1914,была,Д8938_Сельцо.eaf,1180.907,1185.476,46,49
150897,dialect_dvina,"Не знаю уж, сколько там жителей было вбито и, в Троице -то.",LAV1914,было,Д8938_Сельцо.eaf,1210.803,1214.95,33,36
150927,dialect_dvina,У нас этто не была.,LAV1914,была,Д8938_Сельцо.eaf,1222.888,1226.753,15,18
150951,dialect_dvina,"В колхозе всё жили, это обрабатывали это, всё на лошадках, тогда еще трактора не были, пахали и всё на р= руками, жали косилкой, конима.",LAV1914,были,Д8938_Сельцо.eaf,1226.753,1237.806,82,85
151036,dialect_dvina,"А потом как, мы еще рады были, деньги стали давать, а мы денег -то не получивали.",LAV1914,были,Д8938_Сельцо.eaf,1257.899,1263.917,26,29
151154,dialect_dvina,"Первая война была - много шибко было избито у нас, пожара= пожары были.",LAV1914,была,Д8938_Сельцо.eaf,1296.625,1302.024,14,17
151158,dialect_dvina,"Первая война была - много шибко было избито у нас, пожара= пожары были.",LAV1914,было,Д8938_Сельцо.eaf,1296.625,1302.024,33,36
151367,dialect_dvina,"Тут у одной жёнки было четверо, детей, а муж с войны пришёл, не знаю уж, в бане мылся что в бане -то,",LAV1914,было,Д8938_Сельцо.eaf,1387.218,1395.373,19,22
152622,dialect_dvina,"А раньше не было этого электричества -то, лампочки маленькие.",LAV1914,было,Д8938_Сельцо.eaf,1787.456,1791.616,13,16
153189,dialect_dvina,"И в совхозе хорошо, и в кол= и в колхозе хорошо было.",LAV1914,было,Д8938_Сельцо.eaf,2019.324,2028.083,49,52
153441,dialect_dvina,"Тут один и жил, старушки не было, домик хороший такой.",LAV1914,было,Д8938_Сельцо.eaf,2108.806,2113.588,29,32
153955,dialect_dvina,"В войну -то всё дома были, маленькие жернова всё спруживали.",LAV1914,были,Д8938_Сельцо.eaf,2334.406,2340.737,22,25
153969,dialect_dvina,Это прежние были.,LAV1914,были,Д8938_Сельцо.eaf,2343.44,2346.767,13,16
153977,dialect_dvina,"У меня у дедка были, ак я не знаю, не помню, ак из камня сделаны, серёдка выбита!",LAV1914,были,Д8938_Сельцо.eaf,2346.767,2353.33,16,19
154106,dialect_dvina,"А ведь что, нараньше много было мельниц -то, а ведь сейчас две только у нас этто - в Заостровье да у нас.",LAV1914,было,Д8938_Сельцо.eaf,2403.594,2408.934,28,31
154615,dialect_dvina,"А тоже спать -то некогды было, сижу да дремлю, сижу, а я сама мешаю, меша= мешала-мешала, ну, говорю, мутовка, мешай скорей, смешать хоть бы!",LAV1914,было,Д8938_Сельцо.eaf,2645.158,2654.302,26,29
154700,dialect_dvina,"Ой, да спать -то было некогды, ой некогды было спать.",LAV1914,было,Д8938_Сельцо.eaf,2668.391,2672.484,18,21
154705,dialect_dvina,"Ой, да спать -то было некогды, ой некогды было спать.",LAV1914,было,Д8938_Сельцо.eaf,2668.391,2672.484,43,46
154718,dialect_dvina,Побитось было.,LAV1914,было,Д8938_Сельцо.eaf,2674.476,2685.627,10,13
155929,dialect_dvina,"Полосы не заметно - была ли, не была.",LAV1914,была,Д8938_Сельцо.eaf,3209.833,3218.451,21,24
189195,dialect_keba,"а жили у меня вот эва где избушка, жили по этой реки, начальство -то жили, избушка, так были койки наставлены, всё, вот они жили.",MVG1911,были,Keba_MVG1911.eaf,446.106,455.682,89,92
206273,dialect_keba,было,Other,было,Keba_SPF1915.eaf,828.413,828.722,1,4
358625,dialect_khislavichi,"Ну не знаю, может старш= со стари тогда и была, уже при моей памяти такого не было.",ndr1934,была,2019_zarechje_ndr_1_4.eaf,233.73,240.99,43,46
406761,dialect_khislavichi,"Ай, нет, это не, такое у нас в деревне не было, не было.",kkd1952,было,2019_zhanvil_kkd1952_4_3.eaf,255.845,258.43,43,46
507892,dialect_lukh_and_teza,Надо было раньше тебя в руки брать' - говорю.,BNA1938,было,Bogomolova_N_A_Rjapolovo.eaf,1636.874,1641.961,6,9
508395,dialect_lukh_and_teza,"Господи, да я, вроде, тут была, не было'.",BNA1938,была,Bogomolova_N_A_Rjapolovo.eaf,1864.643,1868.145,27,30
508398,dialect_lukh_and_teza,"Господи, да я, вроде, тут была, не было'.",BNA1938,было,Bogomolova_N_A_Rjapolovo.eaf,1864.643,1868.145,36,39
697006,dialect_luzhnikovo,"Не приняли, ой, в пионерах -то я была, а в комсомол не вступила, не было меня, сразу без комсомола в партию вступила.",sir1941,была,201806d_sir1941.eaf,2761.766,2768.648,34,37
721740,dialect_malinino,"Было грязи бывало понатащат , мы убираем, да топили, газу не было.",pas,было,201008a_pas.eaf,28.777,33.437,62,65
755189,dialect_malinino,"Вот Сашка с армии пришёл в восьмидесятом году, и тоже плохо было, даже спортивного костюма не было.",pas,было,201008c_pas.eaf,163.5,172.168,95,98
779650,dialect_malinino,"Мельница была, и в Хлевном была маслобойка, тоже потому.",agg,была,201008h_pas.eaf,85.034,93.882,10,13
908164,dialect_manturovo,"Где чего было, как было, как не было, - ничего не знают.",SNN1941,было,Serova1.eaf,210.495,215.848,10,13
926495,dialect_manturovo,Ж' и 'ш' звуков было преобладание.,SNN1941,было,Serova3.eaf,2073.622,2081.689,17,20
962323,dialect_middle_pinega,"Я вот выткала сей год у племянницы в Шардонеми вот когда, дак ей, у ей семь дорожек вот этих -то, себе -то я одну взяла уж только, лони у меня было четыре дорожки, дак отдала тоже племяннику две дорожки, ак себе -то только вот три и осталось, да.",NAT1899,было,A-0472.eaf,53.969,72.891,144,147
962496,dialect_middle_pinega,"Вместе, что ты, вечерянки сидели, да, ой, у нас= у нас весело было.",NAT1899,было,A-0472.eaf,129.075,136.267,63,66
962809,dialect_middle_pinega,"Раньше -то худо ведь было, лампочки маленькие какие-нибудь ещё засветят...",NAT1899,было,A-0472.eaf,261.129,268.545,22,25
962843,dialect_middle_pinega,Ведь не у всех же дролики были!,NAT1899,были,A-0472.eaf,282.376,285.604,27,30
962911,dialect_middle_pinega,"Дак мы это зимой -то ведь ей богу всю зиму, всю зиму вот эк ходим в ту деревню да в другую, что ты, возили, по гостям -то тогды, ещё шапочка была.",NAT1899,была,A-0472.eaf,290.14,311.742,142,145
963357,dialect_middle_pinega,Было тоже.,NAT1899,Было,A-0472.eaf,512.454,513.909,1,4
963455,dialect_middle_pinega,"Сёстры -то были, ведь они какие, ваши -то, в хоре -то наряжалися.",NAT1899,были,A-0472.eaf,558.738,572.765,12,15
963658,dialect_middle_pinega,"Весело было тогды -то да, мы старое -то всё поминаем, а теперь только жопами трясут, всё одна пляска.",NAT1899,было,A-0472.eaf,648.763,659.306,8,11
963700,dialect_middle_pinega,"У нас здесь в Карпове -то, говорят, было.",NAT1899,было,A-0472.eaf,665.207,674.09,37,40
963794,dialect_middle_pinega,"На санках, саночки маленькие были такие.",NAT1899,были,A-0472.eaf,711.903,727.776,30,33
963834,dialect_middle_pinega,"Чего больше, не= никакое не было!",NAT1899,было,A-0472.eaf,731.983,740.137,29,32
963857,dialect_middle_pinega,"Вот так -то что, ведь вот сами -то правда ведь и созывали тоже ведь, и всяко ведь было, кто...",NAT1899,было,A-0472.eaf,731.983,740.137,83,86
964054,dialect_middle_pinega,"Тоже греют самовар, у нас у меня пятнадцать женихов было на мене, да в=, правда, да не по одны же, да по два да по три раз еще приходили, ак тоже родителям -то тоже доставалось, девкам -то нелегко, тут всех, всех ведь надь угостить, а тот, который опять и что ведь, и не думаю, дак самовару не греть, самовар поворот да.",NAT1899,было,A-0472.eaf,826.625,853.492,53,56
964132,dialect_middle_pinega,"А и раньше еще было ведь и так, что и не спросят, а у нас спрашивали, нас -то родители спрашивали.",NAT1899,было,A-0472.eaf,855.41,865.72,16,19
964164,dialect_middle_pinega,у меня были.,NAT1899,были,A-0472.eaf,872.737,882.347,8,11
964170,dialect_middle_pinega,"Тата помер ещё я была на четырнадцатом, мама была больна, девятнадцать годов лежала.",NAT1899,была,A-0472.eaf,872.737,882.347,46,49
964175,dialect_middle_pinega,"Тата помер ещё я была на четырнадцатом, мама была больна, девятнадцать годов лежала.",NAT1899,была,A-0472.eaf,872.737,882.347,18,21
964187,dialect_middle_pinega,Четыре брата было.,NAT1899,было,A-0472.eaf,884.478,885.843,14,17
964370,dialect_middle_pinega,"А сюды пришла, этто у нас свекрова, экая была не ловкая.",NAT1899,была,A-0472.eaf,937.191,953.925,42,45
964398,dialect_middle_pinega,о две недели тянулось свадьба -то не была я ведь всё плакала.,NAT1899,была,A-0472.eaf,979.611,986.939,38,41
964956,dialect_middle_pinega,"Молодая -то была, дак ещё справлялась, а теперь ведь так",NAT1899,была,A-0472.eaf,1252.58,1262.19,13,16
965011,dialect_middle_pinega,"Была тут= Да, да.",NAT1899,Была,A-0472.eaf,1265.916,1283.912,1,4
965041,dialect_middle_pinega,Сейгод у меня мало было.,NAT1899,было,A-0472.eaf,1283.912,1297.643,20,23
965365,dialect_middle_pinega,"Что, ведь я была на одну ночь только у их.",NAT1899,была,A-0472.eaf,1440.318,1446.937,13,16
965484,dialect_middle_pinega,"За морошкой только ходила, а так не была.",NAT1899,была,A-0472.eaf,1510.954,1519.94,37,40
965864,dialect_middle_pinega,"Нет, малая была сейгод.",NAT1899,была,A-0472.eaf,1713.799,1720.207,12,15
965871,dialect_middle_pinega,"Лони да какая большая была вода -то, а сейгод худо.",NAT1899,была,A-0472.eaf,1713.799,1720.207,23,26
965906,dialect_middle_pinega,"Ой, когды леденица -то была, не знаю, каком году -то уж.",NAT1899,была,A-0472.eaf,1729.662,1734.937,24,27
966010,dialect_middle_pinega,"Сей год ведь вода тоже была заторная, о, сей год как мучилась река у нас там, беда.",NAT1899,была,A-0472.eaf,1764.061,1779.375,24,27
966231,dialect_middle_pinega,"Ак ведь молодая была, знаешь как, гоняли дак да.",NAT1899,была,A-0474.eaf,52.762,64.515,17,20
966359,dialect_middle_pinega,Тяжело же было.,NAT1899,было,A-0474.eaf,113.958,121.826,11,14
966363,dialect_middle_pinega,Народу не было.,NAT1899,было,A-0474.eaf,113.958,121.826,11,14
966482,dialect_middle_pinega,"Да, да, лишь бы война не была.",NAT1899,была,A-0474.eaf,169.893,179.904,26,29
966516,dialect_middle_pinega,Вот кабы уж не была эта война.,NAT1899,была,A-0474.eaf,194.982,197.641,16,19
966549,dialect_middle_pinega,"И в одном -то доме собраться, вот у нас этто у нас= у меня в Кевролы были племянник уж, племянники, а сколько их убило, четыре ле пять ле, быва, из одного дому.",NAT1899,были,A-0474.eaf,212.681,231.558,70,73
966576,dialect_middle_pinega,"Сколько их было тутотки - Мишка, вот этот дом, , Андрюшка, Антон...",NAT1899,было,A-0474.eaf,235.313,255.348,12,15
966636,dialect_middle_pinega,"Да мало их было, да да.",NAT1899,было,A-0474.eaf,261.466,290.449,12,15
966760,dialect_middle_pinega,"А больше никто, трое было у нас.",NAT1899,было,A-0474.eaf,354.073,355.864,22,25
966768,dialect_middle_pinega,Была у нас.,NAT1899,Была,A-0474.eaf,362.321,368.167,1,4
966781,dialect_middle_pinega,"Экая горбатая, Александра Васильевна, кабыть, она была хорошая.",NAT1899,была,A-0474.eaf,362.321,368.167,51,54
967293,dialect_middle_pinega,Уж я -то была ещё на двенадцатом.,NAT1899,была,A-0474.eaf,575.141,590.63,10,13
967349,dialect_middle_pinega,"Вот где вы были, ак вот тут и школа была.",NAT1899,были,A-0474.eaf,602.865,619.384,12,15
967356,dialect_middle_pinega,"Вот где вы были, ак вот тут и школа была.",NAT1899,была,A-0474.eaf,602.865,619.384,37,40
967667,dialect_middle_pinega,"Вот и у ей матерь была, сейгод померла, Татьяна -то, тоже вот экая была.",NAT1899,была,A-0474.eaf,770.74,776.95,68,71
967679,dialect_middle_pinega,"Вот и у ей матерь была, сейгод померла, Татьяна -то, тоже вот экая была.",NAT1899,была,A-0474.eaf,770.74,776.95,19,22
967691,dialect_middle_pinega,Ей уж семьдесят с чем -то было.,NAT1899,было,A-0474.eaf,778.144,784.547,27,30
967694,dialect_middle_pinega,Она была вот так.,NAT1899,была,A-0474.eaf,778.144,784.547,5,8
967916,dialect_middle_pinega,"Не было, их уж в той избы -то не было, не было.",NAT1899,было,A-0474.eaf,918.023,933.223,4,7
967925,dialect_middle_pinega,"Не было, их уж в той избы -то не было, не было.",NAT1899,было,A-0474.eaf,918.023,933.223,34,37
967928,dialect_middle_pinega,"Не было, их уж в той избы -то не было, не было.",NAT1899,было,A-0474.eaf,918.023,933.223,43,46
967979,dialect_middle_pinega,"Ой, так уж, да, да, страшно было.",NAT1899,было,A-0474.eaf,918.023,933.223,29,32
968022,dialect_middle_pinega,"Сейгод убило у нас, в тот год вот, ходили из садика, дети гуляли, на болоти у нас во этто здесь, и убило девушку, она работала тут вот, большая, жёнка была уж, и вот убило ей, насмерть.",NAT1899,была,A-0474.eaf,936.767,966.378,152,155
968035,dialect_middle_pinega,"Да-да, она была Немнюжская.",NAT1899,была,A-0474.eaf,936.767,966.378,12,15
968080,dialect_middle_pinega,"Да, в Кушкопалы опять тоже сидели, ведь вот тоже недавно вот это было, сидели под окном, праздник, верно, был, да вот молния -то и сверканула, дак ведь много повредило тут их, людей -то, дак всех зарывали в яму.",NAT1899,было,A-0474.eaf,972.784,989.977,66,69
968139,dialect_middle_pinega,Это недавно тоже было дело.,NAT1899,было,A-0474.eaf,990.77,1000.533,18,21
968182,dialect_middle_pinega,"Эво в Кевролы вот недавно ведь было, забыла, ударила молния -то на поветь, вот у меня веники теперь вот навешаны, я делала веники, да веники -то и загорели и, и вот не могли отнять, вся деревня сгорела.",NAT1899,было,A-0474.eaf,1011.231,1031.917,32,35
968231,dialect_middle_pinega,"А нет, это было, я еще была девкой, да, у меня у своих, вот тутотки свои были мне дак - сгорели.",NAT1899,было,A-0474.eaf,1033.319,1041.974,12,15
968235,dialect_middle_pinega,"А нет, это было, я еще была девкой, да, у меня у своих, вот тутотки свои были мне дак - сгорели.",NAT1899,была,A-0474.eaf,1033.319,1041.974,24,27
968248,dialect_middle_pinega,"А нет, это было, я еще была девкой, да, у меня у своих, вот тутотки свои были мне дак - сгорели.",NAT1899,были,A-0474.eaf,1033.319,1041.974,74,77
968312,dialect_middle_pinega,"Была связана где -то, говорят, около озера, а к озеру, говорят, ведь пуще она притягает.",NAT1899,Была,A-0474.eaf,1058.969,1071.196,1,4
968356,dialect_middle_pinega,И отошёл было нонче.,NAT1899,было,A-0474.eaf,1072.769,1082.237,10,13
968489,dialect_middle_pinega,Как не была!,NAT1899,была,A-0474.eaf,1132.736,1137.995,8,11
968841,dialect_middle_pinega,"А у его была щепа ле что ле, новый дом -то был, говорят, срублен.",NAT1899,была,A-0474.eaf,1258.524,1270.884,9,12
969373,dialect_middle_pinega,Мене ничего не было.,NAT1899,было,A-0474.eaf,1469.814,1471.108,16,19
969924,dialect_middle_pinega,"Он, как рассказывает, что ведь у его было, дак вот он помнит.",NAT1899,было,A-0474.eaf,1656.097,1669.257,38,41
970820,dialect_middle_pinega,"поедут за невестой там колько семь ли, восемь ли, девять ли человек, а ездят -то, в чёт -то не ездят, всё в лист, за столом -то чтобы, всё невесту берут и чтобы в чёт она была, парой чтобы уж была -то, не лишняя,",NFK1895,была,A-0475.eaf,217.538,235.359,193,196
970825,dialect_middle_pinega,"поедут за невестой там колько семь ли, восемь ли, девять ли человек, а ездят -то, в чёт -то не ездят, всё в лист, за столом -то чтобы, всё невесту берут и чтобы в чёт она была, парой чтобы уж была -то, не лишняя,",NFK1895,была,A-0475.eaf,217.538,235.359,172,175
971251,dialect_middle_pinega,"Да, церковь была.",NFK1895,была,A-0475.eaf,399.021,412.238,13,16
971426,dialect_middle_pinega,"У нас богу -то моленось было туда ко мне, у меня нету, ни братей, ни сестер не было, ≠одинака, дак туда, а я на рукобитьи -то попросилась, говорю, хошь десять дён ле неделю пожить и здесь, у еговых родителей,",NFK1895,было,A-0475.eaf,470.901,490.635,80,83
971441,dialect_middle_pinega,"У нас богу -то моленось было туда ко мне, у меня нету, ни братей, ни сестер не было, ≠одинака, дак туда, а я на рукобитьи -то попросилась, говорю, хошь десять дён ле неделю пожить и здесь, у еговых родителей,",NFK1895,было,A-0475.eaf,470.901,490.635,25,28
972497,dialect_middle_pinega,"Нет, нельзя было, не ели уж.",NFK1895,было,A-0475.eaf,1149.73,1155.544,13,16
972723,dialect_middle_pinega,"а в Радоницу, через неделю -то вот после Паски -то, боле тут накачаемся боле на качуле -то уж, конец, в Радоницу -то, ак тут за хорошее нарядятся, как не= не вышла река дак и в шапочках и в шёлковых шалях, а как вышла река, дак тут уж и и в летном, вот в маленьких шубках да, ране шубки не такие ведь, не пальта были дак, а шубы еще.",NFK1895,были,A-0475.eaf,1221.186,1250.568,313,316
973063,dialect_middle_pinega,"Короводы водили и и так и ходячими ходили, короводов -то меньше, на таких короводы -то пуще -то водили а, на вот не было, не было, только берёзу ломали к церкви вот как, у церкви, как церкви -то были когда, дак тогда на= принесут и кус= вичек -то вот да, нарубят, дак вот тут давали, а а что так -то - нет.",NFK1895,было,A-0475.eaf,1381.828,1413.309,126,129
973066,dialect_middle_pinega,"Короводы водили и и так и ходячими ходили, короводов -то меньше, на таких короводы -то пуще -то водили а, на вот не было, не было, только берёзу ломали к церкви вот как, у церкви, как церкви -то были когда, дак тогда на= принесут и кус= вичек -то вот да, нарубят, дак вот тут давали, а а что так -то - нет.",NFK1895,было,A-0475.eaf,1381.828,1413.309,117,120
973083,dialect_middle_pinega,"Короводы водили и и так и ходячими ходили, короводов -то меньше, на таких короводы -то пуще -то водили а, на вот не было, не было, только берёзу ломали к церкви вот как, у церкви, как церкви -то были когда, дак тогда на= принесут и кус= вичек -то вот да, нарубят, дак вот тут давали, а а что так -то - нет.",NFK1895,были,A-0475.eaf,1381.828,1413.309,196,199
973116,dialect_middle_pinega,"Нет, не было такого.",NFK1895,было,A-0475.eaf,1381.828,1413.309,9,12
973125,dialect_middle_pinega,"Не знаю, разве я не была ещё тогды.",NFK1895,была,A-0475.eaf,1413.309,1420.789,21,24
973140,dialect_middle_pinega,А при моих -то памятях не было.,NFK1895,было,A-0475.eaf,1413.309,1420.789,27,30
973351,dialect_middle_pinega,"вот как и не= не против среды, а против среды и против пятницы бы еще не были, тут и не знаю, почему -то не= старыми людями, уж ране было, и мы росли вот так же.",NFK1895,были,A-0475.eaf,1512.156,1527.772,74,77
973367,dialect_middle_pinega,"вот как и не= не против среды, а против среды и против пятницы бы еще не были, тут и не знаю, почему -то не= старыми людями, уж ране было, и мы росли вот так же.",NFK1895,было,A-0475.eaf,1512.156,1527.772,134,137
974009,dialect_middle_pinega,"Игнатий бывало с моей -то деревни, вот где я девкой -то была, ак Константинович и посмотрел накануне Нового году, перед Новым годом, гадали, посмотрел, ему повиделася шапочница, шапочница сидит вот, хомут -то стоит дак вот и в хомути -то ведь это полое место -то,",NFK1895,была,A-0475.eaf,1770.263,1791.459,57,60
974312,dialect_middle_pinega,"Тамо хошь братей -то тех у меня шесть было, а я одна была.",BAP1885,было,A-0476.eaf,79.383,104.68,39,42
974317,dialect_middle_pinega,"Тамо хошь братей -то тех у меня шесть было, а я одна была.",BAP1885,была,A-0476.eaf,79.383,104.68,54,57
974407,dialect_middle_pinega,"Да и смолоду ещё я носила часто, у меня деветеро было их всех -то.",BAP1885,было,A-0476.eaf,106.663,120.846,50,53
975154,dialect_middle_pinega,Зимой было.,BAP1885,было,A-0476.eaf,341.587,350.334,7,10
975858,dialect_middle_pinega,"Не знаю, вот помнила всё годы -то, ведь у меня были парные годы всё.",BAP1885,были,A-0476.eaf,563.465,572.128,48,51
977037,dialect_middle_pinega,Бумага эта раньше была такая продавалась этто красная.,NAT1899,была,A-0476.eaf,1005.978,1010.207,19,22
977094,dialect_middle_pinega,"У нас ведь много было дела, не знаю.",NAT1899,было,A-0476.eaf,1095.181,1112.834,18,21
977175,dialect_middle_pinega,"Бывае, удить ушёл ле или вы были?",NAT1899,были,A-0476.eaf,1148.783,1153.981,29,32
977668,dialect_middle_pinega,"У меня не бывало, да ране -то были с чего -то вши.",Others,были,A-0476.eaf,1357.699,1360.218,31,34
977703,dialect_middle_pinega,"Вот пришли, я девкой -то была, дак и всё старухи -то придут, ну-ка, скажут, поищи голову.",Others,была,A-0476.eaf,1361.821,1370.293,26,29
977853,dialect_middle_pinega,"И всё ездим, и всё время было.",NAT1899,было,A-0476.eaf,1434.413,1439.655,26,29
978158,dialect_middle_pinega,"Да, да, так было у нас.",NAT1899,было,A-0476.eaf,1608.313,1622.596,13,16
978181,dialect_middle_pinega,Весело было.,NAT1899,было,A-0476.eaf,1623.375,1639.958,8,11
978285,dialect_middle_pinega,Вот игры только тогда те и были - всё ходячима ходили.,NAT1899,были,A-0476.eaf,1668.839,1683.275,28,31
978365,dialect_middle_pinega,Вот какая игра раньше была вот.,NAT1899,была,A-0476.eaf,1695.848,1709.231,23,26
978399,dialect_middle_pinega,"Вино же было, было-было вино.",NAT1899,было,A-0476.eaf,1722.58,1748.794,9,12
978401,dialect_middle_pinega,"Вино же было, было-было вино.",NAT1899,было,A-0476.eaf,1722.58,1748.794,15,18
978403,dialect_middle_pinega,"Вино же было, было-было вино.",NAT1899,было,A-0476.eaf,1722.58,1748.794,20,23
978562,dialect_middle_pinega,"Я помню, хоть и в детстве было.",EAE1895,было,A-0476.eaf,1822.019,1825.924,27,30
978614,dialect_middle_pinega,Ак вот шестнадцати ещё было дак.,Others,было,A-0476.eaf,1847.14,1848.867,24,27
978792,dialect_middle_pinega,"Только когды не было, война -то была, дак тогды делали из травы, да корень копали, вот я забыла, как его, теперечка.",EAE1895,было,A-0476.eaf,1954.763,1972.011,17,20
978797,dialect_middle_pinega,"Только когды не было, война -то была, дак тогды делали из травы, да корень копали, вот я забыла, как его, теперечка.",EAE1895,была,A-0476.eaf,1954.763,1972.011,92,95
979255,dialect_middle_pinega,Тогды -то без жениха были.,EAE1895,были,A-0476.eaf,2153.766,2173.269,22,25
979584,dialect_middle_pinega,"К венцу, тамотки, что я вот в шапочке дак шапочку сняли, тут и ещё не= не у кого этто не было, у меня ленты это, банты наложили и, а ведь к венцу приедешь, шесть мет= шесть аршин портно постелют, да на это вот и портно -то станем потом и.",EAE1895,было,A-0476.eaf,2275.243,2300.046,90,93
979908,dialect_middle_pinega,Ругливая была.,EAE1895,была,A-0476.eaf,2407.761,2410.547,10,13
979994,dialect_middle_pinega,"Тетам и= а этто вот померла тоже уж, много знала да померла она, дак тут мне рассказывали, ну всё-ко Кирилловна знает, сказки -то да всё, были ли вы?",EAE1895,были,A-0476.eaf,2434.239,2447.881,139,142
980421,dialect_middle_pinega,Так же вот и на свадьбу было.,EAE1895,было,A-0476.eaf,2623.048,2633.334,25,28
981395,dialect_middle_pinega,"Ты была ле тамотки, Лидия, - говорю, - на этом, врачи -то проверяли икотницу -то, икотника -то?' Говорит, как, говорит, не была, тут вот ещё сидела.",VAG1915,была,Д84_21_Лавела_Занаволок.eaf,226.697,237.695,4,7
981428,dialect_middle_pinega,"Ты была ле тамотки, Лидия, - говорю, - на этом, врачи -то проверяли икотницу -то, икотника -то?' Говорит, как, говорит, не была, тут вот ещё сидела.",VAG1915,была,Д84_21_Лавела_Занаволок.eaf,226.697,237.695,124,127
981680,dialect_middle_pinega,"Да чего, сама не знаю ле только, думаю, ещё бы хоть оправиться, тяжело тогды было болела дак.",VAG1915,было,Д84_21_Лавела_Занаволок.eaf,288.898,296.124,78,81
982029,dialect_middle_pinega,А вот было эко -то.,VAG1915,было,Д84_21_Лавела_Занаволок.eaf,362.37,374.218,7,10
982037,dialect_middle_pinega,"Я ведь верующая была девкой -то, беда, как верила богу -то, всё Начало клала каждую ночь, на каждую ночь, всё уж молилась.",VAG1915,была,Д84_21_Лавела_Занаволок.eaf,374.218,385.678,17,20
982391,dialect_middle_pinega,"Божницы -то ране специальные были, это я так, полочку, большая бы ещё комната дак, ничего ведь не делала, это уж без мужиков тут, всё иконы -то дак, никакой божницы у меня нету, так, тут стоит зря. так поставила.",VAG1915,были,Д84_21_Лавела_Занаволок.eaf,493.182,510.862,30,33
983166,dialect_middle_pinega,"Ходила, ак у нас не было ж= желчь надь бы, говорят, ещё, дак нету желчи в этой больницы -то.",VAG1915,было,Д84_21_Лавела_Занаволок.eaf,724.748,739.448,21,24
983199,dialect_middle_pinega,"Ак вот не знаю, уже, бывает и, нынче Ступина -то была, а говорит, тоже, говорит, я съезжу в Суру, быват, говорит, и достану, дак вот надь сходить уже к ей, быва, и достала.",VAG1915,была,Д84_21_Лавела_Занаволок.eaf,739.448,753.455,50,53
983360,dialect_middle_pinega,"Это у меня мамина, такая была бисером, экая же вот была тоже кисть -то большая, у ей другая была экая.",VAG1915,была,Д84_21_Лавела_Занаволок.eaf,787.116,792.007,26,29
983366,dialect_middle_pinega,"Это у меня мамина, такая была бисером, экая же вот была тоже кисть -то большая, у ей другая была экая.",VAG1915,была,Д84_21_Лавела_Занаволок.eaf,787.116,792.007,52,55
983376,dialect_middle_pinega,"Это у меня мамина, такая была бисером, экая же вот была тоже кисть -то большая, у ей другая была экая.",VAG1915,была,Д84_21_Лавела_Занаволок.eaf,787.116,792.007,93,96
983383,dialect_middle_pinega,"Эк вот= Это вот была кисть, вот экая же была кисть, у ей серебрянная, то было белое серебро, красивая была, снова -то привёз отец.",VAG1915,была,Д84_21_Лавела_Занаволок.eaf,795.138,814.732,17,20
983389,dialect_middle_pinega,"Эк вот= Это вот была кисть, вот экая же была кисть, у ей серебрянная, то было белое серебро, красивая была, снова -то привёз отец.",VAG1915,была,Д84_21_Лавела_Занаволок.eaf,795.138,814.732,41,44
983397,dialect_middle_pinega,"Эк вот= Это вот была кисть, вот экая же была кисть, у ей серебрянная, то было белое серебро, красивая была, снова -то привёз отец.",VAG1915,было,Д84_21_Лавела_Занаволок.eaf,795.138,814.732,74,77
983402,dialect_middle_pinega,"Эк вот= Это вот была кисть, вот экая же была кисть, у ей серебрянная, то было белое серебро, красивая была, снова -то привёз отец.",VAG1915,была,Д84_21_Лавела_Занаволок.eaf,795.138,814.732,103,106
983417,dialect_middle_pinega,"А это мене привёз, это всё было у мене в бисере, ишь, вот всё это было в бисере.",VAG1915,было,Д84_21_Лавела_Занаволок.eaf,795.138,814.732,28,31
983428,dialect_middle_pinega,"А это мене привёз, это всё было у мене в бисере, ишь, вот всё это было в бисере.",VAG1915,было,Д84_21_Лавела_Занаволок.eaf,795.138,814.732,67,70
983453,dialect_middle_pinega,"Это ступешки всё был бисер, все ступешки, по сту ступешков было на листовке.",VAG1915,было,Д84_21_Лавела_Занаволок.eaf,795.138,814.732,60,63
983597,dialect_middle_pinega,"Мама это всё родимая, коли и была эта баска основа -то, я помню, а тепере уж всё.",VAG1915,была,Д84_21_Лавела_Занаволок.eaf,858.475,864.903,30,33
983639,dialect_middle_pinega,"Он тогды привёз у нас сколько, пять, было листовок.",VAG1915,было,Д84_21_Лавела_Занаволок.eaf,875.783,896.138,38,41
983650,dialect_middle_pinega,"Ак я вот эту разорила ведь, новенькая была да красивая, до чего была баской.",VAG1915,была,Д84_21_Лавела_Занаволок.eaf,875.783,896.138,65,68
983656,dialect_middle_pinega,"Ак я вот эту разорила ведь, новенькая была да красивая, до чего была баской.",VAG1915,была,Д84_21_Лавела_Занаволок.eaf,875.783,896.138,39,42
983695,dialect_middle_pinega,"Было -то, дак я ведь годов десяти была, эти были привезёны.",VAG1915,Было,Д84_21_Лавела_Занаволок.eaf,908.612,913.5,1,4
983704,dialect_middle_pinega,"Было -то, дак я ведь годов десяти была, эти были привезёны.",VAG1915,была,Д84_21_Лавела_Занаволок.eaf,908.612,913.5,35,38
983707,dialect_middle_pinega,"Было -то, дак я ведь годов десяти была, эти были привезёны.",VAG1915,были,Д84_21_Лавела_Занаволок.eaf,908.612,913.5,45,48
983944,dialect_middle_pinega,Вот это вот шкатулки ранее это были.,VAG1915,были,Д84_21_Лавела_Занаволок.eaf,1014.574,1028.315,32,35
983958,dialect_middle_pinega,"Порато ж были красивые смолода -то, страсть были баские.",VAG1915,были,Д84_21_Лавела_Занаволок.eaf,1014.574,1028.315,45,48
983965,dialect_middle_pinega,"Порато ж были красивые смолода -то, страсть были баские.",VAG1915,были,Д84_21_Лавела_Занаволок.eaf,1014.574,1028.315,10,13
983973,dialect_middle_pinega,"Ак то это ещё мати была маленькая была, было дак.",VAG1915,была,Д84_21_Лавела_Занаволок.eaf,1014.574,1028.315,35,38
983975,dialect_middle_pinega,"Ак то это ещё мати была маленькая была, было дак.",VAG1915,была,Д84_21_Лавела_Занаволок.eaf,1014.574,1028.315,20,23
983977,dialect_middle_pinega,"Ак то это ещё мати была маленькая была, было дак.",VAG1915,было,Д84_21_Лавела_Занаволок.eaf,1014.574,1028.315,41,44
984207,dialect_middle_pinega,Вот это моя была работа.,VAG1915,была,Д84_21_Лавела_Занаволок.eaf,1110.74,1117.033,13,16
984369,dialect_middle_pinega,Свадьба была -то.,VAG1915,была,Д84_21_Лавела_Занаволок.eaf,1177.358,1191.035,9,12
984480,dialect_middle_pinega,"Из байны, так -то, так -то, из байны -то я не знаю, загорают ле нет ле, а так -то всё загорают, баские -то дни были дак.",VAG1915,были,Д84_21_Лавела_Занаволок.eaf,1214.902,1230.861,112,115
984518,dialect_middle_pinega,"Этто вот на свадьбу -то приезжали, их много было, дак они всё тут на остров каждый день ездили да, мужики -то те поплывут а.",VAG1915,было,Д84_21_Лавела_Занаволок.eaf,1230.861,1241.224,45,48
984788,dialect_middle_pinega,"У ей мати -то горбатая-горбатая, была маленькая, да.",YaTYaXXXX,была,Д84_21_Лавела_Занаволок.eaf,1964.832,1979.071,34,37
984888,dialect_middle_pinega,"Ишь ты, батька, ишь ты, Ванька, да, полно -то и ходить -то!' А я давно, уж много годов ведь была -то, там жила -то, да ведь ещё чего.",YaTYaXXXX,была,Д84_21_Лавела_Занаволок.eaf,1979.071,1997.122,93,96
984965,dialect_middle_pinega,"Говорит, то была с мужиком -то, у него работа на тракторе, да, ак была здесь, приходила, мы тут косили ле куды ле ходили тоже, ишь, егожили эти да, гребли, сворочали, наверное, тут где -то там у кого ле или куды ле ещё.",YaTYaXXXX,была,Д84_21_Лавела_Занаволок.eaf,2027.632,2049.256,13,16
984980,dialect_middle_pinega,"Говорит, то была с мужиком -то, у него работа на тракторе, да, ак была здесь, приходила, мы тут косили ле куды ле ходили тоже, ишь, егожили эти да, гребли, сворочали, наверное, тут где -то там у кого ле или куды ле ещё.",YaTYaXXXX,была,Д84_21_Лавела_Занаволок.eaf,2027.632,2049.256,67,70
985192,dialect_middle_pinega,"И вот и вырастила, да продала, дак вот и купила две -то избы было здесь, да, на этом месте.",YaTYaXXXX,было,Д84_21_Лавела_Занаволок.eaf,2095.206,2108.76,62,65
985212,dialect_middle_pinega,"А там где-ка ручей переходить, так я там жила было, у меня первый дом там был.",YaTYaXXXX,было,Д84_21_Лавела_Занаволок.eaf,2095.206,2108.76,47,50
985890,dialect_middle_pinega,"Молоко возила и где только не была тоже, на выгонке была и.",YaTYaXXXX,была,Д84_21_Лавела_Занаволок.eaf,2436.248,2442.187,53,56
985895,dialect_middle_pinega,"Молоко возила и где только не была тоже, на выгонке была и.",YaTYaXXXX,была,Д84_21_Лавела_Занаволок.eaf,2436.248,2442.187,31,34
985927,dialect_middle_pinega,"У меня кроликов -то всех тут сдавала на мясо да, эва кычек кормила, да, козы были, потом опять телят еще.",YaTYaXXXX,были,Д84_21_Лавела_Занаволок.eaf,2444.768,2464.411,78,81
986249,dialect_middle_pinega,"В котлах, да, тут вот недавно у нас тутоки была такое у меня дедка варил пиво -то, да.",YaTYaXXXX,была,Д84_21_Лавела_Занаволок.eaf,2566.998,2576.378,44,47
986873,dialect_middle_pinega,Базары -то у нас не были.,YaTYaXXXX,были,Д84_21_Лавела_Занаволок.eaf,2821.734,2823.639,21,24
987075,dialect_middle_pinega,"Да, раньше -то, что это, до войны, наверное, ещё было ле что ле, не знаю.",YaTYaXXXX,было,Д84_21_Лавела_Занаволок.eaf,2884.379,2895.631,50,53
987144,dialect_middle_pinega,"И церковь была, да, да.",YaTYaXXXX,была,Д84_21_Лавела_Занаволок.eaf,2896.387,2916.175,11,14
987429,dialect_middle_pinega,"Раньше -то, говорят, раньше -то что, да попы тут, раньше ведь что, церква была ведь.",YaTYaXXXX,была,Д84_21_Лавела_Занаволок.eaf,3007.611,3013.196,75,78
987497,dialect_middle_pinega,Когда церква была!,YaTYaXXXX,была,Д84_21_Лавела_Занаволок.eaf,3034.303,3040.934,14,17
987501,dialect_middle_pinega,Когда церква была.,YaTYaXXXX,была,Д84_21_Лавела_Занаволок.eaf,3034.303,3040.934,14,17
988251,dialect_middle_pinega,А из конопля там опять надь было кабота да так всё это работки тоже.,RMK1908,было,Д84_25_Лавела_Явзора.eaf,43.623,47.635,29,32
988355,dialect_middle_pinega,"Ой, как раньше трудно жить -то было.",RMK1908,было,Д84_25_Лавела_Явзора.eaf,70.007,86.777,32,35
988360,dialect_middle_pinega,"Ужас, трудно было раньше жить - всё это надь было наделать.",RMK1908,было,Д84_25_Лавела_Явзора.eaf,70.007,86.777,14,17
988367,dialect_middle_pinega,"Ужас, трудно было раньше жить - всё это надь было наделать.",RMK1908,было,Д84_25_Лавела_Явзора.eaf,70.007,86.777,46,49
988428,dialect_middle_pinega,Это что за беда была.,RMK1908,была,Д84_25_Лавела_Явзора.eaf,104.695,112.548,17,20
988543,dialect_middle_pinega,"А годы -то ушли уж бывает, глазах -то= глаз -то нет, как глаза -то были, ак что бы еще.",RMK1908,были,Д84_25_Лавела_Явзора.eaf,141.818,145.245,68,71
988687,dialect_middle_pinega,"Не знаю уж, откуда они эти были, тоже как турист.",RMK1908,были,Д84_25_Лавела_Явзора.eaf,224.78,232.617,28,31
988903,dialect_middle_pinega,"Ак вот раньше много -то и надо, надо было много -то конопляных -то каботов - почему, потому что а вот страдные.",RMK1908,было,Д84_25_Лавела_Явзора.eaf,322.46,337.558,38,41
988959,dialect_middle_pinega,"У нас мама, у нас большая семья -то была, мама -то где жила дак, знаешь, ак вот стирать -то надь белое -то найти было, чтобы опять чистое белое было.",RMK1908,была,Д84_25_Лавела_Явзора.eaf,337.558,348.981,37,40
988981,dialect_middle_pinega,"У нас мама, у нас большая семья -то была, мама -то где жила дак, знаешь, ак вот стирать -то надь белое -то найти было, чтобы опять чистое белое было.",RMK1908,было,Д84_25_Лавела_Явзора.eaf,337.558,348.981,145,148
988987,dialect_middle_pinega,"У нас мама, у нас большая семья -то была, мама -то где жила дак, знаешь, ак вот стирать -то надь белое -то найти было, чтобы опять чистое белое было.",RMK1908,было,Д84_25_Лавела_Явзора.eaf,337.558,348.981,114,117
988995,dialect_middle_pinega,"Раньше ведь не было, раньше после бани оденут, набивали, знаешь, там краской такой дак, после бани оденут набивные на выходное -то.",RMK1908,было,Д84_25_Лавела_Явзора.eaf,350.756,367.778,16,19
989071,dialect_middle_pinega,Ничего не было раньше.,RMK1908,было,Д84_25_Лавела_Явзора.eaf,380.346,387.73,11,14
989088,dialect_middle_pinega,"Ох, у нас мамы- как досталось, у ней всё равно сколько было мужиков, своя семья потом пошла.",RMK1908,было,Д84_25_Лавела_Явзора.eaf,380.346,387.73,56,59
989099,dialect_middle_pinega,"Ак раньше так было - тут молотят, чего родится, навоз возить надь, куделя ведь сперва, куделю чистить надь, ещё бы придут домой -то, ещё скота двор надь обрядить.",RMK1908,было,Д84_25_Лавела_Явзора.eaf,387.73,398.143,15,18
989347,dialect_middle_pinega,"Я не выйду, а как же не выйти, хошь как, а совести -то ведь нету, мы бывало были, я уж на пенсии, уж тоже на пенсии, ак ходим, репы насеют дак, репу -то знаешь, рвём ходим всема силами, помогаем.",RMK1908,были,Д84_25_Лавела_Явзора.eaf,445.521,461.088,77,80
989425,dialect_middle_pinega,"У них -то не . Сейчас ещё боле не сеют, это раньше -то было.",RMK1908,было,Д84_25_Лавела_Явзора.eaf,463.009,472.428,56,59
989449,dialect_middle_pinega,"Я -то что, я и в совхозе= и в колхозе не была, и в совхозе не была, но было в поле не пойдёшь, как корову, была сестра ещё вот дак, и с коровушками да за травку не пустят, поневоле идёшь на работу.",RMK1908,была,Д84_25_Лавела_Явзора.eaf,472.428,483.479,42,45
989455,dialect_middle_pinega,"Я -то что, я и в совхозе= и в колхозе не была, и в совхозе не была, но было в поле не пойдёшь, как корову, была сестра ещё вот дак, и с коровушками да за травку не пустят, поневоле идёшь на работу.",RMK1908,была,Д84_25_Лавела_Явзора.eaf,472.428,483.479,63,66
989458,dialect_middle_pinega,"Я -то что, я и в совхозе= и в колхозе не была, и в совхозе не была, но было в поле не пойдёшь, как корову, была сестра ещё вот дак, и с коровушками да за травку не пустят, поневоле идёшь на работу.",RMK1908,было,Д84_25_Лавела_Явзора.eaf,472.428,483.479,72,75
989467,dialect_middle_pinega,"Я -то что, я и в совхозе= и в колхозе не была, и в совхозе не была, но было в поле не пойдёшь, как корову, была сестра ещё вот дак, и с коровушками да за травку не пустят, поневоле идёшь на работу.",RMK1908,была,Д84_25_Лавела_Явзора.eaf,472.428,483.479,108,111
990006,dialect_middle_pinega,"К прялке привяжем, у меня прялка -то была, да этто были тоже из откуда, так я отдала им, не знаю, откуда -то там было.",RMK1908,была,Д84_25_Лавела_Явзора.eaf,662.702,673.131,38,41
990010,dialect_middle_pinega,"К прялке привяжем, у меня прялка -то была, да этто были тоже из откуда, так я отдала им, не знаю, откуда -то там было.",RMK1908,были,Д84_25_Лавела_Явзора.eaf,662.702,673.131,52,55
990027,dialect_middle_pinega,"К прялке привяжем, у меня прялка -то была, да этто были тоже из откуда, так я отдала им, не знаю, откуда -то там было.",RMK1908,было,Д84_25_Лавела_Явзора.eaf,662.702,673.131,114,117
990030,dialect_middle_pinega,Зарная была прялка -то.,RMK1908,была,Д84_25_Лавела_Явзора.eaf,662.702,673.131,8,11
990173,dialect_middle_pinega,"Набёлка ещё раньше была, ещё когды сожгала.",RMK1908,была,Д84_25_Лавела_Явзора.eaf,718.018,729.07,20,23
990228,dialect_middle_pinega,"У меня в том доме, дак сгорели, а в этом доме не= они нету их, не= были ле, не были, не знаю.",RMK1908,были,Д84_25_Лавела_Явзора.eaf,732.466,749.082,80,83
990232,dialect_middle_pinega,"У меня в том доме, дак сгорели, а в этом доме не= они нету их, не= были ле, не были, не знаю.",RMK1908,были,Д84_25_Лавела_Явзора.eaf,732.466,749.082,68,71
990468,dialect_middle_pinega,"И вот, знаешь, и только боле вот всё это раньше -то этаки не было, со дровами -то я много пилила раньше, а теперь кабыть теперь -то по дровам, так можно ещё бы жить -то.",RMK1908,было,Д84_25_Лавела_Явзора.eaf,810.987,826.888,62,65
991093,dialect_middle_pinega,"Как операцию сделали, у меня сперва такая была катаракта, а потом пр= приехали, давленье высокое, дак у меня, знаешь, парализовало глаз -то, сделалась глаукома, ак ведь ничего нельзя делать -то, как глаукома -то дак.",RMK1908,была,Д84_25_Лавела_Явзора.eaf,996.037,1010.275,43,46
991277,dialect_middle_pinega,"А у меня сестра двоюродная была, тоже слепая, она тридцати годов ослепла.",RMK1908,была,Д84_25_Лавела_Явзора.eaf,1033.721,1051.73,28,31
991383,dialect_middle_pinega,"Из военкомата когды была тут, как жисть, что жисть моя уж, наведываются ездят, я говорю, инвалидность надь, столько годов бы а, знаешь, места -то не будет.",RMK1908,была,Д84_25_Лавела_Явзора.eaf,1082.883,1106.585,21,24
991552,dialect_middle_pinega,"Много там жила, водилась с ребёнком было дак.",RMK1908,было,Д84_25_Лавела_Явзора.eaf,1130.405,1141.935,37,40
991582,dialect_middle_pinega,"У меня ведь были роды, шестой месяц шёл дак.",RMK1908,были,Д84_25_Лавела_Явзора.eaf,1150.234,1166.705,13,16
991592,dialect_middle_pinega,"Два мальчика было, да что.",RMK1908,было,Д84_25_Лавела_Явзора.eaf,1150.234,1166.705,14,17
991611,dialect_middle_pinega,С той поры не было боле.,RMK1908,было,Д84_25_Лавела_Явзора.eaf,1150.234,1166.705,15,18
991620,dialect_middle_pinega,В тридцать пятом году ещё это было.,RMK1908,было,Д84_25_Лавела_Явзора.eaf,1150.234,1166.705,31,34
991627,dialect_middle_pinega,Уж какие бы уж дети были.,RMK1908,были,Д84_25_Лавела_Явзора.eaf,1150.234,1166.705,21,24
991689,dialect_middle_pinega,"Раньше всё там леспромхоз, контора тут была и это, лесопункт, не леспромхоз.",RMK1908,была,Д84_25_Лавела_Явзора.eaf,1192.873,1210.043,40,43
991700,dialect_middle_pinega,"Там почта была, там была, а сейчас всё там на Холму.",RMK1908,была,Д84_25_Лавела_Явзора.eaf,1192.873,1210.043,21,24
991703,dialect_middle_pinega,"Там почта была, там была, а сейчас всё там на Холму.",RMK1908,была,Д84_25_Лавела_Явзора.eaf,1192.873,1210.043,11,14
991834,dialect_middle_pinega,"В Архангельске была, ак разве видно отсюда?",RMK1908,была,Д84_25_Лавела_Явзора.eaf,1275.528,1281.294,16,19
991841,dialect_middle_pinega,Была бывало и у Чёрного моря.,RMK1908,Была,Д84_25_Лавела_Явзора.eaf,1282.968,1285.252,1,4
991998,dialect_middle_pinega,Да и всё равно было.,RMK1908,было,Д84_25_Лавела_Явзора.eaf,1336.448,1351.813,16,19
992006,dialect_middle_pinega,Поневоле уйдешь из деревни -то было.,RMK1908,было,Д84_25_Лавела_Явзора.eaf,1336.448,1351.813,32,35
992278,dialect_middle_pinega,"Такие доски эти вылетают-вылетают, дак так палец разовало было, ушла на больничный.",RMK1908,было,Д84_25_Лавела_Явзора.eaf,1425.368,1446.117,59,62
992330,dialect_middle_pinega,"В тридцать девятом году, тоггда ведь тоже война была. финская -то, тогда муж тоже был на войне дак.",RMK1908,была,Д84_25_Лавела_Явзора.eaf,1446.117,1462.729,49,52
992374,dialect_middle_pinega,"Я тоже, ничего мне -то там как бы= был там меня еще позаставили уж там токо где дак, сколько рубильников, что тогды память -то хорошая была, надь узнать какие рубильники, например, включать да.",RMK1908,была,Д84_25_Лавела_Явзора.eaf,1462.729,1478.722,136,139
992391,dialect_middle_pinega,А надь сидеть -то было по восемь часов.,RMK1908,было,Д84_25_Лавела_Явзора.eaf,1462.729,1478.722,19,22
992699,dialect_middle_pinega,"В лесу брожу, ягоды ношу, да грибы, да всё за мной было, да.",RMK1908,было,Д84_25_Лавела_Явзора.eaf,1544.695,1564.492,52,55
992763,dialect_middle_pinega,"Ой, было времечко.",RMK1908,было,Д84_25_Лавела_Явзора.eaf,1582.828,1590.526,5,8
992770,dialect_middle_pinega,"Это всё же надь было пережить, не всё же хорошо, да и всё= всё удачно.",RMK1908,было,Д84_25_Лавела_Явзора.eaf,1582.828,1590.526,17,20
992791,dialect_middle_pinega,"Ну я ещё дородно, в столовой была, голодная -то не была, ещё на дорогу сухарей насушила.",RMK1908,была,Д84_25_Лавела_Явзора.eaf,1597.748,1602.463,52,55
992796,dialect_middle_pinega,"Ну я ещё дородно, в столовой была, голодная -то не была, ещё на дорогу сухарей насушила.",RMK1908,была,Д84_25_Лавела_Явзора.eaf,1597.748,1602.463,30,33
992844,dialect_middle_pinega,"Директорша -то эта спрашивает, заведующая -то столовой, женщина была, говорит: 'Чего, Дунька, уезжаешь?' - 'Ак хлеба мало - дак то'.",RMK1908,была,Д84_25_Лавела_Явзора.eaf,1611.861,1628.365,65,68
992939,dialect_middle_pinega,"Бомбили, тоже бомбили, было тоже.",RMK1908,было,Д84_25_Лавела_Явзора.eaf,1643.303,1653.711,24,27
992950,dialect_middle_pinega,"А это, еще, надь было маскировать -то, как эта надоела маскировка -то, экое бедовое дело, то пуще -то всего.",RMK1908,было,Д84_25_Лавела_Явзора.eaf,1643.303,1653.711,18,21
993021,dialect_middle_pinega,"Вот это всех хуже маскировка -то была, дак как уж надоела.",RMK1908,была,Д84_25_Лавела_Явзора.eaf,1653.711,1672.613,34,37
993036,dialect_middle_pinega,"Чего раньше -то этто жить -то было, что.",RMK1908,было,Д84_25_Лавела_Явзора.eaf,1677.309,1699.977,31,34
993041,dialect_middle_pinega,"Всяко было, вот и...",RMK1908,было,Д84_25_Лавела_Явзора.eaf,1677.309,1699.977,7,10
993453,dialect_middle_pinega,"Всё дожди, всё дожди сейчас, а было время у нас дак так сколько время дождёв -то не было, всё засохло было на полях -то.",RMK1908,было,Д84_25_Лавела_Явзора.eaf,1856.99,1863.233,32,35
993465,dialect_middle_pinega,"Всё дожди, всё дожди сейчас, а было время у нас дак так сколько время дождёв -то не было, всё засохло было на полях -то.",RMK1908,было,Д84_25_Лавела_Явзора.eaf,1856.99,1863.233,85,88
993469,dialect_middle_pinega,"Всё дожди, всё дожди сейчас, а было время у нас дак так сколько время дождёв -то не было, всё засохло было на полях -то.",RMK1908,было,Д84_25_Лавела_Явзора.eaf,1856.99,1863.233,103,106
993544,dialect_middle_pinega,"Вот этот лес -то под низ -то нарубили да переводы -то новые положили, да потолок снова заменили, потолочины были выпали уж.",XKX1908,были,Д84_27_Нюхча_Пинежск.eaf,45.181,53.033,109,112
993669,dialect_middle_pinega,"Она долго не была похоронная -то, он без вести погиб этам.",XKX1908,была,Д84_27_Нюхча_Пинежск.eaf,101.382,110.334,14,17
993682,dialect_middle_pinega,Долго не была.,XKX1908,была,Д84_27_Нюхча_Пинежск.eaf,101.382,110.334,10,13
993707,dialect_middle_pinega,"А вот похоронная -то пришла, ак свекровка была дак, отдала ней, там с деверем -то живёт, попросила, говорит, всё равно у тебя детей нету, тебе пенсия не пойдёт, отдай мне похоронную -то, мене хоть пенсия поёдёт - я отдала похоронную -то ней.",XKX1908,была,Д84_27_Нюхча_Пинежск.eaf,110.334,134.045,43,46
993773,dialect_middle_pinega,"И ничего не соврала, всё, как было вот у меня и всё.",XKX1908,было,Д84_27_Нюхча_Пинежск.eaf,134.045,138.812,31,34
993789,dialect_middle_pinega,"Дак мужа убили, и от матери осталась маленькая была и.",XKX1908,была,Д84_27_Нюхча_Пинежск.eaf,141.178,168.047,48,51
993800,dialect_middle_pinega,"Я говорю, ни с чем счастья не было, ишь-ко.",XKX1908,было,Д84_27_Нюхча_Пинежск.eaf,141.178,168.047,31,34
994019,dialect_middle_pinega,А вот два сына у него на войны -то были.,XKX1908,были,Д84_27_Нюхча_Пинежск.eaf,234.2,252.157,36,39
994233,dialect_middle_pinega,"Но ты -то колько было, а сейчас ведь нету.",XKX1908,было,Д84_27_Нюхча_Пинежск.eaf,343.631,365.462,18,21
994290,dialect_middle_pinega,"Да какое, раньше так было.",IEAXXXX,было,Д84_27_Нюхча_Пинежск.eaf,364.655,375.531,22,25
994310,dialect_middle_pinega,"Душевые, душевые поля были, на душах.",IEAXXXX,были,Д84_27_Нюхча_Пинежск.eaf,375.531,389.139,23,26
994427,dialect_middle_pinega,Ак вот худо было.,IEAXXXX,было,Д84_27_Нюхча_Пинежск.eaf,418.346,431.448,13,16
994711,dialect_middle_pinega,"Запомнила ведь - когды пошла вот этот, землю -то, совхоз -то, в кольком, коммуна -то началась у нас, у нас ведь коммуна была еще.",IEAXXXX,была,Д84_27_Нюхча_Пинежск.eaf,511.136,522.505,121,124
994758,dialect_middle_pinega,"И жили коммунально, вместях семьи жили, насдавали, хлеб был, да всё было, дак коммуна= коммуна хорошая была, хорошо жили.",IEAXXXX,было,Д84_27_Нюхча_Пинежск.eaf,536.456,557.862,69,72
994764,dialect_middle_pinega,"И жили коммунально, вместях семьи жили, насдавали, хлеб был, да всё было, дак коммуна= коммуна хорошая была, хорошо жили.",IEAXXXX,была,Д84_27_Нюхча_Пинежск.eaf,536.456,557.862,104,107
994953,dialect_middle_pinega,"Дак ведь не знаю кто, вот чужие тоже, быват, приезжие, ведь не свои же одны выдумали, что коммуну вот, тоже так аги= агитировали тоже, что коммуна, коммуну надь, дак вот и согласились коммуну устроить, так скота совместили, тут были тоже особые доярки, особые пекаря хлеб пекли, столовые были, так тоже хорошо ведь и смешно, что так уж хорошо, да коммунарки да коммунарки да.",IEAXXXX,были,Д84_27_Нюхча_Пинежск.eaf,595.251,629.549,289,292
994964,dialect_middle_pinega,"Дак ведь не знаю кто, вот чужие тоже, быват, приезжие, ведь не свои же одны выдумали, что коммуну вот, тоже так аги= агитировали тоже, что коммуна, коммуну надь, дак вот и согласились коммуну устроить, так скота совместили, тут были тоже особые доярки, особые пекаря хлеб пекли, столовые были, так тоже хорошо ведь и смешно, что так уж хорошо, да коммунарки да коммунарки да.",IEAXXXX,были,Д84_27_Нюхча_Пинежск.eaf,595.251,629.549,229,232
994995,dialect_middle_pinega,"Вот ходят на работу недолго да, единоличники, эка песня была, эноли= 'Единоличники упрямы, провалились в яму'.",IEAXXXX,была,Д84_27_Нюхча_Пинежск.eaf,630.417,647.196,57,60
995023,dialect_middle_pinega,"Единоличники -то еще кормили, а хотели, тоже стало вот было время -то установляли жисть -то, жёночки, дак было худо.",IEAXXXX,было,Д84_27_Нюхча_Пинежск.eaf,647.196,668.461,107,110
995035,dialect_middle_pinega,"Единоличники -то еще кормили, а хотели, тоже стало вот было время -то установляли жисть -то, жёночки, дак было худо.",IEAXXXX,было,Д84_27_Нюхча_Пинежск.eaf,647.196,668.461,56,59
995079,dialect_middle_pinega,"И вот ну дак жили, а вот эта жисть -то вот, знаешь, такая была перебой= перебойная жисть после этой вот революции -то, вот тут жисть -то установлялась, дак было ведь худо, тяжело было жить -то.",IEAXXXX,была,Д84_27_Нюхча_Пинежск.eaf,668.461,685.165,59,62
995098,dialect_middle_pinega,"И вот ну дак жили, а вот эта жисть -то вот, знаешь, такая была перебой= перебойная жисть после этой вот революции -то, вот тут жисть -то установлялась, дак было ведь худо, тяжело было жить -то.",IEAXXXX,было,Д84_27_Нюхча_Пинежск.eaf,668.461,685.165,180,183
995103,dialect_middle_pinega,"И вот ну дак жили, а вот эта жисть -то вот, знаешь, такая была перебой= перебойная жисть после этой вот революции -то, вот тут жисть -то установлялась, дак было ведь худо, тяжело было жить -то.",IEAXXXX,было,Д84_27_Нюхча_Пинежск.eaf,668.461,685.165,157,160
995175,dialect_middle_pinega,"А тут худо-худо было, жили-переживали.",IEAXXXX,было,Д84_27_Нюхча_Пинежск.eaf,713.105,735.218,17,20
995194,dialect_middle_pinega,"Тоже денег -то где заробишь, а заработок -то тоже не было, раньше ведь бабья -то на работу -то не приглашали, тоже, ещё большая -то половина тут еще и при царизмы.",IEAXXXX,было,Д84_27_Нюхча_Пинежск.eaf,713.105,735.218,54,57
995500,dialect_middle_pinega,"- 'А какая Нюхча была, такая и есть - ни одной ограды нигде нету'.",IEAXXXX,была,Д84_27_Нюхча_Пинежск.eaf,822.235,844.241,18,21
995567,dialect_middle_pinega,"Приезжал в такое время не в худое, дак и и худо было, а топере-ка вот ишь народ -то как поднялся, эко какие дома настроены да обшивают тоже когда, всё да и ограды делают.",IEAXXXX,было,Д84_27_Нюхча_Пинежск.eaf,858.894,873.046,49,52
995603,dialect_middle_pinega,"А тут после войны да всё дак какое житьё было, как народ ещё не установился да мужиков не было да, всё вот остались от мужиков подростки какие-нибудь, дак они ещё не выросли, а топере выросли, колько мужиков -то убили дак, топере вдвойне выросло людей -то.",IEAXXXX,было,Д84_27_Нюхча_Пинежск.eaf,874.193,898.152,91,94
995613,dialect_middle_pinega,"А тут после войны да всё дак какое житьё было, как народ ещё не установился да мужиков не было да, всё вот остались от мужиков подростки какие-нибудь, дак они ещё не выросли, а топере выросли, колько мужиков -то убили дак, топере вдвойне выросло людей -то.",IEAXXXX,было,Д84_27_Нюхча_Пинежск.eaf,874.193,898.152,42,45
996074,dialect_middle_pinega,А тут одна была -то и.,IEAXXXX,была,Д84_27_Нюхча_Пинежск.eaf,1059.907,1089.084,12,15
996525,dialect_middle_pinega,"Такая пошустрее была бы дак, у деверя -то жила дак, корову взяла и, и кор= корову, вот эво где дом был, корову продала, дом бы хороший и жила, а то такая она слабенькая тоже дак.",IEAXXXX,была,Д84_27_Нюхча_Пинежск.eaf,1256.013,1287.294,17,20
996617,dialect_middle_pinega,"А так -то в жизни -то можно было тут, уж вот муж остался, у деверя остались, она пришла тоже, у них ничего не было, корову завела, тут и зажила, тоже один табак да вино было тоже, только идёшь по улицы, но, один табак пахнет.",IEAXXXX,было,Д84_27_Нюхча_Пинежск.eaf,1302.589,1321.901,29,32
996637,dialect_middle_pinega,"А так -то в жизни -то можно было тут, уж вот муж остался, у деверя остались, она пришла тоже, у них ничего не было, корову завела, тут и зажила, тоже один табак да вино было тоже, только идёшь по улицы, но, один табак пахнет.",IEAXXXX,было,Д84_27_Нюхча_Пинежск.eaf,1302.589,1321.901,111,114
996651,dialect_middle_pinega,"А так -то в жизни -то можно было тут, уж вот муж остался, у деверя остались, она пришла тоже, у них ничего не было, корову завела, тут и зажила, тоже один табак да вино было тоже, только идёшь по улицы, но, один табак пахнет.",IEAXXXX,было,Д84_27_Нюхча_Пинежск.eaf,1302.589,1321.901,170,173
996674,dialect_middle_pinega,"А жили тоже одны, тут вот не было женского, мужчины жили тоже дак.",IEAXXXX,было,Д84_27_Нюхча_Пинежск.eaf,1321.901,1338.655,30,33
996783,dialect_middle_pinega,"Ней как присчастливило в жизни -то, она вот это была дояркой -то, зарабатывали тогды много они, хорошие деньги зарабатывали, и она всё прикупала, купила тоже, эту бабку -то схоронила, а ней с бабкой трудно было тоже-ка жить.",IEAXXXX,была,Д84_27_Нюхча_Пинежск.eaf,1364.779,1379.803,49,52
996815,dialect_middle_pinega,"Ней как присчастливило в жизни -то, она вот это была дояркой -то, зарабатывали тогды много они, хорошие деньги зарабатывали, и она всё прикупала, купила тоже, эту бабку -то схоронила, а ней с бабкой трудно было тоже-ка жить.",IEAXXXX,было,Д84_27_Нюхча_Пинежск.eaf,1364.779,1379.803,207,210
996880,dialect_middle_pinega,"Нярает, а чего у ней было, эта бабка тоже рассказывает, дак ведь много пела сказки.",IEAXXXX,было,Д84_27_Нюхча_Пинежск.eaf,1379.803,1402.337,22,25
996900,dialect_middle_pinega,"Нутая бабка -то, у ней было кое-что, она всё такая была, ак всё вот стирала, да всё гладила да, раньше ведь этого не было, не гладили ничего.",IEAXXXX,было,Д84_27_Нюхча_Пинежск.eaf,1402.337,1415.884,24,27
996906,dialect_middle_pinega,"Нутая бабка -то, у ней было кое-что, она всё такая была, ак всё вот стирала, да всё гладила да, раньше ведь этого не было, не гладили ничего.",IEAXXXX,была,Д84_27_Нюхча_Пинежск.eaf,1402.337,1415.884,52,55
996922,dialect_middle_pinega,"Нутая бабка -то, у ней было кое-что, она всё такая была, ак всё вот стирала, да всё гладила да, раньше ведь этого не было, не гладили ничего.",IEAXXXX,было,Д84_27_Нюхча_Пинежск.eaf,1402.337,1415.884,118,121
996932,dialect_middle_pinega,"Ак у ней вот было кое-что, много это вот и мебель такая, ведь какая там мебель тоже, была, а вот одежда -то, да вот всё экое -то было, вот она тоже взяла, ней вот, вроде как, вот, думает, скоро помрёт, она не помирает, она взяла да вот нутое всё отобрала нейное -то хорошее -то, да ней отвезла в избушку -то - и живи как хошь.",IEAXXXX,было,Д84_27_Нюхча_Пинежск.eaf,1415.884,1439.252,14,17
996948,dialect_middle_pinega,"Ак у ней вот было кое-что, много это вот и мебель такая, ведь какая там мебель тоже, была, а вот одежда -то, да вот всё экое -то было, вот она тоже взяла, ней вот, вроде как, вот, думает, скоро помрёт, она не помирает, она взяла да вот нутое всё отобрала нейное -то хорошее -то, да ней отвезла в избушку -то - и живи как хошь.",IEAXXXX,была,Д84_27_Нюхча_Пинежск.eaf,1415.884,1439.252,86,89
996961,dialect_middle_pinega,"Ак у ней вот было кое-что, много это вот и мебель такая, ведь какая там мебель тоже, была, а вот одежда -то, да вот всё экое -то было, вот она тоже взяла, ней вот, вроде как, вот, думает, скоро помрёт, она не помирает, она взяла да вот нутое всё отобрала нейное -то хорошее -то, да ней отвезла в избушку -то - и живи как хошь.",IEAXXXX,было,Д84_27_Нюхча_Пинежск.eaf,1415.884,1439.252,130,133
997412,dialect_middle_pinega,"Кабы ещё дочи была ле сын, так бы ещё, а то вот тоже и у ней никого нету, дак кому, всё в чужие люди уйдёт и нипочто.",IEAXXXX,была,Д84_27_Нюхча_Пинежск.eaf,1556.836,1583.741,15,18
997948,dialect_middle_pinega,И лекарство -то было какое -то трёхдневное.,IEAXXXX,было,Д84_27_Нюхча_Пинежск.eaf,1772.147,1788.794,17,20
998205,dialect_middle_pinega,"Вот я была у дочери -то в Онеге -то дак, попробовали, говорят, да, вкуснее, внуки, те не горькие, ничего, и мочить не надь и, прямо принесёшь да очистишь, чтобы мусору не было да, насекомый какой всё паук попадает да ино и червочка да и.",XTIXXXX,была,Д84_29_Занюхча_Пинежск.eaf,78.445,110.762,7,10
998246,dialect_middle_pinega,"Вот я была у дочери -то в Онеге -то дак, попробовали, говорят, да, вкуснее, внуки, те не горькие, ничего, и мочить не надь и, прямо принесёшь да очистишь, чтобы мусору не было да, насекомый какой всё паук попадает да ино и червочка да и.",XTIXXXX,было,Д84_29_Занюхча_Пинежск.eaf,78.445,110.762,172,175
999154,dialect_middle_pinega,"Нет, раньше не было огородов, нет, нет, нет, нет.",XTIXXXX,было,Д84_29_Занюхча_Пинежск.eaf,674.558,678.85,16,19
999171,dialect_middle_pinega,"Нет, нет, раньше не было.",XTIXXXX,было,Д84_29_Занюхча_Пинежск.eaf,683.54,693.667,21,24
999174,dialect_middle_pinega,Не было вот.,XTIXXXX,было,Д84_29_Занюхча_Пинежск.eaf,683.54,693.667,4,7
999188,dialect_middle_pinega,"Но, огороды вот были, как у меня в бане дак по- за бане где-нибудь в осторонье.",XTIXXXX,были,Д84_29_Занюхча_Пинежск.eaf,683.54,693.667,17,20
999359,dialect_middle_pinega,"Ребята были малые, некак, некогда, выросли, детей нехорошо, и всё -то перестала, пошли вы на хер!",XTIXXXX,были,Д84_29_Занюхча_Пинежск.eaf,757.498,778.824,8,11
999390,dialect_middle_pinega,Раньше далеко было от дому.,XTIXXXX,было,Д84_29_Занюхча_Пинежск.eaf,800.579,803.054,15,18
999453,dialect_middle_pinega,"Было за= за рекой -то, вот за речкой -то, здесь одни, празднико будет дак, тут, на той стороны, было двухэтажное, большущий, высокящий, более этого.",XTIXXXX,Было,Д84_29_Занюхча_Пинежск.eaf,839.577,850.752,1,4
999479,dialect_middle_pinega,"Было за= за рекой -то, вот за речкой -то, здесь одни, празднико будет дак, тут, на той стороны, было двухэтажное, большущий, высокящий, более этого.",XTIXXXX,было,Д84_29_Занюхча_Пинежск.eaf,839.577,850.752,97,100
999502,dialect_middle_pinega,"Жили, контора была сельповская, а тепере купили они вот дом, дак вот тут и живут.",XTIXXXX,была,Д84_29_Занюхча_Пинежск.eaf,861.166,892.162,15,18
1000162,dialect_middle_pinega,"Та хоть кто знает где, вот ноне не так давно была, ак мати -то нет, говорит, не пустила, ак у меня оклеивала да выкрасила, три ночи ночевала.",XTIXXXX,была,Д84_29_Занюхча_Пинежск.eaf,1212.333,1222.343,46,49
1000519,dialect_middle_pinega,"Было приезжала женщина да мужчина сюда, ну тоже для чего -то насчёт садика.",XTIXXXX,Было,Д84_29_Занюхча_Пинежск.eaf,1429.044,1435.381,1,4
1000661,dialect_middle_pinega,Были.,XTIXXXX,Были,Д84_29_Занюхча_Пинежск.eaf,1525.327,1526.59,1,4
1000679,dialect_middle_pinega,"Да, спали, у нас были, у мамы -то там дак, мы знаем.",XTIXXXX,были,Д84_29_Занюхча_Пинежск.eaf,1544.27,1551.15,18,21
1000691,dialect_middle_pinega,Были.,XTIXXXX,Были,Д84_29_Занюхча_Пинежск.eaf,1544.27,1551.15,1,4
1000734,dialect_middle_pinega,"Ране ведь ничего не было, Не комода, не шифоньера, не некакого, чего.",XTIXXXX,было,Д84_29_Занюхча_Пинежск.eaf,1574.332,1592.829,21,24
1000762,dialect_middle_pinega,"Да, хоть не у каждого, да много было.",XTIXXXX,было,Д84_29_Занюхча_Пинежск.eaf,1612.336,1614.46,33,36
1000805,dialect_middle_pinega,Эва гумно было ак.,XTIXXXX,было,Д84_29_Занюхча_Пинежск.eaf,1641.769,1666.882,11,14
1000875,dialect_middle_pinega,"Гумно -то здесь было, а они жили за Паневцей.",XTIXXXX,было,Д84_29_Занюхча_Пинежск.eaf,1667.959,1685.806,17,20
1000990,dialect_middle_pinega,"А ныне не= не делаем, не причитаем, ничего и ныне песни -то не поём, мы порато певчие были.",MAV1914,были,Д84_30_Нюхча_Пинежск.eaf,4.205,12.774,87,90
1000996,dialect_middle_pinega,"Вот сестра у меня была, сестра да, у= у брата жена, , они померли, я одна, боле всё.",MAV1914,была,Д84_30_Нюхча_Пинежск.eaf,14.925,30.405,19,22
1001052,dialect_middle_pinega,Ушатов -то ведь мало было.,MAV1914,было,Д84_30_Нюхча_Пинежск.eaf,50.046,54.142,22,25
1001736,dialect_middle_pinega,"Дак почто не ходили раньше -то, ведь моложе -то была, как не ходила.",XXX1906,была,Д84_30_Нюхча_Пинежск.eaf,621.474,626.665,49,52
1002004,dialect_middle_pinega,"Ране было вот нутая мода, нынече и то нету.",XXX1906,было,Д84_30_Нюхча_Пинежск.eaf,735.73,751.017,6,9
1002265,dialect_middle_pinega,"Голяшки, катанцы низкие были, голяшки вот, рукавицы.",XXX1906,были,Д84_30_Нюхча_Пинежск.eaf,880.937,885.558,25,28
1002291,dialect_middle_pinega,"О праздник было чёрное, тоже-ка покупали.",XXX1906,было,Д84_30_Нюхча_Пинежск.eaf,899.179,905.74,12,15
1002302,dialect_middle_pinega,"Было, всё тоже было, продукты и всё.",XXX1906,Было,Д84_30_Нюхча_Пинежск.eaf,913.791,918.227,1,4
1002306,dialect_middle_pinega,"Было, всё тоже было, продукты и всё.",XXX1906,было,Д84_30_Нюхча_Пинежск.eaf,913.791,918.227,16,19
1011455,dialect_mikhaylov,"Нельзя было, конечно, надо ведь и отсюдова на своих харчах, тама просто сельская была эта школа, десятилетка, сельская, не городская, там никакой ни кух= ни общежития не было, ничего не было, а во частные квартиры были.",TZI1923,было,A-1937.eaf,259.384,276.085,171,174
1012687,dialect_mikhaylov,"и кто вяжет, кто= у нас ведь здесь и коклюшки, эти, плетут кружева, кто, большинство, конечно, вот кружева плели, и вот сидят, а ребяты с гармошками ходят то к одной, в одну деревню, то в другую деревню, вот в деревне тут несколько было посиделок -то, сейчас это народу здесь мало, молодёжи -то, она вся уходит а тогда -то было много;",TZI1923,было,A-1937.eaf,770.991,795.497,233,236
1023510,dialect_mikhaylov,Я старшая была.,KNV1919,была,A-1938.eaf,2086.242,2087.682,11,14
1040710,dialect_mikhaylov,"У нас они и не были, вот в Стублейке были, в той деревне, как будто, ходили, чего взяли.",BAV1911,были,A1935_02.eaf,899.052,916.755,16,19
1040857,dialect_mikhaylov,Слышно было.,BAV1911,было,A1935_02.eaf,949.818,979.534,8,11
1050275,dialect_nekhochi,Выгоренная была!,mkf1943,была,201311_mja1930.eaf,2624.64,2647.294,12,15
1071113,dialect_nekhochi,"А у меня у отца, в них были одни ребята.",mkf1943,были,201311_mkf1943b.eaf,1324.24,1329.266,24,27
1072811,dialect_nekhochi,"Выехали в час, чтоб меньше было этой, машина большая, чтоб меньше было этих, на ходу машин не было.",mkf1943,было,201311_mkf1943d.eaf,216.721,228.66,95,98
1075696,dialect_nekhochi,"Она меня отвела, привела меня к бабке, это у бабки я была где -то, поколе туда-сюда, ну в полночь я саму пошла, где -то в начале пятого была у бабки у этой.",mkf1943,была,201311_mkf1943f.eaf,813.499,826.691,137,140
1075716,dialect_nekhochi,"Она меня отвела, привела меня к бабке, это у бабки я была где -то, поколе туда-сюда, ну в полночь я саму пошла, где -то в начале пятого была у бабки у этой.",mkf1943,была,201311_mkf1943f.eaf,813.499,826.691,54,57
1084778,dialect_nekhochi,То тогда было.,mja1930,было,201311_mkf1943g.eaf,911.002,915.042,10,13
1087560,dialect_nekhochi,"А потом, у них были машины - не, были на мотоцикле.",mkf1943,были,201311_mkf1943g.eaf,1790.805,1795.817,34,37
1092663,dialect_nekhochi,"Мама, не надо было подзыкивать, говорю, моего хозяина, а своего сына, ты, говорю, видишь, что он сделал'.",nga1939,было,201311_nga1939.eaf,312.311,318.128,15,18
1094868,dialect_nekhochi,Операция ж была в августе этой.,nga1939,была,201311_nga1939.eaf,1048.784,1057.094,12,15
1123109,dialect_nekhochi,"Ну, экономия, когда кирпича было недохват.",nga1939,было,201311_nga1939e.eaf,243.08,246.222,29,32
1132559,dialect_novgorod,"Надо было содержать, чем -то кормить, а средств -то не было.",BVN1942,было,201908_bvn1942.eaf,301.619,314.386,56,59
1139035,dialect_novgorod,Дружба' была.,DNP1929,была,201908_dnp1929.eaf,272.579,275.922,9,12
1153224,dialect_novgorod,"А вот мамин брат -то, они поехали туда, вот в Савино, там лес -то, они на лошади там были, фронт прошёл, они и приехали, они нигде не были.",HEN1928,были,201908_hen1928.eaf,2369.22,2382.441,135,138
1208143,dialect_novgorod,"А вот сначала, были эти камушки собирали и... в это... ну, привозили.",PMV1931,были,201908_pmv1931.eaf,5390.618,5420.843,16,19
1226832,dialect_novgorod,"Да, у меня специальная такая была витрина, и там всё клала.",MNP1937,была,202208_mnp1937.eaf,581.086,601.649,30,33
1231506,dialect_novgorod,"Сперва, - говорит, - туговато было, бабушка'.",MNP1937,было,202208_mnp1937.eaf,2373.585,2394.233,31,34
1253639,dialect_novgorod,А было там что или не было - не могу сказать.,NVF1940,было,202208_nvf1940.eaf,7466.777,7479.759,3,6
1257446,dialect_opochka,"Вот сегодня была скорая пришедши, сделали укол и уехали теперь на неделю.",енм1930,была,20180618_enm1930.eaf,98.947,106.371,13,16
1275562,dialect_opochka,"Была у Погореловых, подвозили, сажали на сани,",вии1956,Была,20180619_vii1956.eaf,89.505,92.425,1,4
1285358,dialect_opochka,Как раз молодых два маленьких было маме: я и брат.,авв1933,было,20180621_avv1933.eaf,164.325,168.99,31,34
1296862,dialect_opochka,"Старый Петергоф, она жила там, у неё двухэтажный дом была, взяла продала этот двухэтажный дом, приехала в деревню, купила дом.",онв1972,была,20180622_onv1972.eaf,1439.619,1445.367,54,57
1307640,dialect_opochka,"Идёте, сейчас не знаю, там знак было ли не было, который 'Охота запрещена'.",саф1973,было,20190701_saf1973.eaf,1198.532,1203.621,44,47
1307643,dialect_opochka,"Идёте, сейчас не знаю, там знак было ли не было, который 'Охота запрещена'.",саф1973,было,20190701_saf1973.eaf,1198.532,1203.621,33,36
1315514,dialect_opochka,Вот как было.,тве1955,было,20190702_tve1955.eaf,7112.287,7124.068,9,12
1344629,dialect_pyoza,"что бы было не было, а как говорят, что бог даст, не посеяно, а ведь и...",MAN1910,было,Moseyevo3.eaf,1059.627,1065.596,8,11
1404357,dialect_rogovatka,"Да, но это уж не при моей памяти этот период была, я только разговоры, поэнтам родительское слыхала, вот.",mpu1928,была,201006_mpu1928.eaf,1284.952,1298.916,46,49
1420165,dialect_rogovatka,"Так ведь мы ж пили -то, чтоб не было блату!",aad1926,было,201206b_aad1926.eaf,1533.315,1537.847,33,36
1428268,dialect_rogovatka,Яйцам не хозяева были.,aad1926,были,201206b_aad1926.eaf,5306.983,5308.974,18,21
1431859,dialect_rogovatka,"Всё без... без него было это всё нажито, и детей выходила всех, не бросила никого.",eazh1935,было,201506_eazh1935.eaf,266.568,273.49,21,24
1435255,dialect_rogovatka,"Да, ну тогда пшённая, тогда пшено была, риса тогда не было.",eazh1935,была,201506_eazh1935.eaf,1668.061,1673.639,35,38
1435517,dialect_rogovatka,Так -то было.,eazh1935,было,201506_eazh1935.eaf,1775.099,1786.636,9,12
1435522,dialect_rogovatka,Так -то было.,eazh1935,было,201506_eazh1935.eaf,1786.636,1788.422,9,12
1446686,dialect_rogovatka,"печи тогда были, чугуны двадцати были.",msk1929,были,201506_msk1929.eaf,210.57,213.46,12,15
1446686,dialect_rogovatka,"печи тогда были, чугуны двадцати были.",msk1929,были,201506_msk1929.eaf,210.57,213.46,34,37
1446742,dialect_rogovatka,"А сейчас, тогда это не было, вот было вот у меня, братик был, вот он меньше -то меня,",msk1929,было,201506_msk1929.eaf,228.312,235.186,24,27
1446745,dialect_rogovatka,"А сейчас, тогда это не было, вот было вот у меня, братик был, вот он меньше -то меня,",msk1929,было,201506_msk1929.eaf,228.312,235.186,34,37
1451061,dialect_rogovatka,"это уж я это уже замужем была, уж дети у меня были,",msk1929,была,201506_msk1929.eaf,1684.265,1688.511,26,29
1466717,dialect_shetnevo_makeevo,"Ну, я как приехала на Украину первый год, но я правда уже была беременная, у меня двое= два месяца уже было.",lnt1950,была,20210706lnt1950.eaf,3727.59,3731.993,59,62
1467188,dialect_shetnevo_makeevo,"А вот с рябины там было, с рябины было так много, один год так было её этой рябины, ужас.",lnt1950,было,20210706lnt1950.eaf,3854.24,3859.434,35,38
1467322,dialect_shetnevo_makeevo,"Вот, мамка вот была ца= была заругается, она мне скажет:",lnt1950,была,20210706lnt1950.eaf,3892.902,3902.402,16,19
1467324,dialect_shetnevo_makeevo,"Вот, мамка вот была ца= была заругается, она мне скажет:",lnt1950,была,20210706lnt1950.eaf,3892.902,3902.402,25,28
1467500,dialect_shetnevo_makeevo,"Ой, было поймают - сразу штрафу.",lnt1950,было,20210706lnt1950.eaf,3945.831,3955.013,5,8
1467538,dialect_shetnevo_makeevo,Было гонишь - мы же было соседи знали один одного.,lnt1950,Было,20210706lnt1950.eaf,3962.186,3965.076,1,4
1467682,dialect_shetnevo_makeevo,"Денег не было, было самогонки выгонят - и носим в Торопу.",lnt1950,было,20210706lnt1950.eaf,4002.647,4005.204,10,13
1467858,dialect_shetnevo_makeevo,"договорился, чтоб её сразу сырзавод как с Торопы уезжаешь вот к нам сюда едешь, раньше сырзавод был, стоит вот такое здание это, тут был сырзавод, а тут были на этой стороне кусты большие были кусты.",lnt1950,были,20210706lnt1950.eaf,4036.159,4046.685,189,192
1467995,dialect_shetnevo_makeevo,"Было выйдет на дорогу - не может идти, всё, боялась, ужас один.",lnt1950,Было,20210706lnt1950.eaf,4073.705,4083.122,1,4
1468092,dialect_shetnevo_makeevo,"Да, дочь, да какие раньше копейки сейчас не было денег отдадут всё, это у нас хорошо папкин это брат= работал в леспромхозе уже= он сразу привез мамке сразу денег и говорит, мамка заплатила и всё.",lnt1950,было,20210706lnt1950.eaf,4101.631,4120.393,45,48
1468159,dialect_shetnevo_makeevo,Было втихую всё.,lnt1950,Было,20210706lnt1950.eaf,4122.622,4124.164,1,4
1468166,dialect_shetnevo_makeevo,"Коне= да, было и штрафуют, и посадить за самогонку.",lnt1950,было,20210706lnt1950.eaf,4125.299,4128.674,11,14
1468260,dialect_shetnevo_makeevo,Ну было снесёшь.,lnt1950,было,20210706lnt1950.eaf,4155.567,4156.4,4,7
1468290,dialect_shetnevo_makeevo,"В школу это= в каком году это было, а сколько мне было, я ходила в школу.",lnt1950,было,20210706lnt1950.eaf,4161.962,4167.441,51,54
1468597,dialect_shetnevo_makeevo,"А нам было хватает, а я= а мне рубль тридцать даже оставалось, я старше была всех, рубль тридцать мне - мне сколько было, я всё собираю - ой всё, а что с три се= на пять рублей было отдавать.",lnt1950,было,20210706lnt1950.eaf,4245.458,4256.661,7,10
1468693,dialect_shetnevo_makeevo,"Вот, а за интернат надо было платить.",lnt1950,было,20210706lnt1950.eaf,4270.277,4271.944,25,28
1468814,dialect_shetnevo_makeevo,И вот - и так вот платили - надо ж было отдавать три семьдесят.,lnt1950,было,20210706lnt1950.eaf,4296.392,4299.497,36,39
1469593,dialect_shetnevo_makeevo,"И вот за всю жизнь работав шофёром столько, никогда нигде не было ни аварии его ни , а приезжал - вываливался.",lnt1950,было,20210706lnt1950.eaf,4497.443,4505.574,62,65
1469932,dialect_shetnevo_makeevo,До чего были.,lnt1950,были,20210706lnt1950.eaf,4589.822,4595.087,9,12
1469987,dialect_shetnevo_makeevo,"Да, было вот такое, ваш шофёр всё.",lnt1950,было,20210706lnt1950.eaf,4609.832,4612.815,5,8
1470007,dialect_shetnevo_makeevo,А не было никогда вот т=,lnt1950,было,20210706lnt1950.eaf,4615.613,4617.28,6,9
1470045,dialect_shetnevo_makeevo,"Вся в глыжах, да по лесу было этому едут.",lnt1950,было,20210706lnt1950.eaf,4624.192,4629.859,26,29
1470239,dialect_shetnevo_makeevo,"Вот как вся молодежь только была с= с полторашкам стоят все, он терпеть -то не мог, говорил, я не знаю.",lnt1950,была,20210706lnt1950.eaf,4676.105,4685.579,29,32
1470318,dialect_shetnevo_makeevo,"Ты тоже будешь говорить 'я тоже был, когда это было время'?",lnt1950,было,20210706lnt1950.eaf,4689.386,4694.438,48,51
1471409,dialect_shetnevo_makeevo,"Сам строится и, ну вот говорю будет теперь делать - ну вот зачем это надо было?",lnt1950,было,20210706lnt1950.eaf,4976.941,4980.608,75,78
1472069,dialect_shetnevo_makeevo,"Вот, не, это протапливать надо, не, я топлю, мне тут даже вот в Проценкино тоже было, они живут вот которые внуки все внизу, я было тем ходила, это сейчас, что я уже постарела так, я стала= я было к ним хожу и у них топлю зимой.",lnt1950,было,20210706lnt1950.eaf,5165.96,5178.058,128,131
1472362,dialect_shetnevo_makeevo,"Как вот теперь хочется как что она хотела было какую-нибудь беседку, иначе как только зимой теперь разобрали всё, у нас было так криво стоял, мне тут только , было в туалет ходить, у нас было все, у нас добро было, ни снегу сюда так не наметало, ничего, и баня старая стояла.",lnt1950,было,20210706lnt1950.eaf,5242,5255.53,160,163
1473765,dialect_shetnevo_makeevo,"Вот было лопатой не взять, одна вода.",lnt1950,было,20210706lnt1950.eaf,5633.638,5637.308,5,8
1473989,dialect_shetnevo_makeevo,Одни песни были кругом в деревне.,lnt1950,были,20210706lnt1950.eaf,5688.586,5692.996,12,15
1474001,dialect_shetnevo_makeevo,"А на работу бывало идут, а было сена там покосили. это пологи, это ж...",lnt1950,было,20210706lnt1950.eaf,5693.636,5697.146,28,31
1474030,dialect_shetnevo_makeevo,Это было двадцать пять только одних косаков было,lnt1950,было,20210706lnt1950.eaf,5697.146,5700.716,45,48
1474167,dialect_shetnevo_makeevo,"Корова была, поросенок, овцы, и всё на свете, хозяйство было.",lnt1950,была,20210706lnt1950.eaf,5739.101,5741.726,8,11
1474199,dialect_shetnevo_makeevo,И метали было.,lnt1950,было,20210706lnt1950.eaf,5746.527,5751.314,10,13
1474277,dialect_shetnevo_makeevo,"А это были адонки, высокие.",lnt1950,были,20210706lnt1950.eaf,5761.866,5765.416,7,10
1475039,dialect_shetnevo_makeevo,"А надо было, доча, дома корову подоить.",lnt1950,было,20210706lnt1950.eaf,5935.058,5937.433,8,11
1475770,dialect_shetnevo_makeevo,Я ей было когда...,lnt1950,было,20210706lnt1950.eaf,6120.636,6124.937,6,9
1477172,dialect_shetnevo_makeevo,"У нас спокон веков как же какие мы были ещё маленькие, у нас было понятий нету, как это, иметь межу?",lnt1950,были,20210706lnt1950.eaf,6432.674,6438.337,36,39
1477598,dialect_shetnevo_makeevo,"У нас там всё время вода была, там эти...",lnt1950,была,20210706lnt1950.eaf,6532.718,6535.193,26,29
1477947,dialect_shetnevo_makeevo,Две больших таких грыжи было у него тут,lnt1950,было,20210706lnt1950.eaf,6622.216,6626.516,25,28
1478476,dialect_shetnevo_makeevo,Было в прошлом году.,lnt1950,Было,20210706lnt1950.eaf,6761.651,6764.551,1,4
1478501,dialect_shetnevo_makeevo,"Он так вычистил Дружбу, что даже ни одной там опилочинки не было в Дружбе.",lnt1950,было,20210706lnt1950.eaf,6764.595,6771.42,61,64
1478630,dialect_shetnevo_makeevo,"И принесла ключи домой, а их не было дома, как они ключи они оставили.",lnt1950,было,20210706lnt1950.eaf,6797.279,6800.391,33,36
1479340,dialect_shetnevo_makeevo,А я была.,lnt1950,была,20210706lnt1950.eaf,6973.627,6977.389,5,8
1480380,dialect_shetnevo_makeevo,"Он это самое, ему было... он мне это сделал, у нас с детства он все время был.",lnt1950,было,20210706lnt1950.eaf,7211.526,7217.512,19,22
1480409,dialect_shetnevo_makeevo,"Господи, было только ка=, что как телевизор стали, было только телевизор включу ему, или радио.",lnt1950,было,20210706lnt1950.eaf,7217.766,7222.209,10,13
1480418,dialect_shetnevo_makeevo,"Господи, было только ка=, что как телевизор стали, было только телевизор включу ему, или радио.",lnt1950,было,20210706lnt1950.eaf,7217.766,7222.209,52,55
1480520,dialect_shetnevo_makeevo,У нас молодежи бы было.,lnt1950,было,20210706lnt1950.eaf,7240.252,7246.852,19,22
1480679,dialect_shetnevo_makeevo,"Другие вот как -то жили вот, вот и сосед жил тоже, у них были девчонка и па= парень.",lnt1950,были,20210706lnt1950.eaf,7270.873,7275.258,58,61
1480831,dialect_shetnevo_makeevo,"Вот еще собаки, озорная собака была, сразу было хо=.",lnt1950,была,20210706lnt1950.eaf,7323.289,7328.76,32,35
1511603,dialect_shetnevo_makeevo,"Знаешь, всякие были",MGA1932,были,20210713mga1932.eaf,2171.405,2172.577,16,19
1537798,dialect_shetnevo_makeevo,Ну была моей бабушки тут одна большая икона...,gip1953,была,20220715gip1953.eaf,1790.007,1792.541,4,7
1540820,dialect_shetnevo_makeevo,Всяко было.,apb1940,было,20230427apb1940_A.eaf,1546.64,1551.94,7,10
1624670,dialect_tserkovnoe,"а все грибы белые были, хорошие,",FTT1908,были,Tserkovnoe1.eaf,161.676,164.521,19,22
1624684,dialect_tserkovnoe,"сколько было грибов, ой=ё=ё=ё=ёй,",FTT1908,было,Tserkovnoe1.eaf,168.175,170.481,9,12
1624695,dialect_tserkovnoe,"таких мало было, а все были белые,",FTT1908,были,Tserkovnoe1.eaf,170.81,173.655,24,27
1624736,dialect_tserkovnoe,"Раньше ведь в лесе были избушки там такие специальные,",FTT1908,были,Tserkovnoe1.eaf,208.932,212.732,20,23
1624957,dialect_tserkovnoe,"избушка была, о, говорят, дуракова избушка,",FTT1908,была,Tserkovnoe1.eaf,295.963,298.928,9,12
1625922,dialect_tserkovnoe,"а ему что -то то было сделалося,",FTT1908,было,Tserkovnoe1.eaf,646.37,648.507,18,21
1626066,dialect_tserkovnoe,"что -то есть, бывало вот у на= была у нас тёта, таты моему была сестра,",FTT1908,была,Tserkovnoe1.eaf,684.734,690.007,32,35
1626073,dialect_tserkovnoe,и вот у их было что сделано:,FTT1908,было,Tserkovnoe1.eaf,690.007,692.916,12,15
1626153,dialect_tserkovnoe,"и ключи от шкапа были, ключи потеряли,",FTT1908,были,Tserkovnoe1.eaf,718.472,722.099,18,21
1626339,dialect_tserkovnoe,"а потом были часы будильник, в шкапу,",FTT1908,были,Tserkovnoe1.eaf,774.319,777.734,9,12
1626428,dialect_tserkovnoe,"а под амбаром там было подмыло эко,",FTT1908,было,Tserkovnoe1.eaf,800.141,802.43,19,22
1626566,dialect_tserkovnoe,"как он, Васильевич, ле как ле, я забыла уж, как ему отчество -то было, Яковлевич, Родивон Яковлевич был,",FTT1908,было,Tserkovnoe1.eaf,834.871,840.742,66,69
1626605,dialect_tserkovnoe,"и где-нибудь что-нибудь украдёт было да,",FTT1908,было,Tserkovnoe1.eaf,848.918,850.931,33,36
1626615,dialect_tserkovnoe,"ему и бока намякают да, всё было.",FTT1908,было,Tserkovnoe1.eaf,850.931,853.601,29,32
1626714,dialect_tserkovnoe,"платок такой простой, это раньше эки травистые были, платки такие цветистые,",FTT1908,были,Tserkovnoe1.eaf,879.103,884.564,48,51
1626993,dialect_tserkovnoe,"А нет, уж никто не= не носил, никто не воровал, а что -то было такое.",FTT1908,было,Tserkovnoe1.eaf,955.41,959.173,59,62
1627025,dialect_tserkovnoe,"было в этом месте, в Слободке там, в Шенкурское ехать, старик",FTT1908,было,Tserkovnoe1.eaf,968.399,972.551,1,4
1627299,dialect_tserkovnoe,"Не по один год так; а потом одна бабка тоже была,",FTT1908,была,Tserkovnoe1.eaf,1052.923,1056.363,45,48
1627386,dialect_tserkovnoe,а тут было наложено у меня,FTT1908,было,Tserkovnoe1.eaf,1079.026,1080.821,7,10
1627431,dialect_tserkovnoe,"вот эта голова было на= в овечьей стае положена,",FTT1908,было,Tserkovnoe1.eaf,1094.909,1098.596,16,19
1627464,dialect_tserkovnoe,а во хлеви как сумасшедшие были.,FTT1908,были,Tserkovnoe1.eaf,1104.407,1107.201,28,31
1627529,dialect_tserkovnoe,"а было что -то сделано тоже дак,",FTT1908,было,Tserkovnoe1.eaf,1125.409,1127.804,3,6
1627552,dialect_tserkovnoe,"А вот, было, писали, что",FTT1908,было,Tserkovnoe1.eaf,1133.394,1136.697,8,11
1627625,dialect_tserkovnoe,"а была девкой всё тётка -то эта,",FTT1908,была,Tserkovnoe1.eaf,1157.574,1161.6,3,6
1627656,dialect_tserkovnoe,"стала, а раньше ведь коек -то не было, ничего, на пол место подостелют, да на полу и валят,",FTT1908,было,Tserkovnoe1.eaf,1165.165,1169.913,34,37
1627696,dialect_tserkovnoe,"а у их изба -то была старая, а ларики -то были низко-низко так,",FTT1908,была,Tserkovnoe1.eaf,1174.108,1178.051,17,20
1627797,dialect_tserkovnoe,"А было что -то сделано,",FTT1908,было,Tserkovnoe1.eaf,1201.294,1202.906,3,6
1627835,dialect_tserkovnoe,"а одна жонка была там на Матнем, дак вот, девкой была, дак ей...",FTT1908,была,Tserkovnoe1.eaf,1213.125,1217.16,50,53
1627844,dialect_tserkovnoe,"а одна жонка была там на Матнем, дак вот, девкой была, дак ей...",FTT1908,была,Tserkovnoe1.eaf,1213.125,1217.16,14,17
1628105,dialect_tserkovnoe,"А потом домой -то сходил он да там тоже баба была одна,",FTT1908,была,Tserkovnoe1.eaf,1294.181,1297.535,46,49
1628284,dialect_tserkovnoe,"Раньше эти были полсапожки на резинках,",FTT1908,были,Tserkovnoe1.eaf,1359.047,1361.755,12,15
1628296,dialect_tserkovnoe,"и вот эти, а вот тут была такая курица сделана,",FTT1908,была,Tserkovnoe1.eaf,1361.755,1364.97,22,25
1628628,dialect_tserkovnoe,"Раньше и книги были такие,",FTT1908,были,Tserkovnoe1.eaf,1507.873,1509.828,16,19
1629097,dialect_tserkovnoe,"работала сторожем, а корова у меня там была тоже в Великом дворе тутоки да,",FTT1908,была,Tserkovnoe1.eaf,1697.145,1703.183,40,43
1629164,dialect_tserkovnoe,"как на овцах была шерсть,",FTT1908,была,Tserkovnoe1.eaf,1719.735,1721.447,14,17
1629182,dialect_tserkovnoe,"такая хорошая была,",FTT1908,была,Tserkovnoe1.eaf,1724.748,1726.48,15,18
1629199,dialect_tserkovnoe,"вот тебе и вс= вот тебе и хорошая одворица, уж не скажут что худая была,",FTT1908,была,Tserkovnoe1.eaf,1726.48,1730.549,68,71
1629238,dialect_tserkovnoe,"Хорошая и есть одворица, легкая, уж не такая, как у меня этта дома, у меня одворица тяжелая была,",FTT1908,была,Tserkovnoe1.eaf,1735.56,1741.514,93,96
1629242,dialect_tserkovnoe,"у меня было тяжело скотину кормить,",FTT1908,было,Tserkovnoe1.eaf,1741.575,1744.357,8,11
1629251,dialect_tserkovnoe,"Было одно время дак, овца большая самая хорошая -",FTT1908,Было,Tserkovnoe1.eaf,1750.018,1754.281,1,4
1629356,dialect_tserkovnoe,"А этто был, эта баба была",FTT1908,была,Tserkovnoe1.eaf,1784.823,1787.775,22,25
1629363,dialect_tserkovnoe,"злая злая такая руче= ругачкая такая была дак ой, соседка рядом дак, ой,",FTT1908,была,Tserkovnoe1.eaf,1787.775,1792.548,38,41
1629561,dialect_tserkovnoe,"а телёнка было дак не скоро выкормишь,",FTT1908,было,Tserkovnoe1.eaf,1858.085,1861.491,11,14
1630556,dialect_tserkovnoe,"а и весь=, говорю, не надо было бы брать, не надь и, говорю, в руки брать бы,",FTT1908,было,Tserkovnoe1.eaf,2198.165,2203.163,28,31
1630628,dialect_tserkovnoe,ему тутки ему ничего не было.,FTT1908,было,Tserkovnoe1.eaf,2220.082,2222.362,25,28
1630804,dialect_tserkovnoe,а так -то дак ничего не было.,FTT1908,было,Tserkovnoe1.eaf,2271.655,2274.866,25,28
1631290,dialect_tserkovnoe,"Доманой зовут, седа -то, то дак та всё время, молоденька была, дак у-у,",FTT1908,была,Tserkovnoe1.eaf,2474.77,2479.604,58,61
1631354,dialect_tserkovnoe,"молоденькая была, такая задорная была, дак ой,",FTT1908,была,Tserkovnoe1.eaf,2495.224,2498.546,34,37
1631473,dialect_tserkovnoe,"Я говорю, ну-у, а были, говорю, приезжали, у меня жили, ведь дак понимали всё.",FTT1908,были,Tserkovnoe1.eaf,2539.094,2544.134,19,22
1631624,dialect_tserkovnoe,"Тут одну Марусей звали дак, девочка была, дак придет:",FTT1908,была,Tserkovnoe1.eaf,2580.611,2584.615,37,40
1631644,dialect_tserkovnoe,"говорка́я была такая весёлая была, Машей звали, дак ой какая хорошая, я любила ей, правда, хорошая была.",FTT1908,была,Tserkovnoe1.eaf,2589.45,2596.907,11,14
1631647,dialect_tserkovnoe,"говорка́я была такая весёлая была, Машей звали, дак ой какая хорошая, я любила ей, правда, хорошая была.",FTT1908,была,Tserkovnoe1.eaf,2589.45,2596.907,30,33
1631664,dialect_tserkovnoe,"говорка́я была такая весёлая была, Машей звали, дак ой какая хорошая, я любила ей, правда, хорошая была.",FTT1908,была,Tserkovnoe1.eaf,2589.45,2596.907,100,103
1631724,dialect_tserkovnoe,"А родителей тоже не было, была этто приезжала, жила с сестрой, дак я чего -то ей жалела,",FTT1908,было,Tserkovnoe1.eaf,2616.613,2622.876,21,24
1631726,dialect_tserkovnoe,"А родителей тоже не было, была этто приезжала, жила с сестрой, дак я чего -то ей жалела,",FTT1908,была,Tserkovnoe1.eaf,2616.613,2622.876,27,30
1631931,dialect_tserkovnoe,"ничего не было,",FTT1908,было,Tserkovnoe1.eaf,2702.243,2704.156,11,14
1632008,dialect_tserkovnoe,"у мня кожа -то была сделана, вот и пришли, одна тоже голубушка эта пришла с этим, со шкурником, шкуры собирал,",FTT1908,была,Tserkovnoe1.eaf,2736.197,2743.919,16,19
1632216,dialect_tserkovnoe,"она ушла, а я, а кожа -то была у меня там в горнице на печи,",FTT1908,была,Tserkovnoe1.eaf,2788.698,2791.952,27,30
1632602,dialect_tserkovnoe,"ни за что, ни за что людей, которые были труженики, тех и увели,",FTT1908,были,Tserkovnoe1.eaf,2893.25,2898.132,37,40
1632618,dialect_tserkovnoe,"хоть была заправа побольше, дак они сами же расчищали, сами же раскапывали, всё ведь сами.",FTT1908,была,Tserkovnoe1.eaf,2900.801,2906.493,6,9
1632794,dialect_tserkovnoe,"тогда ведь не были трактора да машины,",FTT1908,были,Tserkovnoe1.eaf,2961.692,2964.401,15,18
1632817,dialect_tserkovnoe,"обирай кучки, чтобы кучка не была на дороге,",FTT1908,была,Tserkovnoe1.eaf,2969.802,2972.336,30,33
1632854,dialect_tserkovnoe,"а он, как валят было, косит, дак скосит, дак что выбреет.",FTT1908,было,Tserkovnoe1.eaf,2981.873,2985.785,17,20
1632917,dialect_tserkovnoe,"А кони эки были два карих коня,",FTT1908,были,Tserkovnoe1.eaf,3005.468,3008.633,12,15
1633025,dialect_tserkovnoe,"Детей им то было ходу не было, не то им, детей -то мучили,",FTT1908,было,Tserkovnoe1.eaf,3049.968,3055.31,26,29
1633062,dialect_tserkovnoe,"Дак вредитель он был, который да отправляли дак у них ниче= ничего не было у самих -то.",FTT1908,было,Tserkovnoe1.eaf,3061.644,3069.733,71,74
1633091,dialect_tserkovnoe,"Там у них хоть два эких было дак у их и лошади -то настоящей не было, да ни телёги, да ни чем -то ничего не было,",FTT1908,было,Tserkovnoe1.eaf,3071.244,3080.535,65,68
1633112,dialect_tserkovnoe,"а у его всё на свете было да и всё одно, колхоз ведь,",FTT1908,было,Tserkovnoe1.eaf,3080.535,3084.443,22,25
1633232,dialect_tserkovnoe,"А дядю -то моего, вот того увели совсем, никакой вести не было, не знаю теперь как.",FTT1908,было,Tserkovnoe1.eaf,3126.918,3135.263,59,62
1633260,dialect_tserkovnoe,Пятеро детей было осталось мал мала меньше да.,FTT1908,было,Tserkovnoe1.eaf,3152.281,3156.321,14,17
1633520,dialect_tserkovnoe,Надь как -то заплатить было.,FTT1908,было,Tserkovnoe1.eaf,3259.577,3261.577,24,27
1633909,dialect_tserkovnoe,"Ну-ко, четыре года, парень, воевали дак, немало было надо, где -то надо было что взять,",FTT1908,было,Tserkovnoe1.eaf,3411.869,3417.619,49,52
1633943,dialect_tserkovnoe,"Взлётами, да какая игра была, никакой игры, только собиралися, вечеринки собирали,",FTT1908,была,Tserkovnoe1.eaf,3434.24,3440.194,25,28
1633974,dialect_tserkovnoe,"кто-нибудь пустит в какую-нибудь избушку дак, соберутся, клуба не было, ничего не было дак,",FTT1908,было,Tserkovnoe1.eaf,3443.369,3448.285,67,70
1633978,dialect_tserkovnoe,"кто-нибудь пустит в какую-нибудь избушку дак, соберутся, клуба не было, ничего не было дак,",FTT1908,было,Tserkovnoe1.eaf,3443.369,3448.285,83,86
1634010,dialect_tserkovnoe,"А весной дак тут гумна были да в гумнах всё,",FTT1908,были,Tserkovnoe1.eaf,3456.94,3461.236,24,27
1634052,dialect_tserkovnoe,"ни= ни клуба, ничего не было, нигде ничего не было.",FTT1908,было,Tserkovnoe1.eaf,3473.492,3477.291,47,50
1634080,dialect_tserkovnoe,"Школа тут была, была и сперва сделана из церкви.",FTT1908,была,Tserkovnoe1.eaf,3490.133,3494.963,11,14
1634096,dialect_tserkovnoe,"а была церковь, не служили, ничто было,",FTT1908,была,Tserkovnoe1.eaf,3498.408,3501.844,3,6
1634103,dialect_tserkovnoe,"а была церковь, не служили, ничто было,",FTT1908,было,Tserkovnoe1.eaf,3498.408,3501.844,35,38
1634147,dialect_tserkovnoe,"А тут -то была школа да и сельсовет был да и,",FTT1908,была,Tserkovnoe1.eaf,3514.897,3518.607,11,14
1634162,dialect_tserkovnoe,"тогда ведь народу -то много было, дак сельсовет здесь был,",FTT1908,было,Tserkovnoe1.eaf,3518.607,3522.277,29,32
1634176,dialect_tserkovnoe,"и клуб был да и, всё было,",FTT1908,было,Tserkovnoe1.eaf,3522.277,3526.218,22,25
1634179,dialect_tserkovnoe,"вверху была школа, а внизу был сельсовет да клуб.",FTT1908,была,Tserkovnoe1.eaf,3526.809,3531.449,8,11
1634204,dialect_tserkovnoe,"бумаги, говорят, было за печкой там, какие -то бумаги, дак как -то нечаянно заронило ле ле кле= ле от печек ле как ле,",FTT1908,было,Tserkovnoe1.eaf,3539.436,3546.599,18,21
1634255,dialect_tserkovnoe,"в общем, из-за уборщицы тут сгорело -то было.",FTT1908,было,Tserkovnoe1.eaf,3552.325,3556.244,41,44
1634303,dialect_tserkovnoe,"Тоже был хороший, изба-читальня тут была да,",FTT1908,была,Tserkovnoe1.eaf,3578.255,3584.558,37,40
1634591,dialect_tserkovnoe,"ивая, и хорошая, и грамотная, и всё, вот как бы она была не засеря, да не врала бы,",FTT1908,была,Tserkovnoe1.eaf,3710.418,3719.17,53,56
1634714,dialect_tserkovnoe,"Ой-ой-ой, а было худо, ребята, дорога -то была дак ой, ой, ой, ой, страх был божий.",FTT1908,было,Tserkovnoe2.eaf,37.478,42.913,13,16
1634742,dialect_tserkovnoe,"Этто из Церковного -то дак было страшно, страшно,",FTT1908,было,Tserkovnoe2.eaf,42.913,45.797,28,31
1636336,dialect_tserkovnoe,дак вот какие -то дикие- то были.,FTT1908,были,Tserkovnoe2.eaf,564.567,567.855,29,32
1636367,dialect_tserkovnoe,"Тут одна коровушка была дак хоть умри, хоть что хочешь ей делай, дак",FTT1908,была,Tserkovnoe2.eaf,576.453,582.108,20,23
1636430,dialect_tserkovnoe,"Шорда была белая корова,",FTT1908,была,Tserkovnoe2.eaf,604.231,605.875,7,10
1637376,dialect_tserkovnoe,"Какой год... шапка ондатровая была дак, этто, на Мирном, шапку продал за сто рублей да, на Мирный уехал, дак там деньги пропил, да всё.",FTT1908,была,Tserkovnoe2.eaf,936.507,947.056,31,34
1637614,dialect_tserkovnoe,"Маленькая было осталася от родителей,",FTT1908,было,Tserkovnoe2.eaf,1033.254,1036.278,11,14
1637650,dialect_tserkovnoe,"Тут тоже жили - да и дрался, да и всё было, ой, не дай бог было.",FTT1908,было,Tserkovnoe2.eaf,1043.685,1049.726,60,63
1637674,dialect_tserkovnoe,"председателем работал да заболел, парализовало, рука была, да и говорил худо, на речь повлияло.",FTT1908,была,Tserkovnoe2.eaf,1052.375,1061.075,54,57
1637979,dialect_tserkovnoe,"а ясли, те, верно, низко были,",FTT1908,были,Tserkovnoe2.eaf,1178.854,1180.953,26,29
1638019,dialect_tserkovnoe,"бабушка -то, дак он, говорят, выйдет этто, на мосту -то было камень,",FTT1908,было,Tserkovnoe2.eaf,1188.114,1191.789,57,60
1638375,dialect_tserkovnoe,"Вот ха= Тоня -то была, та четырёх годов осталася, дак вот хоть было на работу поди, хоть дома сиди, хоть, что хочешь; теперь, так что барыни ходят, а тогда",FTT1908,была,Tserkovnoe2.eaf,1311.995,1321.688,18,21
1638385,dialect_tserkovnoe,"Вот ха= Тоня -то была, та четырёх годов осталася, дак вот хоть было на работу поди, хоть дома сиди, хоть, что хочешь; теперь, так что барыни ходят, а тогда",FTT1908,было,Tserkovnoe2.eaf,1311.995,1321.688,64,67
1638442,dialect_tserkovnoe,коровушки -то было нечем кормить.,FTT1908,было,Tserkovnoe2.eaf,1336.433,1339.13,15,18
1638447,dialect_tserkovnoe,Кабы было чем коровушка -то кормить.,FTT1908,было,Tserkovnoe2.eaf,1339.13,1341.757,6,9
1638785,dialect_tserkovnoe,"ведь оно раньше рос хлеб да и и корм был скоту, и всё было, а теперь.",FTT1908,было,Tserkovnoe2.eaf,1469.166,1475.26,55,58
1639199,dialect_tserkovnoe,"а Миша пострелял, одну взял сострелили, две ли дак, и сегодня не были.",FTT1908,были,Tserkovnoe2.eaf,1660.901,1666.574,66,69
1639225,dialect_tserkovnoe,"на лошадях да, лошадям дак не было спокою,",FTT1908,было,Tserkovnoe2.eaf,1689.644,1693.636,31,34
1639237,dialect_tserkovnoe,"до того их тут допилят, им дня не было спокою, всё и пилили их.",FTT1908,было,Tserkovnoe2.eaf,1693.636,1701.135,35,38
1639368,dialect_tserkovnoe,"Дак где-нибудь найдёшь ей какую-нибудь заплатку, у меня семья -то что, двое ребят только было да,",FTT1908,было,Tserkovnoe2.eaf,1751.244,1756.286,90,93
1639428,dialect_tserkovnoe,"подружка тут моя была, всё мы пили-ели вместях, ой, хорошо жили.",FTT1908,была,Tserkovnoe2.eaf,1775.827,1782.62,18,21
1639447,dialect_tserkovnoe,А речка -то ведь разве эка была?,FTT1908,была,Tserkovnoe2.eaf,1795.297,1797.748,28,31
1639452,dialect_tserkovnoe,"Ой, как было хорошо, была глубокая,",FTT1908,было,Tserkovnoe2.eaf,1797.748,1800.884,9,12
1639455,dialect_tserkovnoe,"Ой, как было хорошо, была глубокая,",FTT1908,была,Tserkovnoe2.eaf,1797.748,1800.884,22,25
1639467,dialect_tserkovnoe,"этто аккурат противу -то лошадей купали, ямка была",FTT1908,была,Tserkovnoe2.eaf,1800.884,1804.332,47,50
1639575,dialect_tserkovnoe,"всё была огород был загорожен, огорода была загорожена по берегу, по сторону и по другую да.",FTT1908,была,Tserkovnoe2.eaf,1852.951,1858.803,40,43
1639696,dialect_tserkovnoe,"насеяли, обильё было, был ячмень да рожь да.",FTT1908,было,Tserkovnoe2.eaf,1890.908,1894.048,17,20
1639957,dialect_tserkovnoe,"У нас этто отец, дак мы всё время одну корову держали - семья небольшая была дак, всё одна корова была.",FTT1908,была,Tserkovnoe2.eaf,1994.832,2001.132,73,76
1640007,dialect_tserkovnoe,Это ему было не писано.,FTT1908,было,Tserkovnoe2.eaf,2022.223,2024.561,9,12
1640054,dialect_tserkovnoe,"А тогда ведь что, не было, лампу жгли -то, с лучиной ходили,",FTT1908,было,Tserkovnoe2.eaf,2037.051,2041.041,22,25
1640360,dialect_tserkovnoe,"У нас семья небольшая была, больше пяти человек не было, ребят немного было.",FTT1908,была,Tserkovnoe2.eaf,2157.245,2162.549,23,26
1640366,dialect_tserkovnoe,"У нас семья небольшая была, больше пяти человек не было, ребят немного было.",FTT1908,было,Tserkovnoe2.eaf,2157.245,2162.549,52,55
1640370,dialect_tserkovnoe,"У нас семья небольшая была, больше пяти человек не было, ребят немного было.",FTT1908,было,Tserkovnoe2.eaf,2157.245,2162.549,72,75
1641218,dialect_tserkovnoe,"Бывало Надежка Покарека ездила, у ей эка кобыла была белоносая, неступистая, неступистая,",FTT1908,была,Tserkovnoe2.eaf,2491.799,2498.247,44,47
1641377,dialect_tserkovnoe,"та кобыла у ей ох хорошая была,",FTT1908,была,Tserkovnoe2.eaf,2546.338,2548.887,27,30
1641392,dialect_tserkovnoe,"с жеребёночком была там ходила, в лесе была спущена да и",FTT1908,была,Tserkovnoe2.eaf,2552.716,2556.217,16,19
1641398,dialect_tserkovnoe,"с жеребёночком была там ходила, в лесе была спущена да и",FTT1908,была,Tserkovnoe2.eaf,2552.716,2556.217,40,43
1641429,dialect_tserkovnoe,"Хорошая была, большая.",FTT1908,была,Tserkovnoe2.eaf,2563.396,2569.123,9,12
1641461,dialect_tserkovnoe,"никого не боялась, тогда этих заключенных -то не было, дак не боялися,",FTT1908,было,Tserkovnoe2.eaf,2582.113,2586.223,50,53
1641756,dialect_tserkovnoe,"кобыла эка была большая дак, едет, едет да как через ворота как фурнет на ей, дак только видели,",FTT1908,была,Tserkovnoe2.eaf,2680.137,2685.971,12,15
1641809,dialect_tserkovnoe,"А тут жеребята были дак,",FTT1908,были,Tserkovnoe2.eaf,2702.311,2705.61,16,19
1641846,dialect_tserkovnoe,"эка кобылка была смиренная-смиренная, он сел на эту на жеребушку -то да и",FTT1908,была,Tserkovnoe2.eaf,2712.71,2716.706,13,16
1642403,dialect_tserkovnoe,"А о-о, кабы мне не сделать операцию, дак я бы давно загнулася была.",FTT1908,была,Tserkovnoe2.eaf,2921.869,2926.8,63,66
1642873,dialect_tserkovnoe,"она говорит, внучка была,",FTT1908,была,Tserkovnoe2.eaf,3115.146,3117.035,21,24
1642991,dialect_tserkovnoe,"и больше ничего не помню, ничего, ничего, хоть зарежь было всю, дак перережь на куски, дак ничего, ничего.",FTT1908,было,Tserkovnoe2.eaf,3157.589,3164.035,55,58
1643319,dialect_tserkovnoe,"Ну дак тебе надо, чтоб не больно было, будет не больно'.",FTT1908,было,Tserkovnoe2.eaf,3277.2,3280.84,34,37
1643373,dialect_tserkovnoe,"что, никакого врача, никакого ведь не было.",FTT1908,было,Tserkovnoe2.eaf,3304.503,3307.473,39,42
1643558,dialect_tserkovnoe,"Так у Евдокии работы -то меньше, она чтоб было, уедет, поедет косить с мужиками, на машины, ну вот жила, что ей, гулящая тоже была такая.",AAX1908,было,Д88_2_Церковное_Плесецк.eaf,7.759,18.03,43,46
1643581,dialect_tserkovnoe,"Так у Евдокии работы -то меньше, она чтоб было, уедет, поедет косить с мужиками, на машины, ну вот жила, что ей, гулящая тоже была такая.",AAX1908,была,Д88_2_Церковное_Плесецк.eaf,7.759,18.03,127,130
1643714,dialect_tserkovnoe,"Мужик вот этот женился, взял тут одну, там на Матнемы была, Надька, она теперь здесь живёт.",AAX1908,была,Д88_2_Церковное_Плесецк.eaf,91.771,103.813,55,58
1643840,dialect_tserkovnoe,"Ой, он тоже тут и не= было всяко у их, он обманывал, там сходит поживёт да, чтобы= документы надь было выхлопотать чтобы.",AAX1908,было,Д88_2_Церковное_Плесецк.eaf,174.938,197.472,23,26
1643857,dialect_tserkovnoe,"Ой, он тоже тут и не= было всяко у их, он обманывал, там сходит поживёт да, чтобы= документы надь было выхлопотать чтобы.",AAX1908,было,Д88_2_Церковное_Плесецк.eaf,174.938,197.472,99,102
1643989,dialect_tserkovnoe,Так это я девкой была.,AAX1908,была,Д88_2_Церковное_Плесецк.eaf,258.03,261.587,18,21
1644061,dialect_tserkovnoe,"Моя -то дочь была, приехала, глаз заболел, дак уехала.",AAX1908,была,Д88_2_Церковное_Плесецк.eaf,298.621,304.432,14,17
1644110,dialect_tserkovnoe,У меня не была кошка -то.,AAX1908,была,Д88_2_Церковное_Плесецк.eaf,316.191,330.23,11,14
1644237,dialect_tserkovnoe,"А раньше в войну -то дак, у меня много было земли -то, вот эта вся земля была моя, там -то до огороду да и, а сейчас -то я всё запустела, не могу боле, я пахать не могу дак, надо людей -то, людей -то надь кого взять, дак надь быутылка, а для чего мне, я картошки худо ем дак.",AAX1908,было,Д88_2_Церковное_Плесецк.eaf,395.167,414.001,40,43
1644502,dialect_tserkovnoe,"Ак пряла, всё вязала внучатам носки, а сейгод ноне что -то всё прибаливаю, дак и ничего не= не вязала ещё, не пряла, ничего; то жарко было, то холодно, ничего уж восемь= восемьдесят годов, дак всё стало болеть.",AAX1908,было,Д88_2_Церковное_Плесецк.eaf,521.349,539.387,135,138
1644709,dialect_tserkovnoe,"А у ей случилося, она тоже, ребят у ей не было, три раз замуж вышла, да вот, этого, стала мыть, да упала со стула да и ногу сломила.",AAX1908,было,Д88_2_Церковное_Плесецк.eaf,640.794,657.968,43,46
1644867,dialect_tserkovnoe,"Потом она, опять приехала сестра -то, она запросилась: 'Стешка, возьми меня, возьми меня', а она ей деньги -то, на тутам сестру прописаны были, а она говорит: 'Ой, нет, уж я не возьму, как хочешь, у меня тут, гостей много да всё да...'",AAX1908,были,Д88_2_Церковное_Плесецк.eaf,699.726,723.866,139,142
1645282,dialect_tserkovnoe,Я -то была самая старшая.,AAX1908,была,Д88_2_Церковное_Плесецк.eaf,875.404,890.754,7,10
1645634,dialect_tserkovnoe,"У дочи было семеро ребят, у Степанихи, вот сколько.",AAX1908,было,Д88_2_Церковное_Плесецк.eaf,1096.596,1102.494,8,11
1646065,dialect_tserkovnoe,"А гляди-ко старухи какие вот, а тут, ну ведь помоложе есть, здесь ещё Кудряшка была пела ходила, та померла уж.",AAX1908,была,Д88_2_Церковное_Плесецк.eaf,1336.999,1356.626,80,83
1646475,dialect_tserkovnoe,Так что было хоть...,AAX1908,было,Д88_2_Церковное_Плесецк.eaf,1636.993,1639.945,9,12
1646504,dialect_tserkovnoe,"Внучатыма -то были, маленькие -то дак.",AAX1908,были,Д88_2_Церковное_Плесецк.eaf,1640.618,1657.562,15,18
1646577,dialect_tserkovnoe,Четверо ребят было.,AAX1908,было,Д88_2_Церковное_Плесецк.eaf,1711.864,1728.286,15,18
1646700,dialect_tserkovnoe,"А он ездил наперво, эти были, этого, такие а потом у нас тепловозы пошли, дак на тепловозы надь было и -то.",AAX1908,были,Д88_2_Церковное_Плесецк.eaf,1802.103,1822.187,25,28
1646716,dialect_tserkovnoe,"А он ездил наперво, эти были, этого, такие а потом у нас тепловозы пошли, дак на тепловозы надь было и -то.",AAX1908,было,Д88_2_Церковное_Плесецк.eaf,1802.103,1822.187,97,100
1646720,dialect_tserkovnoe,Были паровозы!,AAX1908,Были,Д88_2_Церковное_Плесецк.eaf,1802.103,1822.187,1,4
1647131,dialect_tserkovnoe,"А в войну трудно хлебом было, всем, трудно, вот, а две старухи еще, а что платили?",AYAX1911,было,Д88_3__Д88_1_Церковное_Плесецк_ф.eaf,131.104,153.229,25,28
1648530,dialect_tserkovnoe,А мамы -то трудно ле нет не было!,AYAX1911,было,Д88_3__Д88_1_Церковное_Плесецк_ф.eaf,708.033,721.308,29,32
1648538,dialect_tserkovnoe,Еще старухи -то были да.,AYAX1911,были,Д88_3__Д88_1_Церковное_Плесецк_ф.eaf,724.232,729.447,17,20
1649107,dialect_tserkovnoe,"Сейчас эти свои -то эки мельницы -то были, жернова -то все эти уничтожены, где те?",AYAX1911,были,Д88_3__Д88_1_Церковное_Плесецк_ф.eaf,929.277,941.415,38,41
1649175,dialect_tserkovnoe,"Ой, было хорошо эсколь.",AYAX1911,было,Д88_3__Д88_1_Церковное_Плесецк_ф.eaf,944.01,961.048,5,8
1650473,dialect_tserkovnoe,"Вот, а девки -то, дочери -то, были, свекрова -то не пошла к дочерям.",AYAX1911,были,Д88_3__Д88_1_Церковное_Плесецк_ф.eaf,1467.451,1483.203,31,34
1650544,dialect_tserkovnoe,"А я говорю, ничто и раньше было прописывать.",AYAX1911,было,Д88_3__Д88_1_Церковное_Плесецк_ф.eaf,1495.123,1501.239,28,31
1650549,dialect_tserkovnoe,"А что было, дак всё, говорят, эти хаты -то.",AYAX1911,было,Д88_3__Д88_1_Церковное_Плесецк_ф.eaf,1503.248,1519.52,7,10
1650666,dialect_tserkovnoe,"Много было, не все, раз прописан.",AYAX1911,было,Д88_3__Д88_1_Церковное_Плесецк_ф.eaf,1552.32,1573.847,7,10
1650914,dialect_tserkovnoe,"Я в доярках была, и потом, как его, и на машинах косила, и на молотилке, и картошку вываливала.",AYAX1911,была,Д88_3__Д88_1_Церковное_Плесецк_ф.eaf,1642.253,1661.171,13,16
1651024,dialect_tserkovnoe,"Ой, было роблено дак.",AYAX1911,было,Д88_3__Д88_1_Церковное_Плесецк_ф.eaf,1661.171,1677.425,5,8
1651177,dialect_tserkovnoe,"Самовары -то раньше еще были, грели.",AYAX1911,были,Д88_3__Д88_1_Церковное_Плесецк_ф.eaf,1728.165,1739.355,25,28
1651255,dialect_tserkovnoe,"Ак ведь она на столи была дак, а он маленький, думает, ладно, в самовар бульнул, да вот тебе и всё.",AYAX1911,была,Д88_3__Д88_1_Церковное_Плесецк_ф.eaf,1768.194,1790.732,22,25
1651486,dialect_tserkovnoe,Не на пенсии ещё была.,AYAX1911,была,Д88_3__Д88_1_Церковное_Плесецк_ф.eaf,1885.184,1887.049,18,21
1651722,dialect_tserkovnoe,"Какое было, такое и есть.",AYAX1911,было,Д88_3__Д88_1_Церковное_Плесецк_ф.eaf,2030.05,2037.586,7,10
1651842,dialect_tserkovnoe,"А не было стекла -то, не было, вишь.",AYAX1911,было,Д88_3__Д88_1_Церковное_Плесецк_ф.eaf,2099.438,2116.107,26,29
1652140,dialect_tserkovnoe,"Много -то было, дак некогда было.",AYAX1911,было,Д88_3__Д88_1_Церковное_Плесецк_ф.eaf,2309.639,2320.547,29,32
1652144,dialect_tserkovnoe,"Много -то было, дак некогда было.",AYAX1911,было,Д88_3__Д88_1_Церковное_Плесецк_ф.eaf,2309.639,2320.547,11,14
1652381,dialect_tserkovnoe,"Сами родители пахали -то, мы -то тогда ещё малые были.",AYAX1911,были,Д88_3__Д88_1_Церковное_Плесецк_ф.eaf,2420.163,2444.19,50,53
1652807,dialect_tserkovnoe,"Ой-ё-ёй, было всего поделано.",AYAX1911,было,Д88_3__Д88_1_Церковное_Плесецк_ф.eaf,2646.648,2663.652,10,13
1652889,dialect_tserkovnoe,"Не, а чего, родители дак , померли, а всё да было, как девали, у меня чего, бывало, не стало.",AYAX1911,было,Д88_3__Д88_1_Церковное_Плесецк_ф.eaf,2690.765,2700.332,46,49
1652941,dialect_tserkovnoe,"Чего, дак как будто раньше или чего надо, как -то народ везде не было ле что ле такое ле, не знаю.",AYAX1911,было,Д88_3__Д88_1_Церковное_Плесецк_ф.eaf,2723.656,2757.84,66,69
1653261,dialect_tserkovnoe,"А бабушка, бабушка ещё уговаривает, 'Ты больше, дитятко, эк не говори', раньше ведь нельзя было, 'Ты, дитятко, это больше не говори, нельзя'.",AYAX1911,было,Д88_3__Д88_1_Церковное_Плесецк_ф.eaf,2849.068,2871.214,92,95
1653320,dialect_tserkovnoe,"А потом чугунки появились, мало чугунков -то было.",AYAX1911,было,Д88_3__Д88_1_Церковное_Плесецк_ф.eaf,2873.417,2876.657,46,49
1653463,dialect_tserkovnoe,"Уж кое-чего, нас хоть десять человек было да старик да бабушка да дедушка.",AYAX1911,было,Д88_3__Д88_1_Церковное_Плесецк_ф.eaf,2928.471,2938.296,38,41
1653500,dialect_tserkovnoe,"А хорошо, эко же, не то бабушка мешает, то де=, дитятко, она всё 'Дитятко, дитятко!' Вот такая бабушка у нас была ласковая.",AYAX1911,была,Д88_3__Д88_1_Церковное_Плесецк_ф.eaf,2942.864,2965.156,110,113
1653557,dialect_tserkovnoe,"Сейчас в садик стащат, там ешьте, хоть не ешьте хоть, опять в больницу потащили, а раньше никакая больница не была, никуда дак вали.",AYAX1911,была,Д88_3__Д88_1_Церковное_Плесецк_ф.eaf,2965.156,2977.09,111,114
1653642,dialect_tserkovnoe,"А тут подоишь= подоят корову -то дак, кругом стола сядут дак, себе нальют молока кругом, эти чашки, крынки -то, горшки, были такие кружки такие.",AYAX1911,были,Д88_3__Д88_1_Церковное_Плесецк_ф.eaf,2998.086,3013.112,121,124
1654053,dialect_tserkovnoe,"Ой, наедятся, ещё молока принесут, уж и не захочется есть, Какие -то экие ядрёные люди были.",AYAX1911,были,Д88_3__Д88_1_Церковное_Плесецк_ф.eaf,3156.551,3188.149,88,91
1654137,dialect_tserkovnoe,Ещё квасницы раньше были делали...,AYAX1911,были,Д88_3__Д88_1_Церковное_Плесецк_ф.eaf,3198.767,3218.023,21,24
1654597,dialect_tserkovnoe,"Не было, не было, не солили.",AYAX1911,было,Д88_3__Д88_1_Церковное_Плесецк_ф.eaf,3413.757,3429.052,13,16
1655479,dialect_tserkovnoe,"Этто, там дальше деревня, я ведь не в этой деревни была, там Андрониха есть, там у нас было двенадцать домов, в Андронихи, там был колхоз, у нас сначала, 'Красная звезда' колхоз был.",AAN1909,было,Д88_3__Д88_1_Церковное_Плесецк_ф.eaf,3813.81,3841.463,88,91
1655563,dialect_tserkovnoe,"Уехали а, а тут потом схватился, приезжал, , схватились Никифоровы, что дом продали, и говорит: 'Лучше было б дома жить, чем в Архангельском'.",AAN1909,было,Д88_3__Д88_1_Церковное_Плесецк_ф.eaf,3841.463,3863.825,104,107
1655936,dialect_tserkovnoe,"Ак что -то, нет уж, у его стряхнутось всё было.",AAN1909,было,Д88_3__Д88_1_Церковное_Плесецк_ф.eaf,3961.998,3969.609,43,46
1655969,dialect_tserkovnoe,Как у его здоровье бы было.,AAN1909,было,Д88_3__Д88_1_Церковное_Плесецк_ф.eaf,3970.717,3979.354,23,26
1656265,dialect_tserkovnoe,И здесь они были.,AAN1909,были,Д88_3__Д88_1_Церковное_Плесецк_ф.eaf,4090.671,4104.901,13,16
1656493,dialect_tserkovnoe,"Я довольна, что Галька такая попала, он теперь стал человек, а то бывало спился было.",AAN1909,было,Д88_3__Д88_1_Церковное_Плесецк_ф.eaf,4154.761,4167.603,81,84
1657582,dialect_tserkovnoe,"Ох, они такие богатые были, а песен не умели.",AAN1909,были,Д88_3__Д88_1_Церковное_Плесецк_ф.eaf,4840.779,4873.024,23,26
1657637,dialect_tserkovnoe,А ещё были песни Была э ой,AAN1909,были,Д88_3__Д88_1_Церковное_Плесецк_ф.eaf,4873.024,4881.963,7,10
1658018,dialect_tserkovnoe,А там Успеньё было.,AAN1909,было,Д88_3__Д88_1_Церковное_Плесецк_ф.eaf,5186.381,5195.297,15,18
1658158,dialect_tserkovnoe,"Малыниха тоже была домов двадцать деревня, вот какая.",AAN1909,была,Д88_3__Д88_1_Церковное_Плесецк_ф.eaf,5253.746,5270.657,15,18
1658171,dialect_tserkovnoe,"А в Андронихи двенадцать домов было, деревня была.",AAN1909,было,Д88_3__Д88_1_Церковное_Плесецк_ф.eaf,5253.746,5270.657,32,35
1658222,dialect_tserkovnoe,"Я вот была в Андронихи, я жила там, вот я помню, сколько там было людей!",AAN1909,было,Д88_3__Д88_1_Церковное_Плесецк_ф.eaf,5277.55,5296.318,62,65
1658283,dialect_tserkovnoe,"Там вот Казан= там вот Казанская была, эвон видно Верхний конец.",AAN1909,была,Д88_3__Д88_1_Церковное_Плесецк_ф.eaf,5310.374,5323.961,34,37
1658306,dialect_tserkovnoe,"Ишь, весь= всё кустами заросло, а всё было видно, никаких кустов ведь не было, всё пожни были.",AAN1909,было,Д88_3__Д88_1_Церковное_Плесецк_ф.eaf,5310.374,5323.961,39,42
1658518,dialect_tserkovnoe,"Но, было дак вот надь было раньше работать.",AAN1909,было,Д88_3__Д88_1_Церковное_Плесецк_ф.eaf,5458.887,5470.251,23,26
1658577,dialect_tserkovnoe,"Ак надь нам было на фермы самим дров навозить, бабам -то, да пилим весь день в навозе, а возить надь, вот этого быка -то я всё и водила, это мне дома -то почти жить не приходилось.",AAN1909,было,Д88_3__Д88_1_Церковное_Плесецк_ф.eaf,5489.171,5506.503,13,16
1658835,dialect_tserkovnoe,"Дак что, я бригадиром была два года, на дальний покос ездили.",AAN1909,была,Д88_3__Д88_1_Церковное_Плесецк_ф.eaf,5671.913,5699.282,23,26
1659248,dialect_tserkovnoe,"Я съездила клеёнок там ей увезла, койку купила, матрас, и там сундук, и всё к лешему у меня куда пропало; хотела племяннице сказать продать, там куды у меня всё леший взял, койка там была, да матрас куплен, да всё.",AAN1909,была,Д88_3__Д88_1_Церковное_Плесецк_ф.eaf,5874.644,5895.005,184,187
1659337,dialect_tserkovnoe,"Я было четыре куры взяла, да у меня дак.",AAN1909,было,Д88_3__Д88_1_Церковное_Плесецк_ф.eaf,5925.35,5937.621,3,6
1659471,dialect_tserkovnoe,"Опять получили, вот как захрястывали, вот какие пенсии -то были, а сейчас пенсии -то по сто тридцать зарабатывают дак, полдела жить -то.",AAN1909,были,Д88_3__Д88_1_Церковное_Плесецк_ф.eaf,5990.258,6000.005,60,63
1660089,dialect_tserkovnoe,Хорошо было.,AAN1909,было,Д88_3__Д88_1_Церковное_Плесецк_ф.eaf,6232.93,6246.568,8,11
1660106,dialect_tserkovnoe,"С войны пришёл, а лёгкие были прострелены, скрозь рот пуля прошла, зубы все вышиблено, дак только лежал на кроваьти так, больше году.",AAN1909,были,Д88_3__Д88_1_Церковное_Плесецк_ф.eaf,6258.592,6272.657,26,29
1660395,dialect_tserkovnoe,"Зубы вышиблены были, пуля вот так прошла скрозь рот этто.",AAN1909,были,Д88_3__Д88_1_Церковное_Плесецк_ф.eaf,6378.942,6408.717,16,19
1660907,dialect_tserkovnoe,Надь испуг было его лечить -то.,AAN1909,было,Д88_3__Д88_1_Церковное_Плесецк_ф.eaf,6648.895,6661.569,12,15
1661314,dialect_tserkovnoe,Матка -то ворина была хорошая!,AAN1909,была,Д88_3__Д88_1_Церковное_Плесецк_ф.eaf,6858.5,6864.775,18,21
1661566,dialect_tserkovnoe,"Дак нас допрашивали да были, потом на суд.",AAN1909,были,Д88_3__Д88_1_Церковное_Плесецк_ф.eaf,6945.798,6959.475,24,27
1661701,dialect_tserkovnoe,"Я там работала да была, потом кассацию подала, подала кассацию и, и, как его, меня вызвали, я сходила, и на работу ушла, не знаю, что мне-ка будет.",AAN1909,была,Д88_3__Д88_1_Церковное_Плесецк_ф.eaf,6999.991,7021.871,19,22
1661750,dialect_tserkovnoe,"А потом бабы -то идут с суда -то, я на работы уж была там, где, говорят, эта Антонова -то кутящая -то?",AAN1909,была,Д88_3__Д88_1_Церковное_Плесецк_ф.eaf,7021.871,7039.353,50,53
1661876,dialect_tserkovnoe,"Баба одна за молоко была, молока не выплатила дак, тоже осуждёна.",AAN1909,была,Д88_3__Д88_1_Церковное_Плесецк_ф.eaf,7063.712,7079.368,21,24
1662129,dialect_tserkovnoe,"Я же там не отрабатывала, они -то отрабатывали - сено ставили тут колхозу да, было делов -то, это всё в налогах -то.",AAN1909,было,Д88_3__Д88_1_Церковное_Плесецк_ф.eaf,7161.111,7181.099,79,82
1662360,dialect_tserkovnoe,"А тут, а это, что вот дом, баба, на семнадцатом живёт, там мужик был, из Андронихи там у нас, я раньше, мы ещё, девкой -то я была, так вот он был на семнадцатый уехал=",AAN1909,была,Д88_3__Д88_1_Церковное_Плесецк_ф.eaf,7266.261,7279.65,126,129
1662504,dialect_tserkovnoe,"А в томтам доми, за этим домом дом, опять жили, два сына было, да они жили тоже хорошо, потом поехали в лес, ребята -то, матку -то взяли, она знаешь, они там сидят, на лошади поехали -то дак, на дровнях, а она, посмотрели, она, за это, такая волокуша была, она там лежит, матка -то.",AAN1909,было,Д88_3__Д88_1_Церковное_Плесецк_ф.eaf,7337.498,7363.655,58,61
1679467,dialect_upper_pinega_and_vyya,"Вот, дети, уж какая, раньше ничего не боялася было ак, а вот поди-ко не бойся, бык -то это бык, он, его бойся!",PNS1907,было,Tineva42.eaf,1529.175,1537.26,47,50
1681806,dialect_upper_pinega_and_vyya,#ERROR!,XZV1907,была,Tineva51.eaf,860.809,865.461,,
1684351,dialect_upper_pinega_and_vyya,#ERROR!,XZV1907,было,Tineva52.eaf,522.205,530.674,,
1685222,dialect_upper_pinega_and_vyya,"не надо было такие -то, дак что заделаешь, девки, угроблены все эти.",XZV1907,было,Tineva52.eaf,927.087,931.257,9,12
1686321,dialect_upper_pinega_and_vyya,"о, всё было, девки!",XZV1907,было,Tineva52.eaf,1459.085,1460.503,8,11
1693726,dialect_upper_pinega_and_vyya,"сегодня он -то было съездил, я говорю, а не знаю, он рано оттуда поехал на работу -то, а ездил в ту сторону, так не знаю, говорю,",XNA1914,было,Tineva6-2storona_tasc.eaf,1460.093,1465.831,16,19
1712871,dialect_upper_pinega_and_vyya,"и было деревня -то больше как каменица,",MPE1917,было,Vaduga2.eaf,952.968,955.613,3,6
1721344,dialect_upper_pinega_and_vyya,"а надо было... там ко= тоже-ко канава, глубокая канава, она...",XIA,было,Vaduga3.eaf,967.066,972.214,8,11
2084963,dialect_veegora,"после гражданской -то, на сарафан не купишь, не было мануфактуры,",RUKXXXX,было,Veegora_8542ф.eaf,44.786,49.815,49,52
2085357,dialect_veegora,"Только уж не дни -то не ночи ей не было,",RUKXXXX,было,Veegora_8542ф.eaf,300.894,304.253,36,39
2085835,dialect_veegora,"Сметана -то раньше была хорошая, ведь от своих -то коров, наквасят.",RUKXXXX,была,Veegora_8542ф.eaf,566.678,573.618,20,23
2086166,dialect_veegora,До войны ещё было.,RUKXXXX,было,Veegora_8542ф.eaf,703.043,708.058,14,17
2086540,dialect_veegora,"Пришла, а у меня сестра здесь из деревни, она в том конци была, она говорит: 'Я пошлю Клашу, она подёржит.",RUKXXXX,была,Veegora_8542ф.eaf,832.59,842.536,59,62
2086913,dialect_veegora,"Ну дак вот трактор -то, холодно, он свои валенки ещё трактористу отдал, холодно пахать было, какой сев был холодный,",RUKXXXX,было,Veegora_8542ф.eaf,987.886,995.645,88,91
2087059,dialect_veegora,"Дак до вой= был маленький, тракторка были пахали, и какие -то большие были, дак мало время -то пахали, первое только ещё.",RUKXXXX,были,Veegora_8542ф.eaf,1042.105,1051.339,38,41
2087082,dialect_veegora,"Девки были трактористами -то тут, учились тоже, да.",RUKXXXX,были,Veegora_8542ф.eaf,1051.339,1055.623,7,10
2087098,dialect_veegora,"В= Маршунька у нас на была трактористом, да там была, э, что, эта, Серафимка Пришкина трактористом, они вот тут... а потом все , ничего не было, всё лошадями.",RUKXXXX,была,Veegora_8542ф.eaf,1055.623,1071.083,23,26
2087127,dialect_veegora,"В= Маршунька у нас на была трактористом, да там была, э, что, эта, Серафимка Пришкина трактористом, они вот тут... а потом все , ничего не было, всё лошадями.",RUKXXXX,было,Veegora_8542ф.eaf,1055.623,1071.083,140,143
2087249,dialect_veegora,"И= и без выходных -то нам, выходных -то не было, да ведь не пропали, не померли ни за что...",RUKXXXX,было,Veegora_8542ф.eaf,1126.882,1133.551,44,47
2087432,dialect_veegora,"Я говорю, ты всего -то была на пятнадцатом году.",RUKXXXX,была,Veegora_8542ф.eaf,1220.474,1227.284,24,27
2087596,dialect_veegora,"И вот какая там ма= ма= маре= маре= марелэс=, а раньше руками копали канавы -то, были такие уж в колхозе -то, выкопали канавы -то, дак вы= ведь и стали посуше, а то нельзя было на лошадях, только на себе охапками носили.",RUKXXXX,были,Veegora_8542ф.eaf,1298.421,1312.554,82,85
2087619,dialect_veegora,"И вот какая там ма= ма= маре= маре= марелэс=, а раньше руками копали канавы -то, были такие уж в колхозе -то, выкопали канавы -то, дак вы= ведь и стали посуше, а то нельзя было на лошадях, только на себе охапками носили.",RUKXXXX,было,Veegora_8542ф.eaf,1298.421,1312.554,173,176
2087787,dialect_veegora,"Тимофеевка свою, у нас раньше были поля насеяны, дак на= молотили дак, подсевали.",RUKXXXX,были,Veegora_8542ф.eaf,1359.302,1365.037,31,34
2087805,dialect_veegora,"Было несколько полей там почто -то засеяно, мы боронили всё, а потом пахали.",RUKXXXX,Было,Veegora_8542ф.eaf,1366.571,1373.865,1,4
2087960,dialect_veegora,А раньше продажные были.,RUKXXXX,были,Veegora_8542ф.eaf,1446.101,1454.809,20,23
2088001,dialect_veegora,Ещё косить -то было нечем.,RUKXXXX,было,Veegora_8542ф.eaf,1454.809,1462.919,16,19
2088023,dialect_veegora,"Ковали у нас, ещё я была там на Вальтево в девках, дак кузнец ковал из этих, из снарядов -то какие, тоже была война дак, снаряды -то все эти были, стаканы.",RUKXXXX,была,Veegora_8542ф.eaf,1467.846,1480.419,106,109
2088052,dialect_veegora,"Ковали у нас, ещё я была там на Вальтево в девках, дак кузнец ковал из этих, из снарядов -то какие, тоже была война дак, снаряды -то все эти были, стаканы.",RUKXXXX,были,Veegora_8542ф.eaf,1467.846,1480.419,142,145
2088197,dialect_veegora,"Они и теперь есть тоже, и раньше были в продаже, стойки.",RUKXXXX,были,Veegora_8542ф.eaf,1529.337,1541.705,34,37
2088355,dialect_veegora,Мыло было.,RUKXXXX,было,Veegora_8542ф.eaf,1618.183,1621.582,6,9
2088516,dialect_veegora,"Нам было нечем, бумаги не было, ничего не было.",RUKXXXX,было,Veegora_8542ф.eaf,1689.463,1697.248,5,8
2088525,dialect_veegora,"Нам было нечем, бумаги не было, ничего не было.",RUKXXXX,было,Veegora_8542ф.eaf,1689.463,1697.248,43,46
2088597,dialect_veegora,"Красна, их тоже ведь, знаешь, наснуют, всё было, люди учитано, как -то учитывали, ведь эт всё, как вот, ну вот как теперь мануфактура, так и холст,",RUKXXXX,было,Veegora_8542ф.eaf,1726.07,1739.265,44,47
2088762,dialect_veegora,"Каждое пасмо надь сосчитать, дак не= не шестьдесят ле ниток пасмы это было, как вот сколько пасм, на семерник дак семь пасм, на вось= та= четырнадцать в основу.",RUKXXXX,было,Veegora_8542ф.eaf,1794.809,1811.456,71,74
2088983,dialect_veegora,"На вечереньку ещё придем дак и раньше ещё светильни ещё, керосину -то не было.",RUKXXXX,было,Veegora_8542ф.eaf,1898.073,1903.443,74,77
2089867,dialect_veegora,"Мне было восемь, девятый, я в няньках жила.",RUKXXXX,было,Veegora_8542ф.eaf,2382.89,2385.457,5,8
2089958,dialect_veegora,"Свекровка -то не родная, была девушка -то маленькая, уедут рано, ещё тёмно, эко косить -то, я останусь одна, дом -то худой, большой.",RUKXXXX,была,Veegora_8542ф.eaf,2421.33,2434.861,26,29
2090009,dialect_veegora,"А в гражданскую -то войну у их ведь у нас было там Подсезерье, под Сезёрой -то были всё белые, там к белым много убежали, а у нас -то красные.",RUKXXXX,были,Veegora_8542ф.eaf,2434.861,2448.642,80,83
2090149,dialect_veegora,"Нет, ещё Кондратия не было, дак война -то, с кем они воевали -то, они, наверное, с кем -то воевали, только что красная уж забрала -то.",RUKXXXX,было,Veegora_8542ф.eaf,2493.742,2500.964,23,26
2090244,dialect_veegora,"Некоторые у= в белые убегали, была= была белая у нас, потом забрала красная дак.",RUKXXXX,была,Veegora_8542ф.eaf,2536.139,2544.182,37,40
2090549,dialect_veegora,"У нас -то здесь -то не была, а были коммуны -то, у нас были там в Окулове там коммуны -то, у нас здесь на Веегоры -то собиралась коммуна -то, коммунары -то были тоже, да на Шеймогоры, говорят, была.",RUKXXXX,была,Veegora_8542ф.eaf,2679.112,2690.138,24,27
2090552,dialect_veegora,"У нас -то здесь -то не была, а были коммуны -то, у нас были там в Окулове там коммуны -то, у нас здесь на Веегоры -то собиралась коммуна -то, коммунары -то были тоже, да на Шеймогоры, говорят, была.",RUKXXXX,были,Veegora_8542ф.eaf,2679.112,2690.138,32,35
2090582,dialect_veegora,"У нас -то здесь -то не была, а были коммуны -то, у нас были там в Окулове там коммуны -то, у нас здесь на Веегоры -то собиралась коммуна -то, коммунары -то были тоже, да на Шеймогоры, говорят, была.",RUKXXXX,были,Veegora_8542ф.eaf,2679.112,2690.138,157,160
2090609,dialect_veegora,"У нас этот домо был, я уж одна, без мужа вот делала, дак было всё тоже то они тоже, в коммуну ушёл он дак, а потом .",RUKXXXX,было,Veegora_8542ф.eaf,2690.138,2703.335,58,61
2090747,dialect_veegora,"Мельниковых три брата, они все были слу= потом служили, в Пинеге, из Суры -то было в коммуну приехали тогды они, вся коммуна там рассыпалась, ведь и где коммуна -то будет жить, где будешь брать -то, как государству -то помогать не на чем, а что, приехали голы, как сокол,",RUKXXXX,было,Veegora_8542ф.eaf,2739.387,2758.223,79,82
2090859,dialect_veegora,"Сперва -то ели-ели, чего -то было ещё какие -то коровы да, кое-что всё съели боле и и не обуть было, это, у нас из Верколы, я книжку -то читала, она, жёнка -то, ну, Обрамов, , да.",RUKXXXX,было,Veegora_8542ф.eaf,2767.259,2785.074,30,33
2091092,dialect_veegora,"Она ведь та ведь жёнка -то и говорит, что у меня и все шт= такие были штаны, такие были всё у меня всё всё ра= всё разобрали, всё снос= выносили, мы и поехали опять как же вот, ведь мужика -то знаю, как...",RUKXXXX,были,Veegora_8542ф.eaf,2848.137,2861.164,84,87
2091133,dialect_veegora,"А здесь Шеймогоры тоже была коммуна -то, тоже собрались было, дак чего, в коммуны -то.",RUKXXXX,была,Veegora_8542ф.eaf,2863.525,2868.987,24,27
2091249,dialect_veegora,Голодом были.,RUKXXXX,были,Veegora_8542ф.eaf,2913.964,2920.513,9,12
2091276,dialect_veegora,Худо было в колхозе.,RUKXXXX,было,Veegora_8542ф.eaf,2920.513,2929.871,6,9
2091378,dialect_veegora,"Дак у родителей я жила не мирала, у родителей у нас хошь много было, у нас отец был хороший, непьющий, ничего у нас.",RUKXXXX,было,Veegora_8542ф.eaf,2996.216,3003.413,64,67
2091601,dialect_veegora,"Ак у нас вот мальчик был родился, на ревизию, ему нарезали землю, и он умер, и вот эта земля у нас десять годов была, две души.",RUKXXXX,была,Veegora_8542ф.eaf,3097.086,3113.624,113,116
2091615,dialect_veegora,"А если бы отбирали, одна душа у нас была, а то две.",RUKXXXX,была,Veegora_8542ф.eaf,3097.086,3113.624,37,40
2092683,dialect_veegora,"А заплетают -то то уж и их я не знаю, где их заплетатют, не то к попу ве= венчаться ездили, я уж там не видала, не была.",RUKXXXX,была,Veegora_8542ф.eaf,3561.793,3572.199,116,119
2092850,dialect_veegora,"Раньше немного и было крашеного, большинство все белые такие.",RUKXXXX,было,Veegora_8543_ф.eaf,34.601,39.53,18,21
2093173,dialect_veegora,"А я уж не была, я= у меня свадьба не была уж.",RUKXXXX,была,Veegora_8543_ф.eaf,258.586,262.066,11,14
2093180,dialect_veegora,"А я уж не была, я= у меня свадьба не была уж.",RUKXXXX,была,Veegora_8543_ф.eaf,258.586,262.066,38,41
2093298,dialect_veegora,"У меня двоюродную сестру, жених -то горбатый такой, а то она молодая была, вот и приехали, из богатого житья -то богатые ведь.",RUKXXXX,была,Veegora_8543_ф.eaf,319.156,333.846,70,73
2093447,dialect_veegora,Тоже дети были.,RUKXXXX,были,Veegora_8543_ф.eaf,379.155,395.544,11,14
2093488,dialect_veegora,"Раньше ведь на дев= у девки -то души -то не было, земли -то не было.",RUKXXXX,было,Veegora_8543_ф.eaf,401.856,420.108,64,67
2093586,dialect_veegora,"У нас было семь девок, а только отец да один брат.",RUKXXXX,было,Veegora_8543_ф.eaf,434.506,455.963,7,10
2093670,dialect_veegora,"Да ещё пестрядинники своетканые, сарафанов -то нисколько и было.",RUKXXXX,было,Veegora_8543_ф.eaf,463.153,477.676,60,63
2093717,dialect_veegora,"И рубахи такие, у мужиков рубахи такие были.",RUKXXXX,были,Veegora_8543_ф.eaf,479.423,498.291,40,43
2093862,dialect_veegora,Такой= такие наряды были.,RUKXXXX,были,Veegora_8543_ф.eaf,559.523,566.775,21,24
2093928,dialect_veegora,Были.,RUKXXXX,Были,Veegora_8543_ф.eaf,596.882,610.111,1,4
2094100,dialect_veegora,"Были, были, как нет.",RUKXXXX,Были,Veegora_8543_ф.eaf,713.244,715.156,1,4
2094417,dialect_veegora,"А которые опять такие были косынки шёлковые красные, этто завяжут, этто кустики сделают тут на= такие ожерелья, ...",RUKXXXX,были,Veegora_8543_ф.eaf,882.26,893.003,23,26
2094883,dialect_veegora,"Ак раньше -то тоже и было ведь в магазинах -то, то тоже купят пряников, да такого да...",RUKXXXX,было,Veegora_8543_ф.eaf,1106.897,1116.634,22,25
2094906,dialect_veegora,"Рыба своя раньше у которых была тоже, мясо своё, коровы по две ведь, не все, а которые хорошо жили дак, всего наладят.",RUKXXXX,была,Veegora_8543_ф.eaf,1116.634,1133.588,28,31
2095380,dialect_veegora,"-то такое -то шили на себя коф= эти раньше ведь и не были кофты, не шили, платей не шили, ак уж тут последнее -то, после -то уж шили, дак и нынче ещё таких -то не сшить.",RUKXXXX,были,Veegora_8543_ф.eaf,1350.73,1368.24,54,57
2095534,dialect_veegora,Дак в магазинах -то было ведь тоже.,RUKXXXX,было,Veegora_8543_ф.eaf,1414.039,1416.376,21,24
2095771,dialect_veegora,"Мене сшили было первые гамашки, такие, там зашнуривались, изо своей кожи.",RUKXXXX,было,Veegora_8543_ф.eaf,1524.893,1532.491,12,15
2096324,dialect_veegora,"А молотили, молотилку гоняли нефтянку, была в колхозе.",DTP1914,была,Веегора_9901_ф.eaf,34.44,52.393,40,43
2096412,dialect_veegora,"Было хошь по талонам, но всё равно всё было.",DTP1914,было,Веегора_9901_ф.eaf,76.12,92.886,40,43
2096541,dialect_veegora,"Сам всё лично, я запомнила, тоже плохо у царя жили, тоже издевался не худо, тоже подати, там какая -то подать была всё -то, а подати не уплотишь, тоже, лошадку ле корову - и повели бесплатно.",DTP1914,была,Веегора_9901_ф.eaf,118.551,143.197,111,114
2096688,dialect_veegora,"Первая родилась, надь было нянчиться, потом надь было прясть да ткать, ну я не учёная, а братья все выучены, и сестра семь классов, раньше семь и= семь -то классов ведь это высокое образование было, а я ни одного класса.",DTP1914,было,Веегора_9901_ф.eaf,196.559,217.423,23,26
2096723,dialect_veegora,"Первая родилась, надь было нянчиться, потом надь было прясть да ткать, ну я не учёная, а братья все выучены, и сестра семь классов, раньше семь и= семь -то классов ведь это высокое образование было, а я ни одного класса.",DTP1914,было,Веегора_9901_ф.eaf,196.559,217.423,194,197
2096856,dialect_veegora,"Вот так и жили, но я бы не сказала, вот, Сталин, Сталин, да Сталин таких негодяев расстреливал, расстреливать и надь было.",DTP1914,было,Веегора_9901_ф.eaf,276.58,291.398,118,121
2097035,dialect_veegora,"Было пятнадцать, шестнадцатый; шестнадцать в январи исполнилось мене.",DTP1914,Было,Веегора_9901_ф.eaf,382.583,401.082,1,4
2097420,dialect_veegora,"Они работать -то не могут, хлеба -то заработать не могут, были рационы, а с кубометра там, господи, ак на дороги так и падали и на дороги и могилы братские.",DTP1914,были,Веегора_9901_ф.eaf,573.171,597.115,59,62
2097467,dialect_veegora,"У нас и колхозникам -то немножко поддярживали, тоже заработаем там с кубометра сколько было тут в тридцатые -то годы, по двести пятьдесят грамм заработаем хлеба, буханки большие такие пекли.",DTP1914,было,Веегора_9901_ф.eaf,597.115,616.357,88,91
2097626,dialect_veegora,Мы бедняки были.,DTP1914,были,Веегора_9901_ф.eaf,688.202,709.684,12,15
2097835,dialect_veegora,Она разговорчивая такая была.,DTP1914,была,Веегора_9901_ф.eaf,801.674,827.025,25,28
2097965,dialect_veegora,Вы где ещё были?,DTP1914,были,Веегора_9901_ф.eaf,874.727,877.805,12,15
2098183,dialect_veegora,"Была как эта гражданская -то война, дак ведь о-ой, какие войны было.",DTP1914,было,Веегора_9901_ф.eaf,1016.03,1034.328,64,67
2098433,dialect_veegora,"Потому а было царская -то власть, если сын ты родился, будет надел через двадцать лет, только тогды наделят.",DTP1914,было,Веегора_9901_ф.eaf,1171.695,1195.075,10,13
2098678,dialect_veegora,"Кони были сменные, мы всё одны, нас было девять пахарей в бригады -то, ак стояли кондовские кони, это военные, кони -то сменные, а мы -то одны.",DTP1914,было,Веегора_9901_ф.eaf,1288.874,1309.739,37,40
2099476,dialect_veegora,Один раз лежала была - рожа пристала.,DTP1914,была,Веегора_9901_ф.eaf,1758.778,1766.812,17,20
2099830,dialect_veegora,А было всё.,DTP1914,было,Веегора_9901_ф.eaf,1943.898,1964.196,3,6
2100258,dialect_veegora,"А раньше было при советской -то власти этто было у нас три машины, семь тракторов в одной Веегоры было.",DTP1914,было,Веегора_9901_ф.eaf,2193.315,2215.901,45,48
2100269,dialect_veegora,"А раньше было при советской -то власти этто было у нас три машины, семь тракторов в одной Веегоры было.",DTP1914,было,Веегора_9901_ф.eaf,2193.315,2215.901,99,102
2100854,dialect_veegora,Были.,DTP1914,Были,Веегора_9901_ф.eaf,2538.831,2556.88,1,4
2100883,dialect_veegora,А церква была в Чаколы.,DTP1914,была,Веегора_9901_ф.eaf,2538.831,2556.88,10,13
2100940,dialect_veegora,"А кладбище было одно в Чаколы, этто не= в Шасты не было и на Высоких холмах не было, только в Чаколы хоронили.",DTP1914,было,Веегора_9901_ф.eaf,2601.65,2624.102,12,15
2100950,dialect_veegora,"А кладбище было одно в Чаколы, этто не= в Шасты не было и на Высоких холмах не было, только в Чаколы хоронили.",DTP1914,было,Веегора_9901_ф.eaf,2601.65,2624.102,52,55
2100956,dialect_veegora,"А кладбище было одно в Чаколы, этто не= в Шасты не было и на Высоких холмах не было, только в Чаколы хоронили.",DTP1914,было,Веегора_9901_ф.eaf,2601.65,2624.102,80,83
2101275,dialect_veegora,"А у меня молодости у нас не было в наши года, у нас всё лесозаготовки были.",DTP1914,было,Веегора_9901_ф.eaf,2819.041,2839.7,29,32
2101284,dialect_veegora,"А у меня молодости у нас не было в наши года, у нас всё лесозаготовки были.",DTP1914,были,Веегора_9901_ф.eaf,2819.041,2839.7,71,74
2101308,dialect_veegora,"Вот такая у нас такие были частушки, пели.",DTP1914,были,Веегора_9901_ф.eaf,2819.041,2839.7,23,26
2101424,dialect_veegora,Всё надо было самой.,DTP1914,было,Веегора_9901_ф.eaf,2880.007,2899.278,10,13
2101480,dialect_veegora,"Чего, пахали, косили, убирали, я ещё на лобогрейке пять годов драла, тут война -то была дак.",DTP1914,была,Веегора_9901_ф.eaf,2925.019,2935.488,84,87
2101912,dialect_veegora,Вот тут было хранилище.,DTP1914,было,Веегора_9901_ф.eaf,3192.667,3206.859,9,12
2101918,dialect_veegora,"Высокое было хранилище, всё вентиляции, знаешь, знаешь, были...",DTP1914,было,Веегора_9901_ф.eaf,3192.667,3206.859,9,12
2101928,dialect_veegora,"Высокое было хранилище, всё вентиляции, знаешь, знаешь, были...",DTP1914,были,Веегора_9901_ф.eaf,3192.667,3206.859,57,60
2102001,dialect_veegora,"Господи, некуда было девать -то, на трудодни -то получаем, а скоту -то, дак яму выроют на поле, на поле так, сноп поставят, в яму зароют, и в яму -то, просто безо всего яму, а потом весной опять сровняют яму.",DTP1914,было,Веегора_9901_ф.eaf,3232.877,3261.779,17,20
2102341,dialect_veegora,"А что, у нас был в Пиримени фельдшер один, это не в Чаколы, нигде не было такого.",DTP1914,было,Веегора_9901_ф.eaf,3406.471,3430.922,70,73
2102415,dialect_veegora,"Вот у меня бабушка была Наташа, отцу -то мать -то дак, дедку, да, отцу - рожали, она всё за врача там была.",DTP1914,была,Веегора_9901_ф.eaf,3438.025,3474,103,106
2102470,dialect_veegora,"Были, были, были, были.",DTP1914,были,Веегора_9901_ф.eaf,3492.885,3494.46,7,10
2102485,dialect_veegora,"Да, была, Лёвина.",DTP1914,была,Веегора_9901_ф.eaf,3498.912,3505.537,5,8
2103621,dialect_veegora,"Что в Молотовск, вот я дак приехала в пятидесятом году, мне ещё пятнадцати лет не было.",Others,было,Веегора_9901_ф.eaf,4201.761,4213.519,83,86
2103632,dialect_veegora,Я один раз была.,DTP1914,была,Веегора_9901_ф.eaf,4221.484,4246.378,12,15
2104328,dialect_veegora,"Чего, были приступы.",Others,были,Веегора_9901_ф.eaf,4543.913,4545.924,7,10
2104932,dialect_veegora,#ERROR!,DTP1914,было,Веегора_9901_ф.eaf,5186.916,5225.174,,
2105010,dialect_veegora,"да силушка три полка, ой, сила три полка да, всё были молодые, а ой, всё молодые ребята безбородые, а ой, безбородые да все были солдаты плачут, хватит.",DTP1914,были,Веегора_9901_ф.eaf,5277.242,5334.851,50,53
2105069,dialect_veegora,"Подождите, помолчите,' - утешала их сестра, а сама едва шагала, вся измучена была, а сама едва шагала, вся измучена была.",DTP1914,была,Веегора_9901_ф.eaf,5377.325,5413.179,78,81
2105216,dialect_veegora,Эта изба не обделана была.,RII1915,была,Веегора_9902_ф.eaf,53.583,69.632,22,25
2105705,dialect_veegora,"Калачей дают, кол= по калачу да по конфеты, приедут из Москвы дак ведь, чего -то там было, привезут тут к Машеньки нас в этом, всех ведь, нас много было девок малых -то, нас всех посадят.",RII1915,было,Веегора_9902_ф.eaf,266.989,284.185,149,152
2105898,dialect_veegora,"А те -то, Степашка -то да, да всё те -то ведь большие, были, Степанида -то ровесница Махонькиной -то внучки.",RII1915,были,Веегора_9902_ф.eaf,337.383,345.384,56,59
2105938,dialect_veegora,"Те большие были, а эта уж, женился на другой, дак девка -то, Дуня -то, уж другая жёнка -то у Кирилла -то была, померла у его молодая, Васька -то годовый остался, с одиннадцатого году Вася -то.",RII1915,была,Веегора_9902_ф.eaf,345.384,366.509,106,109
2106003,dialect_veegora,"Какая -то бродуха была, маленькая, худая экая.",RII1915,была,Веегора_9902_ф.eaf,368.156,383.396,19,22
2106204,dialect_veegora,Мы малы были ещё ведь.,RII1915,были,Веегора_9902_ф.eaf,449.506,461.026,9,12
2106332,dialect_veegora,У нас этто ещё не было кладбища.,RII1915,было,Веегора_9902_ф.eaf,506.548,519.91,19,22
2106359,dialect_veegora,"Да, Тихоновка -то такая была.",RII1915,была,Веегора_9902_ф.eaf,506.548,519.91,25,28
2106703,dialect_veegora,А потом в Шасты -то была ведь школа.,RII1915,была,Веегора_9902_ф.eaf,678.236,686.675,21,24
2107021,dialect_veegora,Лони было много маслеников -то.,RII1915,было,Веегора_9902_ф.eaf,875.712,899.203,6,9
2107556,dialect_veegora,Даже в избы нельзя было сидеть.,RII1915,было,Веегора_9902_ф.eaf,1117.933,1141.988,20,23
2107586,dialect_veegora,А у меня -то только там чего -то тоже не было экого -то дома.,RII1915,было,Веегора_9902_ф.eaf,1145.637,1160.571,42,45
2107705,dialect_veegora,"Овечка была, было мы с Володькой заболели ведь сейгод сильно, думали, помрём, а вот чёрта помрём, вот не померли.",RII1915,была,Веегора_9902_ф.eaf,1206.141,1243.815,8,11
2107707,dialect_veegora,"Овечка была, было мы с Володькой заболели ведь сейгод сильно, думали, помрём, а вот чёрта помрём, вот не померли.",RII1915,было,Веегора_9902_ф.eaf,1206.141,1243.815,14,17
2107851,dialect_veegora,"Ну ладно, внук пришёл а, у нас прошлый год рыбы -то много, эк оно всё была рыба, свежая рыба, насолёная была.",RII1915,была,Веегора_9902_ф.eaf,1258.435,1275.053,71,74
2107858,dialect_veegora,"Ну ладно, внук пришёл а, у нас прошлый год рыбы -то много, эк оно всё была рыба, свежая рыба, насолёная была.",RII1915,была,Веегора_9902_ф.eaf,1258.435,1275.053,105,108
2108412,dialect_veegora,А у ей уколов -то не было делать -то.,RII1915,было,Веегора_9902_ф.eaf,1455.582,1476.502,22,25
2108662,dialect_veegora,"Петька нас свёз, я реву: 'Машка -то вот в Чаколы была померла, и я там ещё помру, не дома'.",RII1915,была,Веегора_9902_ф.eaf,1565.319,1589.477,50,53
2108982,dialect_veegora,"Купить ничего не купили, ребята ещё внучата были то в армии, тот, потом другой, а никого там нету, как бы был, кто вот такой, дак и можно бы, парень -то тракторист ведь Володька -то.",RII1915,были,Веегора_9902_ф.eaf,1729.796,1753.709,45,48
2109067,dialect_veegora,"Мы сдали корову, мясо -то, сдали корову, мотоцикло было нам надо, коров -то сдавали, мотоциклы вот покупали.",RII1915,было,Веегора_9902_ф.eaf,1753.709,1776.299,52,55
2109155,dialect_veegora,"А я телятницей была, тоже хорошо зарабатывала.",RII1915,была,Веегора_9902_ф.eaf,1796.17,1816.417,16,19
2109274,dialect_veegora,"Хорошо эти миллионы -то дак ещё, с тридцать второго года книжка -то была у меня.",RII1915,была,Веегора_9902_ф.eaf,1861.997,1875.772,69,72
2109356,dialect_veegora,"Ведь ра= у меня была книжка с тридцать втором году, не были, у леспромхоза тоже план не выполняли, знаешь, лесорубов, ну, которые вот на основной -то работы, пилили которые, а эти, на такой -то работы, тех не писали на книжку деньги.",RII1915,были,Веегора_9902_ф.eaf,1906.149,1925.88,56,59
2109436,dialect_veegora,"Ну, на книжку леспромхоз, она была у меня в леспромхози.",RII1915,была,Веегора_9902_ф.eaf,1925.88,1943.826,31,34
2109537,dialect_veegora,"Она, хошь денег -то нету, там, быват, какие деньги были, мало наживали тогда, плохой лес был очень, дров не принимали, какое -то было, знаешь, вредительство, ужас ведь это там полаты те мы рубили.",RII1915,было,Веегора_9902_ф.eaf,1970.939,1986.976,130,133
2109731,dialect_veegora,"А потом опять только вершинку одну корили, вот так, всё разное было, всё менялось.",RII1915,было,Веегора_9902_ф.eaf,2066.063,2090.566,64,67
2109809,dialect_veegora,"Тут два с половиной чураки были, пять метров.",RII1915,были,Веегора_9902_ф.eaf,2134.077,2144.065,28,31
2109870,dialect_veegora,В Пилице была запань.,RII1915,была,Веегора_9902_ф.eaf,2161.8,2176.215,10,13
2110375,dialect_veegora,"А сейгод никакая не была, сейгод весь май холодный.",RII1915,была,Веегора_9902_ф.eaf,2410.987,2432.273,21,24
2111507,dialect_veegora,"У Шавриных у Егорка братья, два брата и Ульяна, да у их все в городе были.",RII1915,были,Веегора_9902_ф.eaf,2986.823,3000.661,70,73
2111522,dialect_veegora,"Они какие -то, чёрт их знает, Шастяна, у них много было единоличников.",RII1915,было,Веегора_9902_ф.eaf,2986.823,3000.661,52,55
2111854,dialect_veegora,"А старуха здесь была, она стала нас звать.",SKS1914,была,Веегора_9902_ф.eaf,3131.777,3149.128,17,20
2112096,dialect_veegora,В каждой семьи было сколько людей!,SKS1914,было,Веегора_9902_ф.eaf,3284.254,3293.448,16,19
2113055,dialect_veegora,"Была, у дочери.",SKS1914,Была,Веегора_9902_ф.eaf,3796.487,3803.398,1,4
2113199,dialect_veegora,"Да, и шали эти, суконные, были.",SKS1914,были,Веегора_9902_ф.eaf,3843.139,3866.235,27,30
2113225,dialect_veegora,"А нынче почему -то нету, откуда они были раньше?",SKS1914,были,Веегора_9902_ф.eaf,3868.294,3876.925,37,40
2113351,dialect_veegora,"Потом везде выписывали на работу, сено ставили да тамотки корили балансы, пошлют в Левунове да , в Акулове там, дак ещё пятнадцать лет было.",SKS1914,было,Веегора_9902_ф.eaf,3923.679,3953.617,136,139
2113356,dialect_veegora,"Бат, не было ещё.",SKS1914,было,Веегора_9902_ф.eaf,3923.679,3953.617,9,12
2114463,dialect_veegora,"А потом, а в хозяйстве -то в ранешном -то вот, раньше вот всякие, вот, овины были, гумна, сушили там.",SKS1914,были,Веегора_9902_ф.eaf,4469.408,4486.435,78,81
2114701,dialect_veegora,"Надь было заработать, надь ведь сено, за сено ведь работали всё дак.",SKS1914,было,Веегора_9902_ф.eaf,4554.444,4570.168,6,9
2114805,dialect_veegora,"Думают, всё так было, сколько буханками хлеб рожался.",SKS1914,было,Веегора_9902_ф.eaf,4599.585,4622.467,17,20
2115389,dialect_veegora,"Да не стлали, никакие не были эти.",SKS1914,были,Веегора_9902_ф.eaf,4921.961,4937.567,26,29
2115405,dialect_veegora,"Это перина есть, дак хорошо ещё. а нету дак - всякие были семьи -то.",SKS1914,были,Веегора_9902_ф.eaf,4921.961,4937.567,54,57
2115542,dialect_veegora,"Если бы была чего ле такое вот пустое место, где держать -то?",SKS1914,была,Веегора_9902_ф.eaf,4991.447,5002.61,9,12
2115785,dialect_veegora,Да как не были.,SKS1914,были,Веегора_9902_ф.eaf,5135.974,5140.557,11,14
2116091,dialect_veegora,"Головы палтусьи были, всяко.",SKS1914,были,Веегора_9902_ф.eaf,5306.529,5317.974,17,20
2116220,dialect_veegora,Нас восьмеро было ведь у матери.,SKS1914,было,Веегора_9902_ф.eaf,5378.922,5408.355,14,17
2116236,dialect_veegora,И все такие не безголовые были.,SKS1914,были,Веегора_9902_ф.eaf,5378.922,5408.355,27,30
2117063,dialect_veegora,"Было сеяли, хорошее жито родилось.",SKS1914,Было,Веегора_9903_ф.eaf,299.069,316.944,1,4
2117413,dialect_veegora,"Когда мужик приехал из это, , у нас его остановляли, там в городе сколько -то, я думаю, он был в городе, а сев был, ну, пахали мы ведь, некода нам разъезжать -то, раньше отпусков не было.",SKS1914,было,Веегора_9903_ф.eaf,490.582,507.346,183,186
2117526,dialect_veegora,Ниже Леунова не была.,SKS1914,была,Веегора_9903_ф.eaf,552.673,570.642,17,20
2117715,dialect_veegora,"Я косить уйду, бабка с Ниной, Нинка маленькая была, дочи -то, она= она ведь нянчила -то, она в садик не ходила маленькая, вот они напекут вот противень, ко= колобов это, с бабкой, накатают, а я приду с голоду и жорю.",SKS1914,была,Веегора_9903_ф.eaf,656.02,687.328,47,50
2117833,dialect_veegora,А вот толстая не была - почто?,SKS1914,была,Веегора_9903_ф.eaf,690.954,716.498,18,21
2118407,dialect_veegora,"Поварня у нас была, поварни у нас были, такие котлы большие-большие-большие.",SKS1914,была,Веегора_9903_ф.eaf,1046.135,1051.012,15,18
2118412,dialect_veegora,"Поварня у нас была, поварни у нас были, такие котлы большие-большие-большие.",SKS1914,были,Веегора_9903_ф.eaf,1046.135,1051.012,35,38
2118821,dialect_veegora,"Это раньше какие -то были, были это бывало ещё, это не знаю.",SKS1914,были,Веегора_9903_ф.eaf,1271.116,1301.038,22,25
2118941,dialect_veegora,"Ак тогды и не было, некому.",SKS1914,было,Веегора_9903_ф.eaf,1337.56,1341.47,15,18
2119081,dialect_veegora,"Всё было, всё было, девки, всё ушло.",SKS1914,было,Веегора_9903_ф.eaf,1471.928,1477.107,5,8
2119148,dialect_veegora,Канун Нового года гаданье было.,SKS1914,было,Веегора_9903_ф.eaf,1519.012,1521.706,27,30
2119736,dialect_veegora,"Дак было уж всё там развалено, да опять хотят набирать людей да.",RES1936,было,Веегора_9903_ф.eaf,1917.39,1923.06,5,8
2119958,dialect_veegora,Прошлый год много было.,RES1936,было,Веегора_9903_ф.eaf,2058.048,2068.515,19,22
2120516,dialect_veegora,"Там у их зимой сейгод волков было, собак -то сколько съели.",RES1936,было,Веегора_9903_ф.eaf,2450.443,2456.348,30,33
2120793,dialect_veegora,Ещё телят сколько было.,RES1936,было,Веегора_9903_ф.eaf,2587.418,2608.372,19,22
2120800,dialect_veegora,"Раньше -то ведь всё было да дают, как было.",RES1936,было,Веегора_9903_ф.eaf,2613.327,2620.68,21,24
2120959,dialect_veegora,"Раньше -то, была корова дак, мешали мутовкой какой ле.",RES1936,была,Веегора_9903_ф.eaf,2713.821,2718.69,13,16
2121130,dialect_veegora,"Нонче вот кругом дома окосят, скот не ходит, раньше же экой травы ведь не было у дому.",RES1936,было,Веегора_9903_ф.eaf,2813.549,2828.105,75,78
2121560,dialect_veegora,Ящик было у старухи дак.,RES1936,было,Веегора_9903_ф.eaf,3080.83,3098.878,6,9
2121606,dialect_veegora,Ставины были дак.,RES1936,были,Веегора_9903_ф.eaf,3122.946,3132.479,9,12
2122318,dialect_veegora,"Не было свету, дак из Чаколы.",RES1936,было,Веегора_9903_ф.eaf,3574.589,3580.143,4,7
2122343,dialect_veegora,"Нас всё Чакола было снабжала и, Веегору и, Чаколу и, Шеймогору и.",RES1936,было,Веегора_9903_ф.eaf,3592.712,3619.491,16,19
2122558,dialect_veegora,"Раньше было, дак клали, а нету дак.",RES1936,было,Веегора_9903_ф.eaf,3719.56,3729.044,8,11
2122871,dialect_veegora,"Дак и мелкий лес, и ягоды были, а нынче лесо у нас у самих эттаки.",RES1936,были,Веегора_9903_ф.eaf,3887.052,3904.421,27,30
2122894,dialect_veegora,"Был когды маленький, сосенки да ёлки, дак и ягод полно было.",RES1936,было,Веегора_9903_ф.eaf,3887.052,3904.421,56,59
2123199,dialect_veegora,"Не знаю, дома никто не заставлял, мать всё то была на работы, не выполняли ничего дома.",RES1936,была,Веегора_9903_ф.eaf,4088.077,4107.677,47,50
2123444,dialect_veegora,"Дак наверное, восьмого да девятого она была.",RES1936,была,Веегора_9903_ф.eaf,4216.131,4238.719,40,43
2123478,dialect_veegora,"Раньше -то у-у, тут улица была дак битком набита людями в праздники -то, а нынче -то никого нет, ведь всё в клуби только там.",RES1936,была,Веегора_9903_ф.eaf,4246.36,4257.943,27,30
2123794,dialect_veegora,В каждой деревне была поварня.,RES1936,была,Веегора_9903_ф.eaf,4454.498,4461.852,18,21
2123811,dialect_veegora,"В Веегоры -то я не знаю, одну помню там, в концы была.",RES1936,была,Веегора_9903_ф.eaf,4467.967,4479.88,50,53
2124819,dialect_veegora,"Сейгод -то и она и запоздалая весна -то ведь, долго тянулась, не было листа -то дак, может, не опоздает.",RES1936,было,Веегора_9903_ф.eaf,5144.681,5161.964,66,69
2125575,dialect_veegora,"На молотилке, говорят, был да руку сунул; нисколько было не надь ходить -то ему.",LMI1915,было,Веегора_9904_ф.eaf,204.887,219.772,53,56
2125592,dialect_veegora,"Оторвало руку, повезли в Кар= в Труфановой была больница тогда ещё, в Труфанову, в больницу.",LMI1915,была,Веегора_9904_ф.eaf,204.887,219.772,44,47
2125749,dialect_veegora,Такие были нарублены.,LMI1915,были,Веегора_9904_ф.eaf,282.654,292.922,7,10
2126075,dialect_veegora,"Ведь раньше не было электричества, ничего, всё руками.",LMI1915,было,Веегора_9904_ф.eaf,426.131,430.665,16,19
2126185,dialect_veegora,"Вот вишь и колотят кичигой -то, чтоб уж белее были.",LMI1915,были,Веегора_9904_ф.eaf,471.428,474.726,47,50
2126207,dialect_veegora,А чтобы белее были.,LMI1915,были,Веегора_9904_ф.eaf,485.522,494.587,15,18
2126348,dialect_veegora,Были такие глиняные.,LMI1915,Были,Веегора_9904_ф.eaf,520.684,538.328,1,4
2127140,dialect_veegora,"Сперва -то ещё не были, не возили ещё муку -то, нигде не было, сами всё сами мололи.",LMI1915,были,Веегора_9904_ф.eaf,904.79,924.588,19,22
2127151,dialect_veegora,"Сперва -то ещё не были, не возили ещё муку -то, нигде не было, сами всё сами мололи.",LMI1915,было,Веегора_9904_ф.eaf,904.79,924.588,58,61
2127191,dialect_veegora,"Да эдакой стол, у нас большая семья была дак.",LMI1915,была,Веегора_9904_ф.eaf,924.588,937.038,37,40
2127203,dialect_veegora,У на= у нас всех -то девять человек было.,LMI1915,было,Веегора_9904_ф.eaf,941.581,952.617,37,40
2127804,dialect_veegora,"Квашня -то деревянная была, из дерева тоже сделана.",LMI1915,была,Веегора_9904_ф.eaf,1181.158,1201.775,23,26
2127818,dialect_veegora,Деревянная была.,LMI1915,была,Веегора_9904_ф.eaf,1204.326,1210.164,12,15
2127852,dialect_veegora,Ак деревянная была квашонка сделана.,LMI1915,была,Веегора_9904_ф.eaf,1211.243,1228.911,15,18
2127907,dialect_veegora,"А дрожжи сами такие же сделают, а потом испекут, дак оставят тесто -то тут, немножко водички вольют, поставят и такие дрожжи не= базарские не были, уж были такие.",LMI1915,были,Веегора_9904_ф.eaf,1231.492,1244.649,143,146
2127961,dialect_veegora,"Нет, это вот такие, и вот и ей размешают, растолкут, пожиже сделают и, соч= сочни намесят дак, такое скало было, и вот скут-скут, соченек такой выскут и, нальют...",LMI1915,было,Веегора_9904_ф.eaf,1269.204,1286.297,108,111
2128160,dialect_veegora,"Мы без яиц всё пекли, без яиц - раньше не были куры.",LMI1915,были,Веегора_9904_ф.eaf,1367.106,1376.004,43,46
2128165,dialect_veegora,"Куры не были, ак пекли.",LMI1915,были,Веегора_9904_ф.eaf,1367.106,1376.004,9,12
2128264,dialect_veegora,"Заморозят в ушате, потом она= она= она ведь выпреет, дак мягонькая будет такая, красенькая, сладкая, репа тогда раньше была хо= вкусная репа -то.",LMI1915,была,Веегора_9904_ф.eaf,1418.134,1427.51,120,123
2128812,dialect_veegora,"Давно -то уж, ещё я -то маленькая была, ак куды -то далёко они съездят дак, такая бутылка, три четверти, ак вот привезут, когды там, на праздник.",LMI1915,была,Веегора_9904_ф.eaf,1686.107,1694.885,35,38
2128860,dialect_veegora,А последнее -то время вот было в магазинах водка всё.,LMI1915,было,Веегора_9904_ф.eaf,1695.899,1703.413,27,30
2129319,dialect_veegora,Когда -то какие -то кануны были.,LMI1915,были,Веегора_9904_ф.eaf,1896.352,1920.112,28,31
2130208,dialect_veegora,"Вырвут его, и вот потом поставят, высушат и, такая мялка была, его вымнут, ну туда пихают, вымнут его, а потом колодка такая была, и всё, это всё осмонут, осмонут, чтобы где это всё вышло, грязь, ведь оно выросло, ак смотри, нету льну -то ведь, надь лён -то чтобы был мягонький.",LMI1915,была,Веегора_9904_ф.eaf,2328.328,2352.683,58,61
2130611,dialect_veegora,"Да, чтобы, чтобы было, а то так -то как ты будешь прясть -то, не охитишь.",LMI1915,было,Веегора_9904_ф.eaf,2512.359,2517.774,18,21
2130701,dialect_veegora,"Кверху подымется и, сухо будет, а чтобы оно уж мягко было.",LMI1915,было,Веегора_9904_ф.eaf,2541.703,2560.484,54,57
2131615,dialect_veegora,Шёлковые платы были да.,LMI1915,были,Веегора_9904_ф.eaf,2970.999,2980.028,16,19
2131629,dialect_veegora,"Рипсовые, шёлковые были.",LMI1915,были,Веегора_9904_ф.eaf,2990.313,2992.228,20,23
2131707,dialect_veegora,"Шаль и шёлковая у мамы была, и рипсовая.",LMI1915,была,Веегора_9904_ф.eaf,3018.348,3042.908,24,27
2131802,dialect_veegora,Шёлковые платы были тоже красивые.,LMI1915,были,Веегора_9904_ф.eaf,3071.056,3082.207,16,19
2131880,dialect_veegora,"Да, ботинки, ботинки у нас такие были ещё.",LMI1915,были,Веегора_9904_ф.eaf,3110.543,3126.273,34,37
2132244,dialect_veegora,"Где поля -то да, межи раньше были, дак на межах -то всё пучки.",LMI1915,были,Веегора_9904_ф.eaf,3291.783,3311.593,30,33
2132553,dialect_veegora,У нас была в школы Шаста.,NEP1920,была,Веегора_9904_ф.eaf,3472.532,3481.004,7,10
2132896,dialect_veegora,"Да мы единоличники, у нас отец маленько торговал ещё чего -то раньше, шильцами да мыльцами, такая торговля -то была, и вот и дак раскулачены были, твёрдозаданьцы!",NEP1920,была,Веегора_9904_ф.eaf,3616.978,3632.23,112,115
2132942,dialect_veegora,"Овец мама дёржит, свезёт, свезём в Труфану, сдадим, сами мяса не ели; шерсть отдай, всё отдай, ведь вот какое было; трудно жили в детстве.",NEP1920,было,Веегора_9904_ф.eaf,3632.23,3657.194,111,114
2132954,dialect_veegora,"Корову увели, коровы не было, без молока жили.",NEP1920,было,Веегора_9904_ф.eaf,3632.23,3657.194,25,28
2132980,dialect_veegora,Кобыла была хромая.,NEP1920,была,Веегора_9904_ф.eaf,3664.465,3671.038,3,6
2133227,dialect_veegora,"Эдакие реки -то, вода -то большая; гоним и боимся и, и всяко утонет кто, да и всяко было.",NEP1920,было,Веегора_9904_ф.eaf,3765.275,3793.202,85,88
2133466,dialect_veegora,Всякое было.,NEP1920,было,Веегора_9904_ф.eaf,3893.369,3909.573,8,11
2133809,dialect_veegora,"Да такие бараки были настроены, хорошо жили, не в избушках не в каких - бараки.",NEP1920,были,Веегора_9904_ф.eaf,4060.02,4066.382,17,20
2134304,dialect_veegora,"В лесу работаем-работаем, тут у нас Марфа Михайловна экая была: 'Ой, жёнки, надь домой идти, у меня мучёнка не дохлёбана, ак думается, есть захотим!'",NEP1920,была,Веегора_9904_ф.eaf,4272.387,4295.276,59,62
2134570,dialect_veegora,"Ни отрубей, ничего не было.",NEP1920,было,Веегора_9904_ф.eaf,4416.052,4441.466,23,26
2134953,dialect_veegora,Но мало было.,NEP1920,было,Веегора_9904_ф.eaf,4591.779,4620.061,9,12
2134959,dialect_veegora,"Тут съехались и Веегоры было, и с Водогоры были, было приехало семья ле две ле тоже в коммуну -то.",NEP1920,было,Веегора_9904_ф.eaf,4591.779,4620.061,25,28
2135025,dialect_veegora,Там коммуна была.,NEP1920,была,Веегора_9904_ф.eaf,4657.577,4678.241,13,16
2135248,dialect_veegora,"Дорогу сломает, тепло будет, за реку не попадёшь, раньше и лодок -то тут много не было.",NEP1920,было,Веегора_9904_ф.eaf,4755.919,4766.559,83,86
2135413,dialect_veegora,"Раньше я всё ходила удила ещё, жёнкой была.",NEP1920,была,Веегора_9904_ф.eaf,4854.674,4863.452,39,42
2135833,dialect_veegora,"Сначала хлевы все выгнили было, хлевы и эти избы срубили.",NEP1920,было,Веегора_9904_ф.eaf,5041.803,5068.632,27,30
2135892,dialect_veegora,"У нас этто деревня вся было сгорела, вы слыхали такое или нет?",NEP1920,было,Веегора_9904_ф.eaf,5081.777,5096.147,24,27
2136034,dialect_veegora,А было часто настроено деревня -то.,NEP1920,было,Веегора_9904_ф.eaf,5172.008,5186.443,3,6
2136196,dialect_veegora,Машины пожарные -то не были.,NEP1920,были,Веегора_9904_ф.eaf,5216.655,5233.091,24,27
2136249,dialect_veegora,"Что, неграмотные были старики да старухи да.",NEP1920,были,Веегора_9904_ф.eaf,5495.751,5504.52,18,21
2136297,dialect_veegora,Давно уж они построены были ак вот.,RAA1919,были,Веегора_9905_ф.eaf,27.396,33.372,24,27
2137139,dialect_veegora,Три золовки было у меня.,RAA1919,было,Веегора_9905_ф.eaf,539.271,556.418,13,16
2137147,dialect_veegora,"Четыре деверя было, я вышла.",RAA1919,было,Веегора_9905_ф.eaf,539.271,556.418,15,18
2137188,dialect_veegora,"Одна золовка на пятом была ещё, маленькая ещё золовка.",RAA1919,была,Веегора_9905_ф.eaf,558.32,562.022,23,26
2137205,dialect_veegora,"И вот этто учились и, и деверья были, Вася вот, учился, Прохор и не= мы не ругивались, чтобы с золовками поругалась я с= Все, меня никто не ругал, все 'Поля'Так я прожила.",RAA1919,были,Веегора_9905_ф.eaf,568.477,586.061,33,36
2137307,dialect_veegora,"Вот так низ и верх был, обои комнаты топили, вверху там спали, там тепло было.",RAA1919,было,Веегора_9905_ф.eaf,614.696,620.779,74,77
2137370,dialect_veegora,А эти низ -то да верх были старые.,RAA1919,были,Веегора_9905_ф.eaf,637.67,649.461,23,26
2137616,dialect_veegora,"Да худо бы чего, это невесело, с ним -то было как -то весело ведь, но он уже слепой был -то, только что, всё равно домой -то я приду, он всё там, разговор -то ведь.",RAA1919,было,Веегора_9905_ф.eaf,773.996,784.95,42,45
2137805,dialect_veegora,"Что было, то было, я уж не скрываюсь, как было, то было.",RAA1919,было,Веегора_9905_ф.eaf,843.699,864.32,43,46
2137808,dialect_veegora,"Что было, то было, я уж не скрываюсь, как было, то было.",RAA1919,было,Веегора_9905_ф.eaf,843.699,864.32,52,55
2138029,dialect_veegora,"Что это не в нашей семье как, так -то было, пятьдесят -то было ему уж.",RAA1919,было,Веегора_9905_ф.eaf,968.155,992.164,59,62
2138046,dialect_veegora,"А что, один жил -то, было бы, семья была бы дак...",RAA1919,было,Веегора_9905_ф.eaf,968.155,992.164,22,25
2138050,dialect_veegora,"А что, один жил -то, было бы, семья была бы дак...",RAA1919,была,Веегора_9905_ф.eaf,968.155,992.164,37,40
2138301,dialect_veegora,"Ну, раньше -то вот была, в Новодвинске была, в Северодвинске была, а теперь -то куда я попала, мене не залезть, быват, на поезд -то, чего.",RAA1919,была,Веегора_9905_ф.eaf,1106.037,1119.632,20,23
2138309,dialect_veegora,"Ну, раньше -то вот была, в Новодвинске была, в Северодвинске была, а теперь -то куда я попала, мене не залезть, быват, на поезд -то, чего.",RAA1919,была,Веегора_9905_ф.eaf,1106.037,1119.632,62,65
2138452,dialect_veegora,"Некогда было гулять -то мне, ребят ростила, а мужик попивал; корова, овцы были, телят держала, без мяса без своего не жили.",RAA1919,были,Веегора_9905_ф.eaf,1164.45,1180.738,75,78
2138466,dialect_veegora,"Некогда мне было бегать -то, гулять -то.",RAA1919,было,Веегора_9905_ф.eaf,1164.45,1180.738,13,16
2138593,dialect_veegora,"Ясли -то были, ак никто не хочет долго -то, дак вот дак, а работать -то ведь надо: как будешь жить -то, не работать -то?",RAA1919,были,Веегора_9905_ф.eaf,1230.955,1244.593,10,13
2138793,dialect_veegora,"Да-да, я сама -то не платила, нечем платить -то, денег -то у нас не было.",RAA1919,было,Веегора_9905_ф.eaf,1312.756,1317.193,69,72
2139455,dialect_veegora,Вроде была запёхана там.,RAA1919,была,Веегора_9905_ф.eaf,1665.419,1686.237,7,10
2140322,dialect_veegora,А давно чёрная -то была.,RAA1919,была,Веегора_9905_ф.eaf,2129.173,2137.405,20,23
2140929,dialect_veegora,"А раньше -то своя рыба была всё, ловили, в Ёжугу ездили.",RAA1919,была,Веегора_9905_ф.eaf,2476.252,2484.687,24,27
2141054,dialect_veegora,"Раньше всё сами делали, покупное -то чего было?",RAA1919,было,Веегора_9905_ф.eaf,2534.194,2549.574,43,46
2141290,dialect_veegora,Было сготовлено завсе -то носить -то дородно своё было.,RAA1919,Было,Веегора_9905_ф.eaf,2655.469,2672.88,1,4
2141313,dialect_veegora,"Ну, была, дак быват, тоже денег не было, не знаю.",RAA1919,была,Веегора_9905_ф.eaf,2655.469,2672.88,5,8
2141606,dialect_veegora,"А чего было у ей, я не знаю.",RAA1919,было,Веегора_9905_ф.eaf,2811.307,2818.906,8,11
2141724,dialect_veegora,"Да наверное, тоже много детей было, ак чего.",RAA1919,было,Веегора_9905_ф.eaf,2879.677,2882.39,31,34
2141756,dialect_veegora,В колхозе уже была.,RAA1919,была,Веегора_9905_ф.eaf,2900.565,2906.181,15,18
2141763,dialect_veegora,"Ну, я небольшая ещё была.",RAA1919,была,Веегора_9905_ф.eaf,2912.382,2914.82,21,24
2141834,dialect_veegora,"Ну, быват, на месяц когды, когды месяц, ну, ведь были все, все на...",RAA1919,были,Веегора_9905_ф.eaf,2944.276,2963.676,50,53
2142496,dialect_veegora,"Хорошо, да, хорошо было.",RAA1919,было,Веегора_9905_ф.eaf,3279.648,3282.637,20,23
2142523,dialect_veegora,"У нас стоючие голяшки были, стоючие.",RAA1919,были,Веегора_9905_ф.eaf,3283.902,3301.46,23,26
2142529,dialect_veegora,Низкие не были.,RAA1919,были,Веегора_9905_ф.eaf,3283.902,3301.46,11,14
2143042,dialect_veegora,"А чёрные были - это чёрные, это были по= покупные валенки, это были покупные валенки, а серые - вот и серые были валенки, и чёрные валенки, это были покупные валенки.",RAA1919,были,Веегора_9905_ф.eaf,3489.687,3505.149,145,148
2143232,dialect_veegora,Такая мода была.,RAA1919,была,Веегора_9905_ф.eaf,3588.485,3602.394,12,15
2143967,dialect_veegora,При мене не была лошадь.,RAA1919,была,Веегора_9905_ф.eaf,3977.889,3999.658,13,16
2143980,dialect_veegora,"Ну, я в Кусогоры девкой -то была, была у нас лошадь, корова, телёнок, овец восьмеро, да, семеро да восьмеро всё, летом ходит, а вот зимой мясо режем.",RAA1919,была,Веегора_9905_ф.eaf,3977.889,3999.658,35,38
2144731,dialect_veegora,А та там у нас была пятьдесят метров была построена.,RAA1919,была,Веегора_9905_ф.eaf,4366.322,4380.738,16,19
2144792,dialect_veegora,"Эта -то, говорили, двадцать пять была только.",RAA1919,была,Веегора_9905_ф.eaf,4394.46,4414.876,34,37
2145225,dialect_veegora,"Ну, работать -то раньше боевая была.",RAA1919,была,Веегора_9905_ф.eaf,4621.249,4632.872,32,35
2145628,dialect_veegora,Было работать= работы -то раньше много было.,RAA1919,Было,Веегора_9905_ф.eaf,4845.033,4855.054,1,4
2145692,dialect_veegora,"В каждой бригады посадят, а этто было пять бригад, в каждой бригады косари...",RAA1919,было,Веегора_9905_ф.eaf,4869.598,4885.603,34,37
2145712,dialect_veegora,"Нет, не один вот, бабы -то были, в каждой бригады ведь бабы были, ак в каждой бригады и косят лыву.",RAA1919,были,Веегора_9905_ф.eaf,4888.348,4906.946,28,31
2145719,dialect_veegora,"Нет, не один вот, бабы -то были, в каждой бригады ведь бабы были, ак в каждой бригады и косят лыву.",RAA1919,были,Веегора_9905_ф.eaf,4888.348,4906.946,61,64
2145873,dialect_veegora,"А ну, тут Игнахина была полтора гектара, это одна чищенина, а тут ведь по тысячам были чищенины.",RAA1919,была,Веегора_9905_ф.eaf,4962.106,4975.398,20,23
2146492,dialect_veegora,"Да, овцы были в колхозе.",RAA1919,были,Веегора_9905_ф.eaf,5312.867,5315.387,10,13
2147296,dialect_veegora,"Баланы= баланы - они тоненькие такие длинные, дак баланы да толст= всякие были.",LMI1915,были,Веегора_9906_ф.eaf,214.127,221.778,75,78
2147479,dialect_veegora,"Да, дак дак там са= сами себе да, там ещё варили ещё и, на улице огнище сделают, дак вот и ещё не были столовые -то дак.",LMI1915,были,Веегора_9906_ф.eaf,314.363,327.397,99,102
2147750,dialect_veegora,"Раньше -то ведь своё жито было, своё сеяли, дак жито и рожь; дак вот жито -то на мельнице смелют - мука житная, решетом просеют этам, наверху -то останется, мякинка -то такая, так ту коровам, а мука -то - пекли хлеб дома тоже.",LMI1915,было,Веегора_9906_ф.eaf,455.93,479.397,27,30
2147979,dialect_veegora,Своя усадьба была да.,LMI1915,была,Веегора_9906_ф.eaf,539.403,568.171,14,17
2148093,dialect_veegora,"Не покупали в магазине -то, денег -то ведь не было.",LMI1915,было,Веегора_9906_ф.eaf,583.66,609.651,47,50
2148189,dialect_veegora,"Рисовая, всяка= всякая была каша -то.",LMI1915,была,Веегора_9906_ф.eaf,665.382,672.259,24,27
2148208,dialect_veegora,"Где тут молока наберёшь, в лесу у нас молоко не было.",LMI1915,было,Веегора_9906_ф.eaf,674.203,683.043,49,52
2148233,dialect_veegora,"Нет, была же.",LMI1915,была,Веегора_9906_ф.eaf,694.999,697.704,6,9
2148353,dialect_veegora,Почто -то не держали раньше было мы.,LMI1915,было,Веегора_9906_ф.eaf,754.612,757.895,29,32
2148373,dialect_veegora,"Дак где купишь -то и, раньше не было у нас дак.",LMI1915,было,Веегора_9906_ф.eaf,766.272,775.486,33,36
2148400,dialect_veegora,"Да, я ведь была ещё небольшая дак, по лесам ходила всё.",LMI1915,была,Веегора_9906_ф.eaf,776.912,786.77,12,15
2148456,dialect_veegora,"Ездила тут недалеко, в всё жили, за двенадцать километров, тут -то тоже лес валили, тоже была с ним.",LMI1915,была,Веегора_9906_ф.eaf,799.049,820.102,90,93
2148971,dialect_veegora,"Тогды же строили да застроили было, а теперь такое врямя тоже дак.",LMI1915,было,Веегора_9906_ф.eaf,1063.522,1078.227,31,34
2149070,dialect_veegora,Водогора такая была и вся ликвидировалась.,LMI1915,была,Веегора_9906_ф.eaf,1138.131,1147.36,16,19
2149163,dialect_veegora,"Сколько было коров, не один скотный да, два скотных было, две конюшни - у их их кони, у нас кони, вот да на конюшни всё было, ведь теперь всё разрушилось.",LMI1915,было,Веегора_9906_ф.eaf,1162.505,1191.775,9,12
2149192,dialect_veegora,"Сколько было коров, не один скотный да, два скотных было, две конюшни - у их их кони, у нас кони, вот да на конюшни всё было, ведь теперь всё разрушилось.",LMI1915,было,Веегора_9906_ф.eaf,1162.505,1191.775,121,124
2149304,dialect_veegora,"У нас там хорошие поля -то были, потом всё заростили.",LMI1915,были,Веегора_9906_ф.eaf,1215.735,1244.013,28,31
2149325,dialect_veegora,"Да, да, невеликая была деревнюшка -то, дак что, два= два околотка да, много эко ли было домов -то?",LMI1915,была,Веегора_9906_ф.eaf,1252.798,1259.706,19,22
2149341,dialect_veegora,"Да, да, невеликая была деревнюшка -то, дак что, два= два околотка да, много эко ли было домов -то?",LMI1915,было,Веегора_9906_ф.eaf,1252.798,1259.706,84,87
2149502,dialect_veegora,Дома -то были да.,LMI1915,были,Веегора_9906_ф.eaf,1330.322,1342.173,10,13
2149675,dialect_veegora,"О, какая была дак.",LMI1915,была,Веегора_9906_ф.eaf,1398.911,1416.17,10,13
2149703,dialect_veegora,Была?,LMI1915,Была,Веегора_9906_ф.eaf,1433.35,1433.899,1,4
2149966,dialect_veegora,"Я вообще не ходила, я всё дома, я была первая, да много ребятишек, да надь водиться да, работать, да я и= меня= я и не ходила, я только взрослая ходила.",LMI1915,была,Веегора_9906_ф.eaf,1540.515,1560.843,35,38
2150034,dialect_veegora,"Была не большая, а ходила всё равно.",LMI1915,Была,Веегора_9906_ф.eaf,1560.843,1574.791,1,4
2150061,dialect_veegora,"Шко= школа, да, школа, вот вот у меня мама была неграмотная дак, она -то и не ходила в школу -то, а вот заставят, надь школа, учиться надь.",LMI1915,была,Веегора_9906_ф.eaf,1577.236,1607.208,44,47
2150798,dialect_veegora,"Ак она давно была -то уж, не сейчас.",LMI1915,была,Веегора_9906_ф.eaf,1877.435,1886.399,14,17
2151282,dialect_veegora,"У нас в середины этто не было, где ле= где ле ветром, где ле ветром, наверное, чего ле сделалось.",LMI1915,было,Веегора_9906_ф.eaf,2094.09,2106.117,26,29
2151383,dialect_veegora,"Да-да, там есть у его дом, купил дом было, но, старый.",LMI1915,было,Веегора_9906_ф.eaf,2159.027,2167.844,38,41
2151865,dialect_veegora,"Тут вот надь бы ведрие, сено ставить, а ведрие -то была, а не нужна была, надь было поливать картошку, посадили, а тогды знаешь, какая ведрие была?",LMI1915,была,Веегора_9906_ф.eaf,2374.884,2400.941,143,146
2152465,dialect_veegora,"У нас -то раньше ведь, мы руками доили -то, ак у нас мало было коров -то.",LMI1915,было,Веегора_9906_ф.eaf,2692.398,2721.423,59,62
2152946,dialect_veegora,"Ак раньше кирпича не было, всё били.",RAA1919,было,Веегора_9906_ф.eaf,2965.813,2994.342,22,25
2153519,dialect_veegora,А в Чаколы -то Вы ещё не были это?,RAA1919,были,Веегора_9906_ф.eaf,3265.354,3267.699,26,29
2154438,dialect_veegora,Никого не было?,RAA1919,было,Веегора_9906_ф.eaf,3788.313,3789.039,11,14
2154550,dialect_veegora,Были лодки только же.,RAIXXXX,Были,Веегора_9906_ф.eaf,3894.237,3896.753,1,4
2155608,dialect_veegora,"У меня и у хозяина и ружья не было, ничего не было.",RAIXXXX,было,Веегора_9906_ф.eaf,4533.913,4542.952,31,34
2155612,dialect_veegora,"У меня и у хозяина и ружья не было, ничего не было.",RAIXXXX,было,Веегора_9906_ф.eaf,4533.913,4542.952,47,50
2156206,dialect_veegora,"Ведь косить вот, она не= дождь -то не вовремя ведь, когда надь да дождь, дак не было, а теперь вот надь жара, а оно наоборот у нас всё.",RAIXXXX,было,Веегора_9906_ф.eaf,4845.858,4866.3,81,84
2156364,dialect_veegora,"Вот и плод -то и идёт, а плода= барана не было, дак и овец не было.",RAIXXXX,было,Веегора_9906_ф.eaf,4940.341,4950.117,43,46
2156729,dialect_veegora,Лошадей тридцать было.,RAIXXXX,было,Веегора_9906_ф.eaf,5147.105,5153.919,18,21
2157182,dialect_veegora,"Ещё раньше была корова, дак и мать была, и мать...",RAIXXXX,была,Веегора_9906_ф.eaf,5394.318,5411.74,36,39
2157203,dialect_veegora,Раньше у каждого коровы были.,RAIXXXX,были,Веегора_9906_ф.eaf,5394.318,5411.74,25,28
2157239,dialect_veegora,"Да я не знаю, я ничего не знаю, было или не было.",RAIXXXX,было,Веегора_9906_ф.eaf,5435.559,5439.917,33,36
2157524,dialect_veegora,"Да я и мало училась, мне некак было учиться, тоже у мамы было много детей, девятеро, дак надь было работать всё, с малых лет работала дак.",SUI1918,было,Веегора_9907_ф.eaf,159.209,178.479,32,35
2157530,dialect_veegora,"Да я и мало училась, мне некак было учиться, тоже у мамы было много детей, девятеро, дак надь было работать всё, с малых лет работала дак.",SUI1918,было,Веегора_9907_ф.eaf,159.209,178.479,58,61
2157637,dialect_veegora,"Да, в лесу жила сколько зим, там лес рубила, на рубке всё была.",SUI1918,была,Веегора_9907_ф.eaf,210.111,215.984,59,62
2157682,dialect_veegora,"А раньше не= не так, как нынче, было.",SUI1918,было,Веегора_9907_ф.eaf,215.984,236.161,33,36
2157953,dialect_veegora,"А этот передоко поставлен был только, печки не было, еще не обделан дак, печку -то уж при мне били.",SUI1918,было,Веегора_9907_ф.eaf,404.468,419.968,48,51
2158114,dialect_veegora,"Три, четыре дома только было осталось там в полях.",SUI1918,было,Веегора_9907_ф.eaf,486.943,515.474,25,28
2158122,dialect_veegora,Те подальше были дак.,SUI1918,были,Веегора_9907_ф.eaf,486.943,515.474,13,16
2158173,dialect_veegora,"Как -то раньше ведь жили этто, дак жило было: коровы были, кони были, и овцы были, и куры были, те= телята были, поросята были, все были.",SUI1918,было,Веегора_9907_ф.eaf,542.601,562.977,41,44
2158191,dialect_veegora,"Как -то раньше ведь жили этто, дак жило было: коровы были, кони были, и овцы были, и куры были, те= телята были, поросята были, все были.",SUI1918,были,Веегора_9907_ф.eaf,542.601,562.977,108,111
2158200,dialect_veegora,Дак было жило.,SUI1918,было,Веегора_9907_ф.eaf,542.601,562.977,5,8
2158924,dialect_veegora,"Огород мы посеяли здесь, наверное, были, дак и сейчас всё так.",SUI1918,были,Веегора_9907_ф.eaf,975.217,989.065,36,39
2158982,dialect_veegora,"Раньше всё было выгонят кабы травы -то накосить, дак в лес.",SUI1918,было,Веегора_9907_ф.eaf,989.065,1009.46,12,15
2159455,dialect_veegora,"Ведь и всё кругом были о= огороды загорожены, чтобы в поля не ходили скот, вот, а сейчас нигде огород нету.",SUI1918,были,Веегора_9907_ф.eaf,1242.331,1253.871,19,22
2159480,dialect_veegora,Поля все были в огороди.,SUI1918,были,Веегора_9907_ф.eaf,1258.766,1263.625,10,13
2159516,dialect_veegora,Ещё колхозное -то было всегда.,SUI1918,было,Веегора_9907_ф.eaf,1274.273,1283.549,19,22
2159563,dialect_veegora,"А где да вот дороги да ездят да всё, ворота были сделаны, откроешь - поедешь.",SUI1918,были,Веегора_9907_ф.eaf,1294.693,1320.125,45,48
2159595,dialect_veegora,"Огорода сплошные была, плотная.",SUI1918,была,Веегора_9907_ф.eaf,1294.693,1320.125,18,21
2161213,dialect_veegora,"Не было ведь экой железной дороги, да ничего не было ведь.",RII1915,было,Веегора_9907_ф.eaf,2285.996,2298.21,4,7
2161703,dialect_veegora,"Почто -то, не знаю, такое -то было.",RII1915,было,Веегора_9907_ф.eaf,2526.868,2548.884,31,34
2161778,dialect_veegora,"Много ведь по Ёжуге рыбы очень было, а теперь никакой нету.",RII1915,было,Веегора_9907_ф.eaf,2563.699,2575.706,32,35
2162314,dialect_veegora,"А раньше -то были свои, ведь пряли всё да, скали, такие веретна были большие.",RII1915,были,Веегора_9907_ф.eaf,2836.207,2849.887,65,68
2162318,dialect_veegora,"Сетное было, пряли сетное всё.",RII1915,было,Веегора_9907_ф.eaf,2836.207,2849.887,8,11
2162467,dialect_veegora,"Были, были.",RII1915,Были,Веегора_9907_ф.eaf,2935.91,2937.596,1,4
2162469,dialect_veegora,"Были, были.",RII1915,были,Веегора_9907_ф.eaf,2935.91,2937.596,7,10
2162501,dialect_veegora,"Не знаю, всё -то эко было всё игра какая -то вот.",RII1915,было,Веегора_9907_ф.eaf,2950.725,2973.247,22,25
2162646,dialect_veegora,У нас только люди были вот у Колотиловой.,RII1915,были,Веегора_9907_ф.eaf,3011.005,3031.914,19,22
2162679,dialect_veegora,"У нас с Веегоры много там было жёнок, девок -то.",RII1915,было,Веегора_9907_ф.eaf,3011.005,3031.914,27,30
2162693,dialect_veegora,"Потом они там вышли, в городе были -то.",RII1915,были,Веегора_9907_ф.eaf,3011.005,3031.914,31,34
2162778,dialect_veegora,"Прошлые два года тоже ведь здесь эко выступали, у Красного уголка было много народу вот.",RII1915,было,Веегора_9907_ф.eaf,3051.848,3076.064,67,70
2162870,dialect_veegora,"У кого были повязки, у нас этто вот леснико был, дак были девки, дак у них повязки были.",RII1915,были,Веегора_9907_ф.eaf,3114.272,3124.813,8,11
2162881,dialect_veegora,"У кого были повязки, у нас этто вот леснико был, дак были девки, дак у них повязки были.",RII1915,были,Веегора_9907_ф.eaf,3114.272,3124.813,54,57
2163373,dialect_veegora,"Да, в сорок= Ведь война -то в сорок пятом была?",RII1915,была,Веегора_9907_ф.eaf,3365.866,3387.627,43,46
2164183,dialect_veegora,"Описали было у меня -то, а потом всё опять отдали, направили, мало было описано -то, а знаешь, экого -то было.",RII1915,было,Веегора_9907_ф.eaf,3759.596,3770.768,9,12
2164195,dialect_veegora,"Описали было у меня -то, а потом всё опять отдали, направили, мало было описано -то, а знаешь, экого -то было.",RII1915,было,Веегора_9907_ф.eaf,3759.596,3770.768,68,71
2164585,dialect_veegora,"Ребятишки только малые ещё вот, учила я всё метать -то Володьку да, хотя особенно Витьку, были подростки такие.",RII1915,были,Веегора_9907_ф.eaf,3940.998,3958.914,91,94
2164835,dialect_veegora,А сколько было лошадей.,RII1915,было,Веегора_9907_ф.eaf,4053.118,4071.213,11,14
2165008,dialect_veegora,"Больших -то никого не было, ещё старики.",RII1915,было,Веегора_9907_ф.eaf,4127.885,4152.923,23,26
2165023,dialect_veegora,Мало стариков -то было.,RII1915,было,Веегора_9907_ф.eaf,4127.885,4152.923,19,22
2166115,dialect_veegora,Вот такие были .,RII1915,были,Веегора_9907_ф.eaf,4613.102,4630.067,11,14
2166233,dialect_veegora,"А он там не учился, школа не была, знаешь какой, ему, быват, годов уж колько было.",RII1915,была,Веегора_9907_ф.eaf,4651.49,4679.928,30,33
2166245,dialect_veegora,"А он там не учился, школа не была, знаешь какой, ему, быват, годов уж колько было.",RII1915,было,Веегора_9907_ф.eaf,4651.49,4679.928,78,81
2166416,dialect_veegora,"Только бы фельдшерица -то узнала, дак только бы его что говорить, да дёрнуть и, ничего и не было.",RII1915,было,Веегора_9907_ф.eaf,4744.043,4760.957,93,96
2166592,dialect_veegora,Ведь всё надь было ведь...,RII1915,было,Веегора_9907_ф.eaf,4815.282,4837.544,15,18
2166871,dialect_veegora,"Я, пожалуй, всё была этим, звеньевым, нас ещё человека робили.",RII1915,была,Веегора_9907_ф.eaf,4946.424,4964.845,17,20
2167282,dialect_veegora,Авиа сама рубила и сама пилить отправлена была.,RII1915,была,Веегора_9907_ф.eaf,5121.089,5141.584,43,46
2167437,dialect_veegora,И вот три года всё на пилорамы была.,RII1915,была,Веегора_9907_ф.eaf,5163.553,5197.299,32,35
2167847,dialect_veegora,"У нас ещё были парни на Кусогоры -то - по пять парней, у нас пять девок.",RII1915,были,Веегора_9907_ф.eaf,5432.198,5451.045,11,14
2167942,dialect_veegora,"Девки -то большие хорошо прядут а, а я поменее, дак и та мене -то у меня сестра была, померла, померла уж семь= семь, нет, шестидесяти, шестьдесят годов померла, молодая, заболела какой -то да и.",RII1915,была,Веегора_9907_ф.eaf,5474.075,5493.215,81,84
2167981,dialect_veegora,"И фельдшера -то не было, ей не отправили в Карпово, она вот так и заболела.",RII1915,было,Веегора_9907_ф.eaf,5493.879,5508.171,20,23
2168095,dialect_veegora,"Сестра -то, она была где -то как в приюте але где -то.",NEP1920,была,Веегора_9908_ф.eaf,32.427,51.942,17,20
2168169,dialect_veegora,"Она раньше была уже где -то в ис= там определёна, и почто -то привезёна, какая -то медсестра ей привезла.",NEP1920,была,Веегора_9908_ф.eaf,62.768,83.719,12,15
2168322,dialect_veegora,"Да всяко было: мужики пьют и, сено наставят, всей семьей, они пропьют, одному пропьют, другому пропьют, скажут:",NEP1920,было,Веегора_9908_ф.eaf,116.12,133.305,10,13
2168552,dialect_veegora,"Тоже были, в колхоз привозили дак.",NEP1920,были,Веегора_9908_ф.eaf,202.701,217.413,6,9
2168762,dialect_veegora,"Солому да маленько зерном пересыплют, заварят, и вот и кормили коней - тоже сена было мало.",NEP1920,было,Веегора_9908_ф.eaf,272.516,282.176,82,85
2168931,dialect_veegora,"А раньше соха какая -то была, наконечник только железный, и так и пашут, никакого , ничего, а тут плуго, дак тут можно углубить, как поглубже надь, если земля потолще.",NEP1920,была,Веегора_9908_ф.eaf,355.254,378.211,25,28
2169833,dialect_veegora,"Обмолотят, потом веют, решётки такие большие из вичья были сплетёны, там ручка и тут, ручка, эк трясут, ветер дак вот несёт мякину -то, зерно, потом ещё решетом просеют, оно чистое будет; в мешки да домой.",NEP1920,были,Веегора_9908_ф.eaf,697.756,714.288,55,58
2170353,dialect_veegora,"Да в Шасты много было, эвон у Олика была мельница, близко, тут ручей с горы бежал, хорошо молола.",NEP1920,было,Веегора_9908_ф.eaf,901.241,926.582,18,21
2170358,dialect_veegora,"Да в Шасты много было, эвон у Олика была мельница, близко, тут ручей с горы бежал, хорошо молола.",NEP1920,была,Веегора_9908_ф.eaf,901.241,926.582,37,40
2170543,dialect_veegora,"Да в основном брусника, ну и чернику когды ложили, прошлый год брусники мало было, черники той и много было, дак песку мало варить -то варенье -то.",NEP1920,было,Веегора_9908_ф.eaf,986.994,998.337,78,81
2170622,dialect_veegora,"Брусники той было немного наношено дак, морс когды и сделаем, да я отдала Таисьи Ивановны ещё брусники -то полстеклянки, наверное.",NEP1920,было,Веегора_9908_ф.eaf,1017.914,1032.863,14,17
2170650,dialect_veegora,Прошлый год мало ей было.,NEP1920,было,Веегора_9908_ф.eaf,1017.914,1032.863,21,24
2171041,dialect_veegora,"А ячмень, там у нас участки были, на полях на тех, по двадцать соток было дано, хлеб был насеян, дак верёвку таскали; посеем -то уже всех после, колхоз посеется, тогды нам лошадок -то дают, вспашем да посеем;",NEP1920,были,Веегора_9908_ф.eaf,1171.362,1190.385,29,32
2171275,dialect_veegora,"Эвон дом стоит, дак тут так намерено было.",NEP1920,было,Веегора_9908_ф.eaf,1252.4,1283.193,38,41
2171288,dialect_veegora,"Деревня по рядам, дак вот так с краю все даны были, намерены.",NEP1920,были,Веегора_9908_ф.eaf,1252.4,1283.193,47,50
2171663,dialect_veegora,"Кабаны ещё ходили какое -то коренье тамотки рыли, кабаны были какое -то время приходили тут к нам.",NEP1920,были,Веегора_9908_ф.eaf,1397.368,1404.935,58,61
2171926,dialect_veegora,"Какое -то окно было не закрыли, скота там много, дак душно, видно.",NEP1920,было,Веегора_9908_ф.eaf,1477.284,1496.929,16,19
2172647,dialect_veegora,"Я больна была, я= я ревматизмом болела, и вот и...",NEP1920,была,Веегора_9908_ф.eaf,1745.471,1758.761,10,13
2172752,dialect_veegora,"На лёгкие работы, тут торговала в магазинчике в амбарчике, да кладовщиком была да.",NEP1920,была,Веегора_9908_ф.eaf,1770.734,1790.288,75,78
2172964,dialect_veegora,"Дак всё надь государству было отдать, кто с коровами жил.",NEP1920,было,Веегора_9908_ф.eaf,1864.476,1888.875,26,29
2173102,dialect_veegora,Кормами худо было.,NEP1920,было,Веегора_9908_ф.eaf,1904.682,1922.086,14,17
2173127,dialect_veegora,"Коля, какой -то год зарод было наставила, и продать всё сено -то не мог, а нынче и не ставит больше, всё сами наставят для коров -то.",NEP1920,было,Веегора_9908_ф.eaf,1922.086,1942.393,27,30
2173295,dialect_veegora,Большое - дак спицы долгие такие были.,NEP1920,были,Веегора_9908_ф.eaf,1999.707,2007.091,34,37
2174318,dialect_veegora,"Вёдры -то не знаю, какие были, ушаты делали - парево заваривали, коровы да, ушаты, шайки - овцам в шайках, там колоды выкопают, овцам в колодочку тоже - небольшая вычистишь, выльешь питьё - выпьют.",NEP1920,были,Веегора_9908_ф.eaf,2377.528,2404.955,26,29
2174655,dialect_veegora,"Ой, как было весело да.",NEP1920,было,Веегора_9908_ф.eaf,2507.297,2531.394,9,12
2175453,dialect_yelets,Мать была.,PAA1906,была,A1926 ф.eaf,42.832,70.873,6,9
2175494,dialect_yelets,Избёнка была поменьше этой.,PAA1906,была,A1926 ф.eaf,70.873,91.759,9,12
2175995,dialect_yelets,"Ну, а конечно, ему лет пять было, он забыл.",PAA1906,было,A1926 ф.eaf,293.989,317.548,29,32
2176055,dialect_yelets,Вот она и у нас голодовка была.,PAA1906,была,A1926 ф.eaf,347.524,364.05,27,30
2176090,dialect_yelets,"Вот хоть и до этого до Горбачёва было установилось жизнь хорошая была, и при нём сколько там годов пожили.",PAA1906,было,A1926 ф.eaf,368.793,397.674,34,37
2176094,dialect_yelets,"Вот хоть и до этого до Горбачёва было установилось жизнь хорошая была, и при нём сколько там годов пожили.",PAA1906,была,A1926 ф.eaf,368.793,397.674,66,69
2176151,dialect_yelets,"У нас войны не было, а посылал детей.",PAA1906,было,A1926 ф.eaf,368.793,397.674,16,19
2176286,dialect_yelets,"Ну, у их и денег было много, они тут, когда немец был у нас, это после немца было.",PAA1906,было,A1926 ф.eaf,478.969,489.508,18,21
2176301,dialect_yelets,"Ну, у их и денег было много, они тут, когда немец был у нас, это после немца было.",PAA1906,было,A1926 ф.eaf,478.969,489.508,78,81
2176326,dialect_yelets,"И они эти деньги поделили, два соседа было.",PAA1906,было,A1926 ф.eaf,490.496,511.752,39,42
2176371,dialect_yelets,"Когда война была, он спасался, у баби нарядится и ходит по- бабью, вот так он спасался, хитрый был.",PAA1906,была,A1926 ф.eaf,511.752,536.58,13,16
2176546,dialect_yelets,"Вот так разделывали, всё хорошо было.",PAA1906,было,A1926 ф.eaf,570.689,588.838,33,36
2176721,dialect_yelets,Раньше у нас село была триста домов!,PAA1906,была,A1926 ф.eaf,679.089,701.236,19,22
2176729,dialect_yelets,"Да, село большая была.",PAA1906,была,A1926 ф.eaf,679.089,701.236,18,21
2176745,dialect_yelets,"А потом, когда стали после этого уезжать, проныхоривать, тогда можно свободней было куда-нибудь прописаться и работать, сейчас -то всё тяжело, а тогда - уехали и живут.",PAA1906,было,A1926 ф.eaf,679.089,701.236,80,83
2177042,dialect_yelets,И в городе этого не было.,PAA1906,было,A1926 ф.eaf,831.879,848.725,21,24
2177047,dialect_yelets,"Ну где это было, восемь килограмм смородина на базаре!",PAA1906,было,A1926 ф.eaf,831.879,848.725,12,15
2177162,dialect_yelets,"Бывало, за хлебом встанем, мать избудит нас, очередя были бог знает какие, идем, на ходу спим, тёмно, до города дойдём двенадцать километров пешком, стоим-стоим, только когда достоим буханка хлеба, когда нет, назад идем не емши.",PAA1906,были,A1926 ф.eaf,907.394,926.712,54,57
2177243,dialect_yelets,"Тогда же ведь, мама рассказывала, мы -то маленькие были, бывало, продавцы закликают:",PAA1906,были,A1926 ф.eaf,937.729,957.118,52,55
2177313,dialect_yelets,"А у на= того не было никогда, вот я помню, я молоденькая жила, этого не было, как сейчас.",PAA1906,было,A1926 ф.eaf,957.118,978.15,73,76
2177326,dialect_yelets,"А у на= того не было никогда, вот я помню, я молоденькая жила, этого не было, как сейчас.",PAA1906,было,A1926 ф.eaf,957.118,978.15,17,20
2177405,dialect_yelets,Колхозы были - в колхозе работали бесплатно.,PAA1906,были,A1926 ф.eaf,1012.987,1036.401,9,12
2177495,dialect_yelets,"Резали, плели вожжи эти, а потом укатывали их и сдавали тоже, тут торговцы были, покупали, возили, спекулировали.",PAA1906,были,A1926 ф.eaf,1062.235,1085.738,76,79
2177539,dialect_yelets,"Тогда -то лошадей было везде много, а сейчас лошадей, если в нашем колхозе есть четыре лошади, а пять в колхозе нету!",PAA1906,было,A1926 ф.eaf,1085.738,1103.725,19,22
2177779,dialect_yelets,Тогда конфет всяких было!,PAA1906,было,A1926 ф.eaf,1200.833,1219.186,21,24
2177983,dialect_yelets,Ну так -то этого не было вот...,PAA1906,было,A1926 ф.eaf,1282.041,1302.744,21,24
2178009,dialect_yelets,"Коммуна -то была, ну вот вам хорошо, тогда коммуна была, значит и сейчас вам надо?",PAA1906,была,A1926 ф.eaf,1282.041,1302.744,52,55
2178018,dialect_yelets,"Коммуна -то была, ну вот вам хорошо, тогда коммуна была, значит и сейчас вам надо?",PAA1906,была,A1926 ф.eaf,1282.041,1302.744,13,16
2178283,dialect_yelets,"Этого никогда и не было, и не было, как сейчас повернули.",PAA1906,было,A1926 ф.eaf,1402.573,1410.842,31,34
2178287,dialect_yelets,"Этого никогда и не было, и не было, как сейчас повернули.",PAA1906,было,A1926 ф.eaf,1402.573,1410.842,20,23
2178311,dialect_yelets,"Да и пруды; то, бывало, в прудах хорошая вода была, вольная, а сейчас и пруды -то уже пересыхают.",PAA1906,была,A1926 ф.eaf,1426.812,1437.652,47,50
2178386,dialect_yelets,"То бы они там в пруде бы напились, стойла бывают, у нас вот козёнки были, я= мы стерегли, гоняли.",PAA1906,были,A1926 ф.eaf,1457.435,1466.4,69,72
2178599,dialect_yelets,То хоть картошкой живы были.,PAA1906,были,A1926 ф.eaf,1572.284,1580.967,24,27
2178680,dialect_yelets,"Сын мой вот свёклу вырабатывал и перепахивал всё, свёклы было сдавали помногу, а нонешний год всё плохо, урожай плохой.",PAA1906,было,A1926 ф.eaf,1619.372,1632.475,58,61
2178877,dialect_yelets,"Ну, у нас козы были...",PAA1906,были,A1926 ф.eaf,1744.871,1759.457,16,19
2178886,dialect_yelets,"Ну, когда мама молодая была, мы детишки были, коз имели, кур имели, и поросят имели...",PAA1906,была,A1926 ф.eaf,1744.871,1759.457,24,27
2178890,dialect_yelets,"Ну, когда мама молодая была, мы детишки были, коз имели, кур имели, и поросят имели...",PAA1906,были,A1926 ф.eaf,1744.871,1759.457,41,44
2178913,dialect_yelets,"Молоко была, ели мы, была козье, а козлят бывало какие -то продадим, а какие -то порежем себе на мясо.",PAA1906,была,A1926 ф.eaf,1765.327,1775.006,22,25
2178918,dialect_yelets,"Молоко была, ели мы, была козье, а козлят бывало какие -то продадим, а какие -то порежем себе на мясо.",PAA1906,была,A1926 ф.eaf,1765.327,1775.006,8,11
2179106,dialect_yelets,"Была, да.",PAA1906,Была,A1926 ф.eaf,1892.612,1898.871,1,4
2179122,dialect_yelets,"В Телегино, вот километр-полтора ай тут два, в Телегино была церква.",PAA1906,была,A1926 ф.eaf,1892.612,1898.871,57,60
2179327,dialect_yelets,"Ну бы война когда была, уж и не было.",PAA1906,была,A1926 ф.eaf,2014.138,2026.407,19,22
2179332,dialect_yelets,"Ну бы война когда была, уж и не было.",PAA1906,было,A1926 ф.eaf,2014.138,2026.407,33,36
2179534,dialect_yelets,"Я вот как была маленькая, мама какие -то чуньки шила носила на поле, вот, в лаптях мужики ходили...",PAA1906,была,A1926 ф.eaf,2175.58,2191.51,11,14
2179832,dialect_yelets,"А мыло... тогда ведь и мыло, сто рублей стакан соль была, вот, а мыло делали - кирпич.",PAA1906,была,A1926 ф.eaf,2313.955,2332.878,53,56
2179858,dialect_yelets,Всё ведь было.,PAA1906,было,A1926 ф.eaf,2332.878,2347.416,10,13
2179910,dialect_yelets,"Топили котяками, тростники разные, вот сейчас вот дерева развели, а тогда этого не было лесу у нас.",PAA1906,было,A1926 ф.eaf,2373.359,2383.19,84,87
2179918,dialect_yelets,Да пустая село была!,PAA1906,была,A1926 ф.eaf,2384.601,2396.799,16,19
2179936,dialect_yelets,"Кое-где если лозиночку увидишь, то а потом насажали, насажали вот, а то всё было вот чисто у нас, тут ничего не было.",PAA1906,было,A1926 ф.eaf,2384.601,2396.799,113,116
2179945,dialect_yelets,"Кое-где если лозиночку увидишь, то а потом насажали, насажали вот, а то всё было вот чисто у нас, тут ничего не было.",PAA1906,было,A1926 ф.eaf,2384.601,2396.799,77,80
2180089,dialect_yelets,"Да раньше -то умные были дети, как сейчас, а сейчас хулиганы.",PAA1906,были,A1926 ф.eaf,2481.17,2498.901,21,24
2180123,dialect_yelets,А тогда этого не было.,PAA1906,было,A1926 ф.eaf,2481.17,2498.901,18,21
2180537,dialect_yelets,И на станции была Заготзерно.,CHVF1922,была,A1927_01 ф.eaf,45.958,59.821,14,17
2180548,dialect_yelets,"И вот на мы заготовку, трое нас были, и мы эту заготовку, мешки, целый день, целый день возим, и возим - госпоставка называлась.",CHVF1922,были,A1927_01 ф.eaf,45.958,59.821,33,36
2180609,dialect_yelets,"И вот мы там были, а нас домой не распускали - а то их тогда не соберёшь.",CHVF1922,были,A1927_01 ф.eaf,72.454,85.886,14,17
2180645,dialect_yelets,"Вот мы там= туда нам есть носили, на этот ток, он вот домочек вот, по сейчас, это была раньше школа.",CHVF1922,была,A1927_01 ф.eaf,72.454,85.886,83,86
2180796,dialect_yelets,"Печки у нас вот этой не было, хлеб печь негде было, война отхватила, и не смог он скласть, он так мастер сам был -то.",CHVF1922,было,A1927_01 ф.eaf,138.47,147.457,47,50
2180801,dialect_yelets,"Печки у нас вот этой не было, хлеб печь негде было, война отхватила, и не смог он скласть, он так мастер сам был -то.",CHVF1922,было,A1927_01 ф.eaf,138.47,147.457,25,28
2181195,dialect_yelets,"Отдали мы её вот за десять километров в Баёвку, там была десятилетка.",CHVF1922,была,A1927_01 ф.eaf,260.467,275.768,53,56
2181455,dialect_yelets,"У нас вот внучка замуж выходит вроде, ну, дочери, сестре -то хочется чтобы обои сёстры побыли на свадьбе, они прислали письмо и пишут:",CHVF1922,побыли,A1927_01 ф.eaf,377.667,401.303,88,93
2181606,dialect_yelets,"Да дай бог здоровья всем сельсоветским работникам, хоть вот воду подтянули - а то у нас вода была на посёлку, а нас тут заносит страсть снегом, когда хорошая вот зимой вот пыль.",CHVF1922,была,A1927_01 ф.eaf,428.835,449.379,94,97
2181679,dialect_yelets,"Правда, там какая -то попала, видно старьё, два раза трубу прорывало, тоже мучились, выливали, сколько было тяжести, ну, потом достали, сами уж от себе достали, укрепили там, вроде сейчас вот ничего.",CHVF1922,было,A1927_01 ф.eaf,450.707,470.351,104,107
2181714,dialect_yelets,"В тридцать шестом была засух= засуха громадная - люди пухли, помирали.",CHVF1922,была,A1927_01 ф.eaf,472.852,482.541,19,22
2181744,dialect_yelets,"Потом в тридцать седьмом был урожай прекрасный, ну тут средненький был урожай, в сорок се= шестом опять засуха была, недород ужасный был, в сорок шестом, ровно через десять лет.",CHVF1922,была,A1927_01 ф.eaf,482.541,495.035,112,115
2181799,dialect_yelets,"Скот даже не знали, чем кормить, отсылали вон во Мценск, в Белоруссию, тюковали, там какая -то кой-какая там семечка была, там и полын, сборная, всё на свете, тюками сюда сено присылали.",CHVF1922,была,A1927_01 ф.eaf,495.035,517.434,118,121
2181825,dialect_yelets,"Так, теперь вот в семьдесят втором тоже засуха была громадная.",CHVF1922,была,A1927_01 ф.eaf,517.434,525.929,48,51
2181954,dialect_yelets,"А ведь вот в семьдесят втором году такая была засуха, что скот кормить нечем было.",CHVF1922,была,A1927_01 ф.eaf,550.773,569.177,42,45
2181961,dialect_yelets,"А ведь вот в семьдесят втором году такая была засуха, что скот кормить нечем было.",CHVF1922,было,A1927_01 ф.eaf,550.773,569.177,78,81
2181966,dialect_yelets,Нечем кормить скот было!,CHVF1922,было,A1927_01 ф.eaf,550.773,569.177,20,23
2181989,dialect_yelets,Не было.,CHVF1922,было,A1927_01 ф.eaf,569.177,579.956,4,7
2182006,dialect_yelets,"Корова была у нас ой, хорошая корова-ведерница была, и он, прямо у него здоровья -то нету, ветеран войны, пережил много в эту войну, и говорит: 'Ну всё, я откосился!'",CHVF1922,была,A1927_01 ф.eaf,582.297,604.65,48,51
2182015,dialect_yelets,"Корова была у нас ой, хорошая корова-ведерница была, и он, прямо у него здоровья -то нету, ветеран войны, пережил много в эту войну, и говорит: 'Ну всё, я откосился!'",CHVF1922,была,A1927_01 ф.eaf,582.297,604.65,8,11
2182099,dialect_yelets,"Тут они перевороты ведь такие были, вот как раз в тридцать первом году организовывался колхоз - кулаченье, растрепали, ну нас не трепали, а вообще -то, людей -то, это ведь всё отражается.",CHVF1922,были,A1927_01 ф.eaf,612.813,628.037,31,34
2182166,dialect_yelets,"А тут пошёл колхоз, оплата плохая была, страшно, только в тридцать седьмом году дали там килограмм по три, наверное, на трудодень, а то бывало, ну что дадут, когда по семьсот грамм, или дадут вот по килограмму, а потом, это август месяц,",CHVF1922,была,A1927_01 ф.eaf,634.477,650.532,35,38
2182277,dialect_yelets,"Работы было вот так вот, вот у нас не было передышки!",CHVF1922,было,A1927_01 ф.eaf,662.376,676.252,39,42
2182286,dialect_yelets,"Работы было вот так вот, вот у нас не было передышки!",CHVF1922,было,A1927_01 ф.eaf,662.376,676.252,8,11
2182312,dialect_yelets,"Вот такие были вязки, вот на сотню трудодней, например, вязка эта.",CHVF1922,были,A1927_01 ф.eaf,676.252,692.361,11,14
2182333,dialect_yelets,"Тяжкая жизнь была, плохо давали.",CHVF1922,была,A1927_01 ф.eaf,676.252,692.361,14,17
2182387,dialect_yelets,А нам -то жизнь была и неважная.,CHVF1922,была,A1927_01 ф.eaf,693.887,716.798,17,20
2182393,dialect_yelets,Работой снабжёны были от и до.,CHVF1922,были,A1927_01 ф.eaf,693.887,716.798,18,21
2182421,dialect_yelets,У нас было двести семьдесят четыре гектара распашной.,CHVF1922,было,A1927_01 ф.eaf,716.798,739.464,7,10
2182446,dialect_yelets,"И мы тогда работали -то - на лошадях пахали, на лошадях скирдовали, конная молотилка была, и молотили на ней.",CHVF1922,была,A1927_01 ф.eaf,716.798,739.464,86,89
2182455,dialect_yelets,И всё было в порядочке.,CHVF1922,было,A1927_01 ф.eaf,739.464,752.326,7,10
2182537,dialect_yelets,Ну как -то мы были вроде бы и довольные.,CHVF1922,были,A1927_01 ф.eaf,763.767,788.073,15,18
2182545,dialect_yelets,Почему мы были довольные?,CHVF1922,были,A1927_01 ф.eaf,763.767,788.073,11,14
2182556,dialect_yelets,"Вот по счашечной жизни сравнить, почему мы были довольные, я не знаю.",CHVF1922,были,A1927_01 ф.eaf,763.767,788.073,44,47
2182568,dialect_yelets,"И какие -то радостные мы были вот, радовалися: ага, с поля свезли то -то, с поля другое что -то свезли, вот мы радовались уборке, что мы управляемся, убираем, всё свозим, в порядочку всё делаем.",CHVF1922,были,A1927_01 ф.eaf,763.767,788.073,26,29
2182613,dialect_yelets,Работы было много.,CHVF1922,было,A1927_01 ф.eaf,788.073,802.104,8,11
2182656,dialect_yelets,"Вот представляете, какая тяжкая военная раб= жизнь была, и не попало в стаж у мене ничего.",CHVF1922,была,A1927_01 ф.eaf,802.104,820.39,52,55
2182792,dialect_yelets,"Сперва на группе была, а потом группу сняли, и я не поднялася.",CHVF1922,была,A1927_01 ф.eaf,837.678,854.715,18,21
2182843,dialect_yelets,"Мать была не родная - мачеха, с мачехи спрашивать нечего, видно, что уж...",CHVF1922,была,A1927_01 ф.eaf,856.287,872.269,6,9
2182892,dialect_yelets,Бывало вот тут два дедушки были добрые.,CHVF1922,были,A1927_01 ф.eaf,881.853,887.471,28,31
2183030,dialect_yelets,"Мокрые, грязные, и руки -то уж у нас надсажёные: ну, вядр… вёдра потаскайся, а ведь ума -то не было: мы, значить, один перед одним, чтоб моя пара вперёд шла - видишь, как хочется -то.",CHVF1922,было,A1927_01 ф.eaf,908.37,935.689,96,99
2183224,dialect_yelets,"Вот у нас тут ясли были, кого в ясли швырнуть, чтобы с этими, с ребятишкими сидели играли, а женщины чтоб больше работали.",CHVF1922,были,A1927_01 ф.eaf,974.434,1002.612,20,23
2183287,dialect_yelets,"Ой, один раз пошли вот сюда, тут вот щас дома, а тут была чистая поле.",CHVF1922,была,A1927_01 ф.eaf,1002.612,1025.747,54,57
2183345,dialect_yelets,"Что из нас ещё толку -то не было, господи, ну что там, пятнадцать лет!",CHVF1922,было,A1927_01 ф.eaf,1002.612,1025.747,29,32
2183677,dialect_yelets,"Я уже, восемнадцать мне поравнялось, с меня налог брали, у матери были двое несовершеннолетних, она бы не платила, мачеха, а я совершеннолетняя - налог.",CHVF1922,были,A1927_01 ф.eaf,1121.462,1151.195,67,70
2183811,dialect_yelets,"Сколь сестрёнке, она с двадцать девятого; я с двадцать второго, она с двадцать девятого году была.",CHVF1922,была,A1927_01 ф.eaf,1168.602,1184.635,94,97
2183849,dialect_yelets,"А ведь ещё толку -то нет, сейчас ругааемся мы на своих, уж на что я у мачехи была в дисциплинке, в этом, не пустая была, а ведь всё равно не догадалась через чугунный мост перейтить, мне бы ближе насколько!",CHVF1922,была,A1927_01 ф.eaf,1184.635,1205.6,116,119
2183858,dialect_yelets,"А ведь ещё толку -то нет, сейчас ругааемся мы на своих, уж на что я у мачехи была в дисциплинке, в этом, не пустая была, а ведь всё равно не догадалась через чугунный мост перейтить, мне бы ближе насколько!",CHVF1922,была,A1927_01 ф.eaf,1184.635,1205.6,78,81
2183976,dialect_yelets,Были и у нас колхозные праздники.,CHVF1922,Были,A1927_01 ф.eaf,1234.533,1254.861,1,4
2184008,dialect_yelets,"Отработаемся, мы старались к Октябрьской, чтоб у нас с поля всё на свете было свезёно, всё на свете было отеплёно - и закутки и для овец, и для теляток, и для всего на свете - чтобы мы подготовились полностью!",CHVF1922,было,A1927_01 ф.eaf,1234.533,1254.861,101,104
2184014,dialect_yelets,"Отработаемся, мы старались к Октябрьской, чтоб у нас с поля всё на свете было свезёно, всё на свете было отеплёно - и закутки и для овец, и для теляток, и для всего на свете - чтобы мы подготовились полностью!",CHVF1922,было,A1927_01 ф.eaf,1234.533,1254.861,74,77
2184070,dialect_yelets,"Ну а откуда они тогда ложки, столовых -то не было.",CHVF1922,было,A1927_01 ф.eaf,1254.861,1269.393,46,49
2184142,dialect_yelets,"Потому что мы готовились, всё чтобы у нас с поля ушло, чтобы мы были свободные.",CHVF1922,были,A1927_01 ф.eaf,1282.366,1298.162,65,68
2184159,dialect_yelets,"Ну, а такие праздники тогда уж, церковные праздники, за них строговато было, конечно.",CHVF1922,было,A1927_01 ф.eaf,1282.366,1298.162,72,75
2184213,dialect_yelets,"Она, можно сказать, и не заапрещёна, но уже тулилися, уже как -то не то было.",CHVF1922,было,A1927_01 ф.eaf,1300.087,1314.188,73,76
2184247,dialect_yelets,"Это сейчас - я хочу, в церкву поеду, хочу пост буду не есть, и всем скажу, что я пощусь, не ем, а тогда как -то это было не то.",CHVF1922,было,A1927_01 ф.eaf,1314.188,1332.606,117,120
2184328,dialect_yelets,"Ну, у нас строгость была из-за этого.",CHVF1922,была,A1927_01 ф.eaf,1353.188,1371.688,21,24
2184372,dialect_yelets,"Кружеву мы плели, а больше рукоделья никакого не было.",CHVF1922,было,A1927_01 ф.eaf,1353.188,1371.688,50,53
2184387,dialect_yelets,"Спрядём на прялке, себе свяжем, износим, вот это вот работа была.",CHVF1922,была,A1927_01 ф.eaf,1371.688,1388.519,61,64
2184395,dialect_yelets,"Даже у нас тут вот не было станков, чтобы вот холщовые, вот такие вот, это вот ручная тканьё, не фабрика, а ручная тканьё, и то у нас тут никто не занимался.",CHVF1922,было,A1927_01 ф.eaf,1371.688,1388.519,23,26
2184434,dialect_yelets,"Тут уже стал колхоз, приусадебные участки были по сорок-пятьдесят соток, где его сеять, этую коноплю или лён, там всё на голи, этого, картох больше сажать, картох больше сажать.",CHVF1922,были,A1927_01 ф.eaf,1388.519,1402.662,43,46
2184524,dialect_yelets,"На нашем посёлку, например, сапожников не было.",CHVF1922,было,A1927_01 ф.eaf,1424.862,1446,43,46
2184555,dialect_yelets,"Потому что строгость была на работу, всё это минимум вырабатывали, чтобы не попасть в непонятицу,",CHVF1922,была,A1927_01 ф.eaf,1424.862,1446,22,25
2184576,dialect_yelets,"Так что у нас никакой не было, чтоб мы там чем -то занимались, другим изделием.",CHVF1922,было,A1927_01 ф.eaf,1446,1466.854,26,29
2184596,dialect_yelets,"Вот по большим сёлам, там дисциплинка была посложнее= похуже, и они кто валенки валял, ну а кто, может, и сапожничал, шил чего-нибудь там, обувь.",CHVF1922,была,A1927_01 ф.eaf,1446,1466.854,39,42
2184631,dialect_yelets,"У нас строго было на работу, бывало, как скотину гоним в стадо - и оставаемся по звонку.",CHVF1922,было,A1927_01 ф.eaf,1466.854,1481.23,14,17
2184707,dialect_yelets,Дюже много работы было.,CHVF1922,было,A1927_01 ф.eaf,1481.23,1495.235,19,22
2184760,dialect_yelets,У нас не было так.,CHVF1922,было,A1927_01 ф.eaf,1496.303,1512.203,10,13
2184857,dialect_yelets,А какая абы уж одёжа в войну -то была?,CHVF1922,была,A1927_01 ф.eaf,1534.26,1555.404,34,37
2184933,dialect_yelets,Ещё бы я сказала вот что: и ссоры никогда не было.,CHVF1922,было,A1927_01 ф.eaf,1555.404,1578.775,46,49
2184959,dialect_yelets,"Я вот посмотрю сейчас - пойдут коров доить, идут глаголют, цепляют друг друга, а ведь у нас этого не было.",CHVF1922,было,A1927_01 ф.eaf,1555.404,1578.775,102,105
2185110,dialect_yelets,А ведь тогда этого не было.,CHVF1922,было,A1927_01 ф.eaf,1608.729,1633.911,23,26
2185333,dialect_yelets,А ведь раньше -то этого не было.,CHVF1922,было,A1927_01 ф.eaf,1693.937,1705.597,28,31
2185336,dialect_yelets,"Не было, никаких этих вот, бывало посмотришь, как -то совсем не те люди были.",CHVF1922,было,A1927_01 ф.eaf,1693.937,1705.597,4,7
2185351,dialect_yelets,"Не было, никаких этих вот, бывало посмотришь, как -то совсем не те люди были.",CHVF1922,были,A1927_01 ф.eaf,1693.937,1705.597,73,76
2185357,dialect_yelets,Совсем не те люди были.,CHVF1922,были,A1927_01 ф.eaf,1693.937,1705.597,19,22
2185368,dialect_yelets,"Мы перешли сюда, по единоличному наша земля тут была, ну потом оттуда стали помаленьку выходить из того села, стали расселяться.",CHVF1922,была,A1927_01 ф.eaf,1705.597,1728.2,49,52
2185388,dialect_yelets,"Тут их три посёлочка было, из одного села населёны.",CHVF1922,было,A1927_01 ф.eaf,1705.597,1728.2,22,25
2185411,dialect_yelets,"Как всё равно считалися односельчане, у нас никакого спору не было, никакой ненависти не было.",CHVF1922,было,A1927_01 ф.eaf,1705.597,1728.2,63,66
2185416,dialect_yelets,"Как всё равно считалися односельчане, у нас никакого спору не было, никакой ненависти не было.",CHVF1922,было,A1927_01 ф.eaf,1705.597,1728.2,90,93
2185548,dialect_yelets,"Село Большая слепуха, она была большая, в ней где -то было около тысячи дворов.",CHVF1922,была,A1927_01 ф.eaf,1765.203,1787.208,27,30
2185555,dialect_yelets,"Село Большая слепуха, она была большая, в ней где -то было около тысячи дворов.",CHVF1922,было,A1927_01 ф.eaf,1765.203,1787.208,55,58
2185569,dialect_yelets,"А потом вот, когда, тогда ведь мало было земли давали, на душу -то, а потом, когда царь прибавил земли -то, ну и, значит, добавили тут землю, они начали оттуда переселяться сюда, тут вот близко.",CHVF1922,было,A1927_01 ф.eaf,1765.203,1787.208,37,40
2185642,dialect_yelets,"Ну, сейчас от этих три посёлочка одного совсем нету, и ни одного дома нет, ни одного человека, нету, это была Коптево.",CHVF1922,была,A1927_01 ф.eaf,1787.208,1801.299,106,109
2185890,dialect_yelets,"Застоя за мене не было, отец был на фронте, мать - мачеха, больше не было никого, хоть бы куда меня утурили.",CHVF1922,было,A1927_02 ф.eaf,50.638,71.851,19,22
2185903,dialect_yelets,"Застоя за мене не было, отец был на фронте, мать - мачеха, больше не было никого, хоть бы куда меня утурили.",CHVF1922,было,A1927_02 ф.eaf,50.638,71.851,70,73
2185918,dialect_yelets,"Ну, извозы, конечно, были все мои, уж без мене=",CHVF1922,были,A1927_02 ф.eaf,50.638,71.851,22,25
2185938,dialect_yelets,"Ну, у нас вот попали они две, одна была с двадцать шестого года, а другая - с восемнадцатого.",CHVF1922,была,A1927_02 ф.eaf,73.965,82.642,36,39
2186093,dialect_yelets,"Вообще было пятеро, но трое они умерли до войны ещё, а эти двое тоже несовершеннолетние были.",CHVF1922,было,A1927_02 ф.eaf,124.614,142.188,8,11
2186109,dialect_yelets,"Вообще было пятеро, но трое они умерли до войны ещё, а эти двое тоже несовершеннолетние были.",CHVF1922,были,A1927_02 ф.eaf,124.614,142.188,89,92
2186166,dialect_yelets,"И ведь бывалоча сорок килограмм мяса отдай, двести десять литров молока отдай, а то б она ничего не платила, она бы льготница была.",CHVF1922,была,A1927_02 ф.eaf,142.188,160.567,127,130
2186197,dialect_yelets,"Пережитки было много, жизнь была тяжкая, тяжкая.",CHVF1922,было,A1927_02 ф.eaf,163.179,177.182,11,14
2186201,dialect_yelets,"Пережитки было много, жизнь была тяжкая, тяжкая.",CHVF1922,была,A1927_02 ф.eaf,163.179,177.182,29,32
2186208,dialect_yelets,Невозможная жизнь была!,CHVF1922,была,A1927_02 ф.eaf,163.179,177.182,19,22
2186332,dialect_yelets,Вот она так была людьми тамошними довольна!,CHVF1922,была,A1927_02 ф.eaf,199.591,216.122,13,16
2186480,dialect_yelets,"Так она людьми была довольна, и вообще, она говорит, порядок тут хороший был.",CHVF1922,была,A1927_02 ф.eaf,244.368,257.254,16,19
2186591,dialect_yelets,Три раза я там была.,CHVF1922,была,A1927_02 ф.eaf,293.479,309.206,16,19
2186595,dialect_yelets,"Но я была, ещё тогда народ вежливый был.",CHVF1922,была,A1927_02 ф.eaf,293.479,309.206,6,9
2187278,dialect_yelets,"Потом у мене эта большая дочь, когда ещё она была девушкой, замуж не выходила, у нас тут приехали муж с женою, у них была девочка, а тётя ихняя жила в Ленинграде.",CHVF1922,была,A1927_02 ф.eaf,484.17,504.249,118,121
2187296,dialect_yelets,"Потом у мене эта большая дочь, когда ещё она была девушкой, замуж не выходила, у нас тут приехали муж с женою, у них была девочка, а тётя ихняя жила в Ленинграде.",CHVF1922,была,A1927_02 ф.eaf,484.17,504.249,46,49
2187442,dialect_yelets,"Совсем не то стало, что было!'",CHVF1922,было,A1927_02 ф.eaf,526.062,535.148,25,28
2187551,dialect_yelets,"Нет, ни разу не была.",CHVF1922,была,A1927_02 ф.eaf,574.552,592.847,17,20
2187592,dialect_yelets,"Ну, ни разу я там не была, она уж те= там живёт, вот Октябрьская будет, девятнадцать лет.",CHVF1922,была,A1927_02 ф.eaf,574.552,592.847,22,25
2187765,dialect_yelets,"Поехала она, сперва не рассчитывалась отсюда, поехала, побыла там, поездилась с этой с Надею, потом вроде бы ну понравилось ей там.",CHVF1922,побыла,A1927_02 ф.eaf,641.346,654.801,56,61
2187903,dialect_yelets,"Ну, закончила, вроде тут места были все заняты, какое ей надо работать, вот она сдумала поехать в этот, где наши ребята -то погибали.",CHVF1922,были,A1927_02 ф.eaf,692.346,710.161,32,35
2187985,dialect_yelets,"Ну однако она проштрафилась, она не= тоже хоть она и голова была, а...",CHVF1922,была,A1927_02 ф.eaf,710.161,726.052,61,64
2189004,dialect_yelets,"Даже она, каже= по- моему, пятнадцатой была квартиру получать.",CHVF1922,была,A1927_02 ф.eaf,1056.741,1068.569,40,43
2189084,dialect_yelets,"В те годы, когда она была, ну, сказать, по своему возрасту, были ребята, она училася, говорит, и работала, училась, она ж заочно училася, тяжело было.",CHVF1922,была,A1927_02 ф.eaf,1085.257,1101.793,22,25
2189094,dialect_yelets,"В те годы, когда она была, ну, сказать, по своему возрасту, были ребята, она училася, говорит, и работала, училась, она ж заочно училася, тяжело было.",CHVF1922,были,A1927_02 ф.eaf,1085.257,1101.793,61,64
2189113,dialect_yelets,"В те годы, когда она была, ну, сказать, по своему возрасту, были ребята, она училася, говорит, и работала, училась, она ж заочно училася, тяжело было.",CHVF1922,было,A1927_02 ф.eaf,1085.257,1101.793,146,149
2189254,dialect_yelets,"Ну вот, а у другой серебряная была медаль, а эта без медали.",CHVF1922,была,A1927_02 ф.eaf,1141.316,1168.527,31,34
2189322,dialect_yelets,"Учительница была такая она почётная, как учительники любили, вообще среди коллектива она почётная была, девка -то толковая.",CHVF1922,была,A1927_02 ф.eaf,1182.821,1195.237,99,102
2189336,dialect_yelets,"Учительница была такая она почётная, как учительники любили, вообще среди коллектива она почётная была, девка -то толковая.",CHVF1922,была,A1927_02 ф.eaf,1182.821,1195.237,13,16
2189465,dialect_yelets,"- 'Ты нам всё говорила, чтобы были потише, поскромней, поумней, а сейчас такая жизня, она большинство не подходит'.",CHVF1922,были,A1927_02 ф.eaf,1221.869,1235.325,31,34
2189640,dialect_yelets,"И, знаете, как, оттуда мы когда переехали, у нас там семилетка была, и школа была близко.",CHVF1922,была,A1927_02 ф.eaf,1297.288,1309.384,78,81
2189644,dialect_yelets,"И, знаете, как, оттуда мы когда переехали, у нас там семилетка была, и школа была близко.",CHVF1922,была,A1927_02 ф.eaf,1297.288,1309.384,64,67
2189689,dialect_yelets,У нас ведь там того не было.,CHVF1922,было,A1927_02 ф.eaf,1320.824,1340.73,24,27
2189886,dialect_yelets,"И вот она когда у нас, у нас тут в больнице была участковой, когда, значит, работала она тута, и их две молодых работали, а ведь мы, женщины, тоже бестолковые, свяжутся, бывало, в карты, какого из них чёрта выигрывать.",CHVF1922,была,A1927_02 ф.eaf,1372.651,1388.736,45,48
2190141,dialect_yelets,"И вот, бывалоча, я на= на лету сперва, когда у средней дочери была девочка, я ей сюда, она прям на работу ушла, а мне ее оставила, годику, и она у меня жила, пока в школу.",CHVF1922,была,A1927_02 ф.eaf,1450.629,1469.132,63,66
2190192,dialect_yelets,"Я её научила и писать, и читать, в общем, до третьего класса ей там делать в школе было нечего.",CHVF1922,было,A1927_02 ф.eaf,1450.629,1469.132,84,87
2190303,dialect_yelets,"Прохожу, где какие недостатки - предупредила, всё, вот к такому -то числу чтоб было сделано.",CHVF1922,было,A1927_02 ф.eaf,1485.114,1508.643,80,83
2190505,dialect_yelets,"Нельзя так делать, и в моём кабинете никогда чтобы никакого грубого разговору не было.",CHVF1922,было,A1927_02 ф.eaf,1551.228,1566.888,82,85
2190605,dialect_yelets,"Чтоб, - говорит, этого больше не было!'",CHVF1922,было,A1927_02 ф.eaf,1566.888,1584.323,34,37
2190833,dialect_yelets,"Ни пеленала я её, ни свивала, как по- деревенски бывало, свивают, стягивают, чтоб они там не не это, не раскапывались, никогда этого не было.",CHVF1922,было,A1927_02 ф.eaf,1641.941,1660.375,137,140
2190960,dialect_yelets,"Ох, мама, как бы она не была какая-нибудь глупая.",CHVF1922,была,A1927_02 ф.eaf,1678.959,1697.242,25,28
2191048,dialect_yelets,"А игрушки какие были - коробочки, пустые из-под спичек, ленточки какие -то, какое-нибудь бумажка какая-нибудь цветная.",CHVF1922,были,A1927_02 ф.eaf,1713.052,1728.776,17,20
2191068,dialect_yelets,А были и эти игрушки.,CHVF1922,были,A1927_02 ф.eaf,1728.776,1741.33,3,6
2191217,dialect_yelets,"Только что я выйду корову подоишь, корова была, больше я не гожалась ничего делать, а лето.",CHVF1922,была,A1927_02 ф.eaf,1762.428,1781.188,43,46
2191311,dialect_yelets,"Это ж лет уж у нас шесть лет корове нету, седьмой, это ещё были лекарства тогда.",CHVF1922,были,A1927_02 ф.eaf,1800.262,1811.393,60,63
2191363,dialect_yelets,На молотилке была.,FMI1906,была,А1928_1 ф.eaf,11.097,24.878,14,17
2191456,dialect_yelets,Вот такая -то моя и была вся жизнь.,FMI1906,была,А1928_1 ф.eaf,32.489,61.849,21,24
2191463,dialect_yelets,Не с чем было кормоваться -то.,FMI1906,было,А1928_1 ф.eaf,32.489,61.849,10,13
2191536,dialect_yelets,Только что не привязанная была.,FMI1906,была,А1928_1 ф.eaf,66.836,89.919,27,30
2191640,dialect_yelets,"Покатиловы, его тут уже и даже фундамента не было.",FMI1906,было,А1928_1 ф.eaf,114.964,134.557,46,49
2191653,dialect_yelets,"По рассказам, там, где-нибудь Афанасия Меркулова какая -то была.",FMI1906,была,А1928_1 ф.eaf,114.964,134.557,60,63
2191854,dialect_yelets,"Ну, мужчины у нас там дюже не было, чтоб сказать мастера.",FMI1906,было,А1928_1 ф.eaf,213.203,224.894,31,34
2192351,dialect_yelets,"Нет, мы дюже ж= мы двое с мамой были, у мене ещё этой Таньки не было.",FMI1906,были,А1928_1 ф.eaf,494.19,509.744,33,36
2192359,dialect_yelets,"Нет, мы дюже ж= мы двое с мамой были, у мене ещё этой Таньки не было.",FMI1906,было,А1928_1 ф.eaf,494.19,509.744,65,68
2192364,dialect_yelets,"Ну, хлебушка было тогда вот, бывает, Чернава, может, слыхали Чернаву?",FMI1906,было,А1928_1 ф.eaf,494.19,509.744,14,17
2192419,dialect_yelets,Ну вот был запас и корова была на двух.,FMI1906,была,А1928_1 ф.eaf,509.744,531.864,27,30
2192443,dialect_yelets,"А раз корова была, значит, голодно не было.",FMI1906,была,А1928_1 ф.eaf,531.864,551.335,14,17
2192449,dialect_yelets,"А раз корова была, значит, голодно не было.",FMI1906,было,А1928_1 ф.eaf,531.864,551.335,39,42
2192473,dialect_yelets,"А ведь народ -то помирали, не с чем было.",FMI1906,было,А1928_1 ф.eaf,531.864,551.335,37,40
2192556,dialect_yelets,Пережито всё было.,FMI1906,было,А1928_1 ф.eaf,565.995,591.937,14,17
2192559,dialect_yelets,Всё было.,FMI1906,было,А1928_1 ф.eaf,565.995,591.937,5,8
2192872,dialect_yelets,"И ничего не было ону этому, где -то там моряком работает, забыла, в Мурманске!",FMI1906,было,А1928_1 ф.eaf,730.597,759.088,13,16
2193076,dialect_yelets,"Ну как она была, так она и есть, и теперь и так она и будет Свой карман ближе.",FMI1906,была,А1928_1 ф.eaf,848.409,866.728,12,15
2193402,dialect_yelets,"У нас на Марчуках в войну ни мужика этого не было, и вот бывало выгонишь корову, нехай утром в стаду, подходят бабы: ' нынче не назывались ночью с хлебом?'-",FMI1906,было,А1928_1 ф.eaf,1000.62,1019.286,46,49
2193651,dialect_yelets,"Не, там маленькая деревушка, там всего было девяносто дворов.",FMI1906,было,А1928_1 ф.eaf,1111.14,1134.806,40,43
2193768,dialect_yelets,"И в колхозе были, всё равно цельную неделю, бывало, у нас катали яйцы.",FMI1906,были,А1928_1 ф.eaf,1164.177,1175.305,13,16
2193841,dialect_yelets,"А больше какие там игры, игры были.",FMI1906,были,А1928_1 ф.eaf,1177.024,1200.825,31,34
2193912,dialect_yelets,"Это была тут она деревня, это она сейчас мал-маленько проявила, а то она была тёмная и заброшенная.",FMI1906,была,А1928_1 ф.eaf,1228.034,1252.997,74,77
2193926,dialect_yelets,"Это была тут она деревня, это она сейчас мал-маленько проявила, а то она была тёмная и заброшенная.",FMI1906,была,А1928_1 ф.eaf,1228.034,1252.997,5,8
2193942,dialect_yelets,Так что она была чёрная.,FMI1906,была,А1928_1 ф.eaf,1228.034,1252.997,13,16
2194051,dialect_yelets,"Были, погоди, из Воронежа, кажется, у нас две семьи было, побыли , уехали.",FMI1906,Были,А1928_1 ф.eaf,1300.862,1331.421,1,4
2194064,dialect_yelets,"Были, погоди, из Воронежа, кажется, у нас две семьи было, побыли , уехали.",FMI1906,было,А1928_1 ф.eaf,1300.862,1331.421,53,56
2194066,dialect_yelets,"Были, погоди, из Воронежа, кажется, у нас две семьи было, побыли , уехали.",FMI1906,побыли,А1928_1 ф.eaf,1300.862,1331.421,59,64
2194412,dialect_yelets,"Когда у мене было их две, тогда я делала.",FMI1906,было,А1928_1 ф.eaf,1451.914,1455.898,14,17
2194495,dialect_yelets,Были у мене козы.,FMI1906,Были,А1928_1 ф.eaf,1483.902,1512.079,1,4
2194687,dialect_yelets,"Ещё печенья -то у них уж давно не было, наверное, месяца два не было.",FMI1906,было,А1928_1 ф.eaf,1579.565,1606.539,65,68
2194694,dialect_yelets,"Ещё печенья -то у них уж давно не было, наверное, месяца два не было.",FMI1906,было,А1928_1 ф.eaf,1579.565,1606.539,35,38
2194862,dialect_yelets,"У мене сестра была, на войне -то, с сорок третьего года и по сорок пятый.",PAM1920,была,А1928_2 ф.eaf,38.598,51.434,15,18
2194897,dialect_yelets,"И она= они доходили -то, она и в Германии была.",PAM1920,была,А1928_2 ф.eaf,53.578,70.654,43,46
2194980,dialect_yelets,"Шесть месяцев мне было, и парализовало мене.",PAM1920,было,А1928_2 ф.eaf,110.548,130.124,19,22
2195029,dialect_yelets,"И она тоже одна, дед у ней помер, своих детей не было, а эти, его, вот разошлись, кто замуж вышел, кто поженился.",PAM1920,было,А1928_2 ф.eaf,143.52,164.082,50,53
2195180,dialect_yelets,"Семья -то была - нас две сестры, четыре брата; два уже померли, нету, а два -то вот, один тут вот сбоку, другой тре= четвёртый в Орле живет.",PAM1920,была,А1928_2 ф.eaf,239.369,257.479,11,14
2195257,dialect_yelets,Там было раньше семьсот с чем -то дворов.,PAM1920,было,А1928_2 ф.eaf,285.86,307.215,5,8
2195281,dialect_yelets,Я уж там давно не была.,PAM1920,была,А1928_2 ф.eaf,285.86,307.215,19,22
2195389,dialect_yelets,"Вот, у нас лошадь была, ну, в хозяйстве была, лошадей в колхоз, приказали сдать, мы и сдали, это, ко= кобыла хорошая у нас была, начальники на ней катались всё, разъезжались.",PAM1920,была,А1928_2 ф.eaf,358.719,393.196,19,22
2195395,dialect_yelets,"Вот, у нас лошадь была, ну, в хозяйстве была, лошадей в колхоз, приказали сдать, мы и сдали, это, ко= кобыла хорошая у нас была, начальники на ней катались всё, разъезжались.",PAM1920,была,А1928_2 ф.eaf,358.719,393.196,41,44
2195415,dialect_yelets,"Вот, у нас лошадь была, ну, в хозяйстве была, лошадей в колхоз, приказали сдать, мы и сдали, это, ко= кобыла хорошая у нас была, начальники на ней катались всё, разъезжались.",PAM1920,была,А1928_2 ф.eaf,358.719,393.196,105,108
2195448,dialect_yelets,Хорошая была кобыла!,PAM1920,была,А1928_2 ф.eaf,393.196,409.047,16,19
2195870,dialect_yelets,"А когда немец подходил, зерно прятали, забивали, замазывали тута, туды насыпали, ох, зерна было -то много, а мы прятали от него.",PAM1920,было,А1928_2 ф.eaf,662.643,679.507,92,95
2195889,dialect_yelets,"Да они, ишь, мало были -то, конечно -то, так, у нас четыре коровы вот у людей взяли, увели.",PAM1920,были,А1928_2 ф.eaf,682.82,707.079,19,22
2195913,dialect_yelets,"У нас коровка была плохонькая, правда, они, наверное, погребовали ей, маленькая, не взяли.",PAM1920,была,А1928_2 ф.eaf,682.82,707.079,15,18
2196360,dialect_yelets,"А вот этот вот зверобой, у нас были врачи на дн=, недели две они жили, значит, они некоторым приказывали - зверобой, ещё есть высокая растет, поддонник называется.",PAM1920,были,А1928_2 ф.eaf,912.232,933.404,32,35
2196448,dialect_yelets,"А у нас тут приезжали вот с Москвы, две недели тут были врачи.",PAM1920,были,А1928_2 ф.eaf,957.23,971.046,52,55
2196465,dialect_yelets,Да тоже и врачи были.,PAM1920,были,А1928_2 ф.eaf,977.691,986.35,17,20
2196470,dialect_yelets,Ну тогда меньше было.,PAM1920,было,А1928_2 ф.eaf,977.691,986.35,17,20
2196485,dialect_yelets,"Да конечно, и какие -то деды были, лечили, и бабкам ходили.",PAM1920,были,А1928_2 ф.eaf,990.35,1018.172,30,33
2196595,dialect_yelets,Была на Хитровой церква.,PAM1920,Была,А1928_2 ф.eaf,1077.957,1109.523,1,4
2196698,dialect_yelets,"Дачи, порожние дома были, вот они покупают дачи из-за огородов.",PAM1920,были,А1928_2 ф.eaf,1120.332,1146.78,21,24
2197126,dialect_yelets,"Вот прошлый год и нынешний год, впереди= вот больше стало сейчас, чем впереди было.",PAM1920,было,А1928_2 ф.eaf,1364.602,1405.825,79,82
2197315,dialect_yelets,"Да так я работала - по наряду, сторожила, тут конюшня была неподалёко, а я сторожила.",PAM1920,была,А1928_2 ф.eaf,1507.99,1520.416,55,58
2197461,dialect_yelets,"Поля ближние, а у нас -то вот когда был этот, колхоз -то, у нас вся поле вот сбоку была.",PAM1920,была,А1928_2 ф.eaf,1604.409,1641.927,84,87
2197549,dialect_yelets,"В войну на лошадях, у нас лошадей было много, колхоз небольшой был, а тридцать лошадей было.",PAM1920,было,А1928_2 ф.eaf,1675.219,1694.974,88,91
2197559,dialect_yelets,"В войну на лошадях, у нас лошадей было много, колхоз небольшой был, а тридцать лошадей было.",PAM1920,было,А1928_2 ф.eaf,1675.219,1694.974,35,38
2197754,dialect_yelets,У него осколки были...,PAM1920,были,А1928_2 ф.eaf,1789.91,1814.32,16,19
2197774,dialect_yelets,"То выходили осколки у него, и в ногах были.",PAM1920,были,А1928_2 ф.eaf,1789.91,1814.32,39,42
2225610,dialect_zvenigorod,"там у нас финансовая сторона как бы нашей жизни так очень сильно пострадала, и видимо для неё это настолько было важно.",oa1975,было,2019-Zvenigorod-oa1975.eaf,2551.91,2557.618,109,112
2231527,dialect_zvenigorod,"Было ей очень обидно, как я сейчас понимаю.",om1973,Было,2019-Zvenigorod-om1973.eaf,1548.054,1551.09,1,4
2232203,dialect_zvenigorod,не было никаких желаний тоже вот.,om1973,было,2019-Zvenigorod-om1973.eaf,1836.089,1838.647,4,7
2235276,dialect_zvenigorod,"А да, я вот в Москве была на дне Московском комсомольце, тогда очень популярная была эта газета 'Московский комсомолец', и они праздники такие хорошие устраивали.",om1973,была,2019-Zvenigorod-om1973.eaf,3129.14,3140.886,22,25
2235285,dialect_zvenigorod,"А да, я вот в Москве была на дне Московском комсомольце, тогда очень популярная была эта газета 'Московский комсомолец', и они праздники такие хорошие устраивали.",om1973,была,2019-Zvenigorod-om1973.eaf,3129.14,3140.886,81,84
2249205,dialect_zvenigorod,"Что я девушка, как, была не очень хрупкая'.",vi1972,была,2019-Zvenigorod-vi1972.eaf,530.75,533.079,21,24
2250622,dialect_zvenigorod,"Так там не надо было дуть, там надо было нажимать'.",vi1972,было,2019-Zvenigorod-vi1972.eaf,963.548,968.909,17,20
2250627,dialect_zvenigorod,"Так там не надо было дуть, там надо было нажимать'.",vi1972,было,2019-Zvenigorod-vi1972.eaf,963.548,968.909,37,40
2267562,russian_l2_bashkir,"У нас никакого криминала, ничего такого не было, у нас все было спокойно",дфа1996,было,181005_DFA.eaf,1051.253,1055.668,60,63
2269917,russian_l2_bashkir,"Там, в БГПУ, не было такого, там было просто 'дизайн'.",дфа1996,было,181005_DFA.eaf,2286.145,2293.215,34,37
2275834,russian_l2_bashkir,Интересно было.,зхф1960,было,181004_ZHF.eaf,1894.312,1895.982,11,14
2310859,russian_l2_bashkir,"Вот когда ещё маленькая была, телевизора у нас нет, ничего нет.",мфс1951,была,181002_MFS.eaf,6294.245,6298.357,25,28
2324255,russian_l2_bashkir,"Как хорошо было бы, - говорит.'",нак1957,было,181007_NAK.eaf,674.185,675.485,12,15
2328776,russian_l2_bashkir,Там тоже так хорошо было.,нак1957,было,181007_NAK.eaf,1348.114,1349.753,21,24
2330615,russian_l2_bashkir,"Чтоб не было войны, чтоб было покой и небо голубое.",нак1957,было,181007_NAK.eaf,1613.624,1619.548,9,12
2336335,russian_l2_bashkir,"Почему он так, к чему он там, у него столько девушек было, - говорит, это, - Девушки за ним ведь бегают.",нак1957,было,181007_NAK.eaf,2675.19,2682.177,54,57
2337375,russian_l2_bashkir,"Тогда и этого было, газа толь= не было, со светом только.",нак1957,было,181003_NAK.eaf,2889.703,2897.984,15,18
2344550,russian_l2_bashkir,"Районные чтения были, теперь район, кто...",рсм1942,были,181006_RSM.eaf,911.516,914.842,17,20
2351500,russian_l2_bashkir,Не было.,рсм1942,было,181003_RSM.eaf,2837.689,2839.872,4,7
2354347,russian_l2_besermyan,"сыновей было уже, но ей надо было",alk1947,было,AL-2017.01.21-MU-sosedi.eaf,7.07,9.43,30,33
2354353,russian_l2_besermyan,"сыновей было уже, но ей надо было",alk1947,было,AL-2017.01.21-MU-sosedi.eaf,7.07,9.43,9,12
2371855,russian_l2_besermyan,"А раньше было,",apk1954,было,AP-2014.08.06-TA-drel.eaf,0.093,1.153,10,13
2379919,russian_l2_besermyan,"брёвна были, там сидим, и дак почтальонка пришла, дала газеты.",apk1954,были,AP-2018.08.03-YZ-fantomas.eaf,51.065,54.855,8,11
2380732,russian_l2_besermyan,Надо было хоть туда съездить уже.,apk1954,было,AP-2017.08.17-MU-kartoshka.eaf,56.05,57.68,6,9
2403607,russian_l2_besermyan,"и сразу, ну, выливала мыло, только мыло было, никакой шампунь не было.",nvk1957,было,NV-2014.08.17-MU-vshi.eaf,50.67,54.65,41,44
2407600,russian_l2_besermyan,"Вот так вот было, ничего не было, не садили, да.",nvk1957,было,NV-2014.08.17-MU-klubnika.eaf,151.78,155,13,16
2407604,russian_l2_besermyan,"Вот так вот было, ничего не было, не садили, да.",nvk1957,было,NV-2014.08.17-MU-klubnika.eaf,151.78,155,29,32
2412307,russian_l2_besermyan,"Дура, - думаю, - ну зачем ещё надо было спрашивать?",rak1947,было,RA-2016.10.26-TA-tyazhelaya_noga.eaf,35.71,40.3,36,39
2433702,russian_l2_besermyan,Надо было.,vms1932,было,VM-2013.02.03-TA_OV-lyzhi.eaf,123.08,124.545,6,9
2434429,russian_l2_besermyan,"Там закрывалось дак, там даже дышать тяжело было, воздуха как вроде, не было что ли это там, дышать тяжело.",vms1932,было,VM-2012-EVo-lednik.eaf,155.47,165.98,73,76
2434436,russian_l2_besermyan,"Там закрывалось дак, там даже дышать тяжело было, воздуха как вроде, не было что ли это там, дышать тяжело.",vms1932,было,VM-2012-EVo-lednik.eaf,155.47,165.98,45,48
2437761,russian_l2_besermyan,"У неё же все пя= шесть не было, а пять только было.",vms1932,было,VM-2010.07.17-MU-imena_etc.eaf,639.163,643.803,47,50
2437766,russian_l2_besermyan,"У неё же все пя= шесть не было, а пять только было.",vms1932,было,VM-2010.07.17-MU-imena_etc.eaf,639.163,643.803,27,30
2443665,russian_l2_chuvash,"Это, взамен вот как была давность за шитье давали ей платья старые, старые платья от своих дочерей, наверное, пальто, пальто, шапки",aij1955,была,aij1955_20170808_AlevIvan_MF_Polish_grandma_rus.eaf,259.796,276.401,21,24
2447018,russian_l2_chuvash,вчера была же у вас,epx1961,была,epx1961_20170806_ElizPetr_KI_RusText_01.eaf,85.068,86.031,7,10
2447433,russian_l2_chuvash,"и церковь была, и школа была",epx1961,была,epx1961_20170806_ElizPetr_KI_RusText_01.eaf,178.88,180.587,25,28
2451249,russian_l2_chuvash,было,gnb1956,было,gnb1956_170811_GalNik_MF_TEXT_pro_xmel'_i_pro_semju.eaf,145.595,145.99,1,4
2451266,russian_l2_chuvash,овцеферма была там,gnb1956,была,gnb1956_170811_GalNik_MF_TEXT_pro_xmel'_i_pro_semju.eaf,148.58,149.99,11,14
2451302,russian_l2_chuvash,птицеферма там была,gnb1956,была,gnb1956_170811_GalNik_MF_TEXT_pro_xmel'_i_pro_semju.eaf,152.795,154.205,16,19
2451325,russian_l2_chuvash,лошади были,gnb1956,были,gnb1956_170811_GalNik_MF_TEXT_pro_xmel'_i_pro_semju.eaf,160.215,161.305,8,11
2451594,russian_l2_chuvash,я в Саратове была,gnb1956,была,gnb1956_170811_GalNik_MF_TEXT_pro_xmel'_i_pro_semju.eaf,234.17,235.52,14,17
2451734,russian_l2_chuvash,у родни свадьба была,gnb1956,была,gnb1956_170811_GalNik_MF_TEXT_pro_xmel'_i_pro_semju.eaf,303.92,305.82,17,20
2451800,russian_l2_chuvash,как раз свадьба была,gnb1956,была,gnb1956_170811_GalNik_MF_TEXT_pro_xmel'_i_pro_semju.eaf,327.85,329.33,17,20
2456995,russian_l2_chuvash,было бы так,ops1957,было,ops1957_20170809_OlgPetr_KI_RusText_o_zhizni.eaf,597.037,597.954,1,4
2457586,russian_l2_chuvash,ну было пленку,ops1957,было,ops1957_20170809_OlgPetr_KI_RusText_o_zhizni.eaf,935.054,936.277,4,7
2459493,russian_l2_chuvash,в каком году было?,others,было,jmv1947_20170806_JurMef+zhena_KI_VB_RusText_01.eaf,47.585,48.885,14,17
2459553,russian_l2_chuvash,народу очень много было,others,было,bpn1956_20170808_BorPor_KI_RusText_01.eaf,71.57,73.18,20,23
2459901,russian_l2_chuvash,УЗИ же не было тогда,others,было,zns1934_20170809_ZojNik_KI_RusText_o_zhizni_A.eaf,345.07,346.38,11,14
2460786,russian_l2_chuvash,"были нормальные, когда",rnm1957,были,rnm1957_20170807_RosNik_VB_RusText.eaf,97.049,99.42,1,4
2472802,russian_l2_chuvash,"а мама, мать моя, этот, тоже здесь вот во время войны, они молодые очень были, очень сильно, очень работали",zaj1957,были,zaj1957_20170806_ZinaidaAlekseevnaJakovleva_KI_RusText_01.eaf,685.59,691.84,74,77
2476588,russian_l2_chuvash,"на десять дней путевка была, ездили",zns1934,была,zns1934_20170810_ZojNik_KI_Puteshestvija_sluchaj_v_gorah_rus.eaf,44.985,47.295,24,27
2733380,russian_l2_karel,"Эх, это в Карелии такие были.",AI1938,были,20210706a_Nurmolitsi_AI1938.eaf,801.56,804.12,25,28
2745995,russian_l2_karel,Такое тоже было.,AM1955,было,20210626a_Petrozavodsk_AM1955.eaf,1068.347,1069.167,12,15
2747412,russian_l2_karel,"Получалось, что в будние дни я была здесь, в выходные дни - в Пряже.",AM1955,была,20210626a_Petrozavodsk_AM1955.eaf,1687.725,1691.968,32,35
2748100,russian_l2_karel,"Ну просто когда связь был=, по учебе была.",AM1955,была,20210626a_Petrozavodsk_AM1955.eaf,1934.53,1936.95,38,41
2749173,russian_l2_karel,"И плюс ко всему, ведь как, не было ж",AM1955,было,20210626a_Petrozavodsk_AM1955.eaf,2400.08,2401.788,31,34
2750189,russian_l2_karel,"Вот я должна была провести как раз, вот когда",AM1955,была,20210626a_Petrozavodsk_AM1955.eaf,2775.1,2777.498,14,17
2750223,russian_l2_karel,а другая выставка должна была быть,AM1955,была,20210626a_Petrozavodsk_AM1955.eaf,2783.43,2784.845,26,29
2797518,russian_l2_karel,"А тут надо варить, да отче= отчетность вести, продукты получать, это все, здесь маленькая грамота нужна была.",GFV1934,была,20210702a_Simon_Navolok_GVK1965.eaf,1286.439,1293.64,105,108
2798327,russian_l2_karel,А ведь этого не было даже в помине.,GFV1934,было,20210702a_Simon_Navolok_GVK1965.eaf,1622.574,1625.585,17,20
2819555,russian_l2_karel,"Вдруг вот такая жаркая погода вот летом была, и он загорелся и сгорел дотла, мы остались без моста.",GVK1965,была,20210702a_Simon_Navolok_GVK1965.eaf,505.3,512,41,44
2820722,russian_l2_karel,"Тоже была пандемия, тоже были ограничения.",GVK1965,была,20210702a_Simon_Navolok_GVK1965.eaf,922.151,930.48,6,9
2820746,russian_l2_karel,"Службу провели, а потом здесь было такое приятное общение у костра, вот здесь мы костровище сделали.",GVK1965,было,20210702a_Simon_Navolok_GVK1965.eaf,935.397,942.15,31,34
2857918,russian_l2_karel,"А мне было тогда уже, наверное восемь-девять лет.",LFV1931,было,20210702a_Simon_Navolok_GVK1965.eaf,2233.657,2237.197,7,10
2858436,russian_l2_karel,"было, я не помню что за...",LFV1931,было,20210702a_Simon_Navolok_GVK1965.eaf,2573.4,2581.099,1,4
2957882,russian_l2_karel,"Раньше бы было, конечно.",NFN1955,было,20210627a_Pryazha_GFV1946.eaf,3358.424,3360.627,11,14
2989236,russian_l2_karel,"там было, у нас же ещё тогда не было.",O1955,было,20210627a_Veshkelitsa_O1955-1.eaf,1154.446,1156.687,33,36
3067026,russian_l2_karel,"Надо было, конечно, раньше это всё уже.",RA1960,было,20210702a_Verhovje_RA1960.eaf,660.069,662.22,6,9
3076024,russian_l2_karel,"В России тоже было бы красиво, если бы не было бедно, блять",S1960,было,20190629a_Petrozavodsk_S1960.eaf,689.131,697.498,15,18
3086649,russian_l2_karel,"Мы слышали, что вы были в церкви', -",T1961,были,20210705a_Kotkozero_T1961.eaf,521,522.99,20,23
3117370,russian_l2_karel,"исполнилось второго июля, вот мы были в Обже,",TNN1959,были,20210706a_Megrega_TNN1959.eaf,96.065,97.972,34,37
3217022,russian_l2_karel,Вы были даже в Больших горах.,VVL1957,были,20210706a_Ilyinsky_VVL1957.eaf,740.966,743.956,4,7
3220543,russian_l2_karel,"Ну мужей не было, потому что все были в армии.",VVL1957,были,20210706a_Ilyinsky_VVL1957.eaf,1504.258,1510.78,34,37
3222040,russian_l2_karel,Поэтому особо там конечно времени не было.,VVL1957,было,20210706a_Ilyinsky_VVL1957.eaf,1912.842,1920.998,38,41
3224411,russian_l2_karel,"Вот и вот Владимир Аксентьев, Лазарев Иван и вот Ирина Палатина в то время была.",VVL1957,была,20210706a_Ilyinsky_VVL1957.eaf,2374.083,2379.65,76,79
3228824,russian_l2_karel,"Он когда -то экскурсоводом работал, когда бюро экскурсий было.",VVL1957,было,20210706a_Ilyinsky_VVL1957.eaf,3224.1,3231.113,58,61
3232088,russian_l2_karel,"Мое поколение вот чуть-чуть, наверное, надо было или с нашего поколения начать.",VVL1957,было,20210706a_Ilyinsky_VVL1957.eaf,4247.06,4253.33,45,48
3239836,russian_l2_karel,"Надо было хоть какую -то, денежку заработать.",VZ1943,было,20210628a_Vedlozero_VZ1943.eaf,1695.004,1697.673,6,9
3273567,russian_l2_karel,Она была вообще прос= профессионалом.,others,была,20210702a_Olonets_VI1960.eaf,1778.04,1779.86,5,8
3281863,russian_l2_khanty,"Конечно, и с коми связи были, и с Манси были, с ненцами.",GLT1968,были,GLT1968_18_min_c.eaf,730.592,734.105,25,28
3281868,russian_l2_khanty,"Конечно, и с коми связи были, и с Манси были, с ненцами.",GLT1968,были,GLT1968_18_min_c.eaf,730.592,734.105,41,44
3282275,russian_l2_khanty,"Не было ни разу, все мечтается, хоть якобы там сабли вот так стоят, и скальпы там.",GLT1968,было,GLT1968_18_min_c.eaf,870.486,876.367,4,7
3289573,russian_l2_khanty,"Для моего представления было, что весь мир, все - это ханты.",GLT1968,было,GLT1968_20_min_b.eaf,994.084,998.196,25,28
3294440,russian_l2_khanty,"А самая, не знаю, северная точка, где были, куда ездили?",MPT2001,были,MPT2001_full.eaf,2097.204,2102.844,39,42
3294823,russian_l2_khanty,"Там тоже что -то всё было про этих, про национальных поэтов что ли.",MPT2001,было,MPT2001_full.eaf,2283.72,2291.565,22,25
3304323,russian_l2_khanty,Какие планы были?,PNM1969,были,PNM1969_b.eaf,659,669,13,16
3305027,russian_l2_khanty,"Поэтому, мне кажется, родители некоторые не пробыли, которые не хотят, чтобы они входили в лагерь.",PNM1969,пробыли,PNM1969_b.eaf,999,1005,45,51
3315245,russian_l2_khanty,Вы не были ни разу на такой празднике?,RNV1979,были,RNV1979_c.eaf,443.07,444.514,7,10
3347453,russian_l2_mansi,"Ну, было, наверное, сколько.",KGR1974,было,KGR1974_b.eaf,1130.072,1133.233,5,8
3348977,russian_l2_mansi,"Если бы я была ребенком, я бы в Вас влюбилась'.",MME1968,была,MME1968.eaf,366.984,386.088,11,14
3369761,russian_l2_mansi,"А когда с классом, там, получается, с пятого класса были постоянные уроки истории Санкт-Петербурга, и нам нравился этот предмет, потому что его ставили последним и с ним удавалось куда-нибудь сходить на экскурсию.",MVI1987,были,MVI1987.eaf,312.246,329.917,53,56
3401506,russian_l2_mari,"Ну ны= нынче не такой жизнь, раньше, раньше такая была.",EAC1931,была,20180110_eac1931_zvk1957_rus_p2.eaf,1021.829,1025.77,51,54
3404296,russian_l2_mari,"Ой, - говорит, - если тебя не было, кто за мной ухаживал?'",EAC1931,было,20180110_eac1931_zvk1957_rus_p2.eaf,2206.616,2210.037,31,34
3405276,russian_l2_mari,"Раньше ведь не было, маленький детский ковёр, у вас тоже было.",EAC1931,было,20180110_eac1931_zvk1957_rus_p2.eaf,2610.947,2615.104,58,61
3405285,russian_l2_mari,"Раньше ведь не было, маленький детский ковёр, у вас тоже было.",EAC1931,было,20180110_eac1931_zvk1957_rus_p2.eaf,2610.947,2615.104,16,19
3407766,russian_l2_mari,"было соб= собирались, что -то, друзья -то были.",EAC1931,было,20180110_eac1931_zvk1957_rus_p2.eaf,3651.064,3654.758,1,4
3407984,russian_l2_mari,"Ой, у меня ка=, много работы, история большая была.",EAC1931,была,20180110_eac1931_zvk1957_rus_p2.eaf,3733.729,3737.888,47,50
3410188,russian_l2_mari,"Дочь, была не была, вот...",EACh1931,была,20180111_eac1931_rus_p1.eaf,170.608,175.989,7,10
3412736,russian_l2_mari,Она была.,EACh1931,была,20180110_eac1931_zvk1957_rus_p1.eaf,388.547,389.976,5,8
3413686,russian_l2_mari,"Вот пошли, он вообще была связь.",EACh1931,была,20180111_eac1931_rus_p3.eaf,479.556,482.898,22,25
3414590,russian_l2_mari,Ребенку было.,EACh1931,было,20180111_eac1931_rus_p3.eaf,605.422,606.771,9,12
3419610,russian_l2_mari,Тогда ведь раньше дорога -то плохая была!,EACh1931,была,20180111_eac1931_rus_p2.eaf,1633.05,1635.743,37,40
3419757,russian_l2_mari,"Тогда что -то водка плохо была, только... как -то.",EACh1931,была,20180111_eac1931_rus_p2.eaf,1684.103,1688.78,27,30
3434088,russian_l2_mari,Два раза было.,MNE1956,было,20180111_lbn1954_mne1956_rus_marla_p2.eaf,2860.047,2861.452,10,13
3437740,russian_l2_mari,"всегда было такое полож=, ну, везде-везде.",YeNP1953,было,20180111_tfp1955_enp1953_rus_bio.eaf,1172.075,1174.906,8,11
3438587,russian_l2_mari,Тогда была Шишкина.,ZIE1935,была,20180109_zie1935_zvk1957_rus.eaf,20.554,21.579,7,10
3442958,russian_l2_mari,"Была кладовка, склад.",ZIE1935,Была,20180109_zie1935_zvk1957_rus.eaf,1660.081,1662.426,1,4
3443248,russian_l2_mari,"Кто они были, у ней муж был милиционер?",ZIE1935,были,20180109_zie1935_zvk1957_rus.eaf,1903.087,1906.027,9,12
3444655,russian_l2_mari,"Баня была, сараи были.",ZIE1935,была,20180109_zie1935_zvk1957_rus.eaf,3638.084,3640.514,6,9
3446314,russian_l2_mari,"Она была русская, городская, но проработала один год и уехала.",ZVK1957,была,20180110_zvk1957_rus.eaf,823.063,827.1,5,8
3450051,russian_l2_mari,Это было.,ZVK1957,было,20180110_zvk1957_rus.eaf,2307.097,2311.26,5,8
3450793,russian_l2_mari,Ну как было.,ZVK1957,было,20180110_zvk1957_rus.eaf,2550.099,2550.943,8,11
3457202,russian_l2_mari,Это было нам в тягость.,tx@AVE1971,было,20180112_ave1971_rus.eaf,836.073,840.217,5,8
3457947,russian_l2_mari,Ему было очень сложно вот после сельской школы вот,tx@AVE1971,было,20180112_ave1971_rus.eaf,1181.042,1183.849,5,8
3460371,russian_l2_mari,"Это что -то еще, но чтобы это было как -то напоказ - нет, не было",tx@AVE1971,было,20180112_ave1971_rus.eaf,2412.356,2418.724,62,65
3468503,russian_l2_romani,"У моей ма= бабушки было, э-э-э, четыре сына и одна дочь.",bbm1961,было,20170414-bbm1961.eaf,776.3,786.15,20,23
3476501,russian_l2_romani,"У которого там, раньше были такие большие там пароходы были, корабли.",gb1958,были,20170407-gb1958.eaf,373.322,380.977,24,27
3477762,russian_l2_romani,"Это, он пр= прикурил, дайте, говорит, прикурить, а там было это, егеря.",gb1958,было,20170407-gb1958.eaf,1033.373,1039.229,56,59
3483582,russian_l2_romani,"Когда были на Украине, там ходили колядовать.",gb1958,были,20170407-gb1958.eaf,4600.259,4604.627,7,10
3484094,russian_l2_romani,"Так, были праздники.",gb1958,были,20170407-gb1958.eaf,4908.889,4911.225,6,9
3484725,russian_l2_romani,"У кого были документы, у кого не было документов.",gb1958,были,20170407-gb1958.eaf,5230.433,5234.479,8,11
3484731,russian_l2_romani,"У кого были документы, у кого не было документов.",gb1958,было,20170407-gb1958.eaf,5230.433,5234.479,34,37
3484901,russian_l2_romani,Тринадцать было.,gb1958,было,20170407-gb1958.eaf,5355.825,5357.422,12,15
3490851,russian_l2_romani,"А у нас до сих пор, как было, так и...",others,было,20170407-gb1958.eaf,4795.681,4798.484,25,28
3494189,russian_l2_romani,Оно и лучше было.,sdb1963,было,20160114-sdb1963-1.eaf,340.402,342.424,13,16
3494953,russian_l2_romani,"Нет, её хранили старые женщины, ну раньше же люди много жили, там и по сто лет, и по девяносто, и они мудрые были, и...",sdb1963,были,20160114-sdb1963-3.eaf,467.404,475.173,110,113
3495162,russian_l2_romani,"Может и плетеря вот эта, ну, головной вот, на косынке там что -то, вот тут они свисали, да, потом у них не шее были и в косах были.",sdb1963,были,20160114-sdb1963-2.eaf,504.711,511.942,127,130
3497195,russian_l2_romani,"Она и так и так была, у них же были эти кибитки, а во время войны они же бежали от фашистов -то, прятались в лесах, там, их же на войну не брали, мужчин, потому что мало было.",sdb1963,была,20160114-sdb1963-3.eaf,969.962,978.851,17,20
3497200,russian_l2_romani,"Она и так и так была, у них же были эти кибитки, а во время войны они же бежали от фашистов -то, прятались в лесах, там, их же на войну не брали, мужчин, потому что мало было.",sdb1963,были,20160114-sdb1963-3.eaf,969.962,978.851,32,35
3497234,russian_l2_romani,"Она и так и так была, у них же были эти кибитки, а во время войны они же бежали от фашистов -то, прятались в лесах, там, их же на войну не брали, мужчин, потому что мало было.",sdb1963,было,20160114-sdb1963-3.eaf,969.962,978.851,171,174
3497316,russian_l2_romani,"Отдельно, да, но всё равно, а сколько юбок у них тогда было?",sdb1963,было,20160114-sdb1963-3.eaf,1005.347,1009.101,56,59
3497319,russian_l2_romani,"Там было две юбки, и они их на себе носили.",sdb1963,было,20160114-sdb1963-3.eaf,1010.58,1013.216,5,8
3497340,russian_l2_romani,"Это сейчас у нас гардероб, а тогда ж не было ничего.",sdb1963,было,20160114-sdb1963-3.eaf,1013.216,1016.381,41,44
3497752,russian_l2_romani,Ну раньше же надо было выживать.,sdb1963,было,20160114-sdb1963-3.eaf,1223.483,1228.999,19,22
3497773,russian_l2_romani,"И они такие очень вредные такие были, злопамятные.",sdb1963,были,20160114-sdb1963-3.eaf,1229.514,1233.909,33,36
3497829,russian_l2_romani,"Значит, глупые мы были, вот».",sdb1963,были,20160114-sdb1963-3.eaf,1245.647,1250.647,19,22
3497939,russian_l2_romani,Ну потом ещё что вот вредные были.,sdb1963,были,20160114-sdb1963-3.eaf,1274.344,1278.442,30,33
3498128,russian_l2_romani,"Знаю, что они все братья там были, сёстры.",sdb1963,были,20160114-sdb1963-3.eaf,1380.304,1385.26,30,33
3501100,russian_l2_romani,Там было у них не «цыгане» написано.,xm1964,было,20160114-xm1964.eaf,982.152,984.32,5,8
3501731,russian_l2_romani,"Перины раньше были большими, сейчас как...",xm1964,были,20160114-xm1964.eaf,1258.944,1261.322,15,18
3502503,russian_l2_romani,Были мешки.,xm1964,Были,20160114-xm1964.eaf,1609.066,1611.019,1,4
10001710,dialect_kolodezhnoe,"И била меня, Райка, та смернише была, а та в Черкасское замуж вышла, ак ее мужик доконал, порол, трохи чекнутый был, так порол ее, и так она там и умера в тому , в Лосеве.",AFT,был,АФТ_1931.eaf,630.082,643.501,33,35
10002215,dialect_kolodezhnoe,"Да что, собака вроде так як сбесилась, у нас сучка о тут привязана, и там кобель был, и тут кобель - трое аж.",AFT,был,АФТ_1931.eaf,806.057,814.028,82,84
10002249,dialect_kolodezhnoe,"Чего она до Мишки до малого кинулась, пошел вин бычка выпускать, о тут был в кошаре, и она его тут за ногу ухватила.",AFT,был,АФТ_1931.eaf,814.028,824.384,72,74
10002348,dialect_kolodezhnoe,"вин , вин в кошаре был, так, может, и бычка вкусили, черти ее зна... она тут як ...",AFT,был,АФТ_1931.eaf,854.004,860.241,20,22
10003345,dialect_kolodezhnoe,"Короткова та невеста, до их же, она ж крестная, чи я не знаю, вин же ж крестный был тот, Павло .",AFT,был,АФТ_1931.eaf,1210.249,1219.376,81,83
10004346,dialect_kolodezhnoe,"Пообедали, я чую , собачата, а она Наташка тетка зашла, бычка у вас немае , у Витьки бычка? кажу , немае , был здоровый , зарезали они недавно его.",AFT,был,АФТ_1931.eaf,1575.949,1586.098,108,110
10004411,dialect_kolodezhnoe,"це ж у батька был тогда, сдали ж, его немае .",AFT,был,АФТ_1931.eaf,1597.954,1602.382,15,17
10004455,dialect_kolodezhnoe,"Ну, оце ж, кто знает, кажу , Наташа, где, может, где и найдете, ^пытайте, кажу , пойди до Витьки, кажу , до Шевца, у его был, может, сдал, вин , но были у его .",AFT,был,АФТ_1931.eaf,1603.047,1613.934,122,124
10004481,dialect_kolodezhnoe,"Да, да, не знаю, оно и у сватов у наших был бычок, у Мерзлых, тамечка , оце у Бугров, был тоже.",AFT,был,АФТ_1931.eaf,1615.506,1627.463,87,89
10004493,dialect_kolodezhnoe,"Да, да, не знаю, оно и у сватов у наших был бычок, у Мерзлых, тамечка , оце у Бугров, был тоже.",AFT,был,АФТ_1931.eaf,1615.506,1627.463,41,43
10005116,dialect_kolodezhnoe,"Петух такой рябой, молоденький был, и ухватило что-чтось , немае .",AFT,был,АФТ_1931.eaf,1906.131,1910.449,32,34
10005187,dialect_kolodezhnoe,"Без кобылы ж, его ж огород #заволочить , дрова все время дед возил, як здоровый был.",AFT,был,АФТ_1931.eaf,1929.773,1939.479,81,83
10007405,dialect_kolodezhnoe,А это где был свинарник?,SVD,был,ВПШ_1939.eaf,2583.439,2585.325,11,13
10007449,dialect_kolodezhnoe,И на обеих был?,SVD,был,ВПШ_1939.eaf,2807.373,2811.765,12,14
10007874,dialect_kolodezhnoe,"Только пришли, и в той же год был град, да?",SVD,был,ВПШ_1939.eaf,3931.382,3935.847,31,33
10007986,dialect_kolodezhnoe,"А как церква была, це ж, наверно, и поп был?",SVD,был,ВПШ_1939.eaf,4235.512,4238.601,41,43
10014241,dialect_kolodezhnoe,"тутечка зерно было, веялки стояли вверху, отряд был, трактора стояли якие там той на площади на оцией , як от идешь по дороге на Дон о сюда, ну за магазином о там.",VPSh,был,ВПШ_1939.eaf,644.195,661.208,15,17
10014273,dialect_kolodezhnoe,"И там и памятник был тогда, в то время, памятник был оце ж воинов погибших.",VPSh,был,ВПШ_1939.eaf,662.622,669.523,50,52
10014281,dialect_kolodezhnoe,"И там и памятник был тогда, в то время, памятник был оце ж воинов погибших.",VPSh,был,ВПШ_1939.eaf,662.622,669.523,18,20
10014562,dialect_kolodezhnoe,"А тут крючок был в хате, я закрылась, что до меня не войдет, а туда, чую, что кто-ктось пролез.",VPSh,был,ВПШ_1939.eaf,793.593,803.237,14,16
10015279,dialect_kolodezhnoe,"Резиновые #чоботы , да у меня платок черный шерстяной был.",VPSh,был,ВПШ_1939.eaf,1104.738,1114.593,55,57
10015779,dialect_kolodezhnoe,"А тогда, там же дочка хворала Галя, там она хворая была головою, больная была, у нее сын был, и решили отделяться.",VPSh,был,ВПШ_1939.eaf,1330.766,1342.808,90,92
10015933,dialect_kolodezhnoe,"вин был трактористом, я оце же в поле, дети малые, детей схвачу.",VPSh,был,ВПШ_1939.eaf,1410.693,1418.365,5,7
10016795,dialect_kolodezhnoe,"Тогда садик який вин был, отоплялся -то такое отопление было.",VPSh,был,ВПШ_1939.eaf,1779.586,1785.672,57,59
10017247,dialect_kolodezhnoe,"#глечик обвяжу тряпочкою чистою и в навоз поставлю, навоз во дворе был.",VPSh,был,ВПШ_1939.eaf,1974.844,1982.903,68,70
10017452,dialect_kolodezhnoe,"И живот вот такой сробился , опухла, а я еще о такая там маленькая была.",VPSh,была,ВПШ_1939.eaf,2072.044,2080.317,68,71
10018504,dialect_kolodezhnoe,"В руках #цеберками , там стояла #хатина на #яру , #хатина стояла, там #запарник был, #запарник и такая яма была у нас, запаривали вот это все ж, ну, тут уже запаривали не мы.",VPSh,был,ВПШ_1939.eaf,2549.412,2566.898,81,83
10018789,dialect_kolodezhnoe,"Я вышла замуж, дак уже ж что, тогда мужик был, ну вин , правда, коли до меня прибежит же, чтоб мне охотнее было, а то мы с нею.",VPSh,был,ВПШ_1939.eaf,2700.524,2713.983,108,110
10018954,dialect_kolodezhnoe,"А дед сторож был, оце же я в свинарнику, и не иду, и не иду ж, дежурю, вин придет, царство небесное, цей дед Максим Иванович.",VPSh,был,ВПШ_1939.eaf,2787.141,2802.538,14,16
10018986,dialect_kolodezhnoe,"А такой был, вин две войны пережил, страшный, да, две войны перенес, на обеих был.",VPSh,был,ВПШ_1939.eaf,2802.538,2813.463,9,11
10019003,dialect_kolodezhnoe,"А такой был, вин две войны пережил, страшный, да, две войны перенес, на обеих был.",VPSh,был,ВПШ_1939.eaf,2802.538,2813.463,79,81
10020475,dialect_kolodezhnoe,"Дак она оце отнесет молоко, яке подоит, сепараторный был о туточка , где оце радиоузел стоял раньше, дак вниз о сюда, на углу ото хата стоит сейчас.",VPSh,был,ВПШ_1939.eaf,3459.663,3472.174,54,56
10020534,dialect_kolodezhnoe,"Дак внизу сепараторный был, оце она отнесет то молоко, перегонят, перегон додому забирает, сметану робим , это мы едим.",VPSh,был,ВПШ_1939.eaf,3485.653,3497.537,24,26
10020905,dialect_kolodezhnoe,"Я дак до дядька ходила, як уже ж подросла, дак до дядька Миколы ходила до Борисенко, то дядько мой родной был.",VPSh,был,ВПШ_1939.eaf,3636.32,3645.842,107,109
10021565,dialect_kolodezhnoe,"Ну, кто знает, чего оно, а был порох там.",VPSh,был,ВПШ_1939.eaf,3918.408,3924.386,28,30
10021616,dialect_kolodezhnoe,"Град выбил, черно сробил все, у нас, знаю, за озером огород был тогда як раз.",VPSh,был,ВПШ_1939.eaf,3940.564,3947.894,61,63
10021781,dialect_kolodezhnoe,"Кто знает, на что они. як сейчас знаю , мы на звонницу лазили ж там, звон был там на том...",VPSh,был,ВПШ_1939.eaf,4014.432,4022.772,75,77
10022253,dialect_kolodezhnoe,"Был же, конечно, и поп, и спивали там люди ходили в церкву, певчие.",VPSh,Был,ВПШ_1939.eaf,4238.601,4243.825,1,3
10023353,dialect_kolodezhnoe,"Когда-колись , Саша малой еще был, оцей баз крыли.",VPSh,был,ВПШ_1939.eaf,4724.893,4732.718,31,33
10024752,dialect_kolodezhnoe,"Дак той , як , оце день строителя мы отмечали, день колхозника отмечали, вин же строитель был.",VPSh,был,ВПШ_1939.eaf,5356.892,5366.411,91,93
10050529,dialect_popovka,"Получает= вот у него не хватает, не хватает мяса там, из этого, ну тогда одёжи не было, а я тебе скажу: тогда бабы пряли, мать, и красят, шьют брюки, тогда одёжи не было, тогда было одёжа крепко; сапоги были тогда вот, мне отец купил, хромовые, они стоили рубль, ну за рубль надо много ишачить.",KIS1912,было,A-1940.eaf,390.536,443.223,178,181
10051620,dialect_popovka,"Смоленск, грузин был в этой, в этой, в ту -то, я позабыл, сюда нас перебросили в этую, оттуда перебросили в Смоленск, из Смоленска в Кудринское, из Кудринска на Украину в Полтаву, бросали, вот мы тут вза след, за фронтом шли.",KIS1912,был,A-1940.eaf,1020.973,1055.72,18,20
10051757,dialect_popovka,"У нас до войны был совхоз, э, колхозы были, а с войны стали совхозы.",KIS1912,был,A-1940.eaf,1133.474,1143.452,39,41
10051829,dialect_popovka,"А тогда был, в старину, он не позволит, что сыну, я вот жил, вот праздником отец собирается там, выпить, что парень уже большой, жених, он:",KIS1912,был,A-1940.eaf,1165.293,1204.383,9,11
10052324,dialect_popovka,"Тогда под наличным это я помню уж, был в ребятах, спичек не было, торф - знаете, торф что такое?",KIS1912,был,A-1940.eaf,1445.177,1471.448,36,38
10052460,dialect_popovka,А тут самый ветер был.,KIS1912,был,A-1940.eaf,1508.146,1543.341,19,21
10052599,dialect_popovka,"У нас по Поповке было вот по этой, по нашей деревне, он в Новоюрьеве работал, как зажи= как идёшь, это зажиточный был - кирпичный дом.",KIS1912,был,A-1940.eaf,1574.26,1599.863,115,117
10052651,dialect_popovka,"Делать кольи, ты опять не знаешь, в деревне -то не был, ты не знаешь.",KIS1912,был,A-1940.eaf,1617.506,1651.963,52,54
10053451,dialect_popovka,"А вот я вырос, я ж= костюм был, отец, мать покупала.",KIS1912,был,A-1940.eaf,2097.869,2115.444,28,30
10054659,dialect_popovka,"Да там коль поросятам, да коль телёночек был, да коровка была, ведь надо как -то чего -то прокормить -то чем -то.",KIS1912,был,A-1940.eaf,2778.458,2806.188,42,44
10055078,dialect_popovka,"Она бы вот, если бы огород был, жарко, не жарко, надо полоть, будете полоть, надоть картовь обсыпать, надо помидор шинковать, надо огурцы прошинковать, надо что -то порядок навесть, ведь ты, каждый, всё трудятся ведь у нас.",KIS1912,был,A-1940.eaf,2997.36,3018.807,28,30
10056769,dialect_popovka,"Вот у ней корь была на ней, вот три позвоночника сопрели, и она горбатенькая.",MAX1913,была,A-1943.eaf,93.56,116.913,16,19
10056897,dialect_popovka,"Самый большой был, Любка, она большая -то, а эти все - двенадцать лет.",MAX1913,был,A-1943.eaf,130.995,142.567,15,17
10057102,dialect_popovka,"Один лётчик был по жизни, сейчас он на пенсии, А эти вот все учителя.",MAX1913,был,A-1943.eaf,213.904,229.784,13,15
10057550,dialect_popovka,Алкоголик был тёмный.,MAX1913,был,A-1943.eaf,405.115,420.995,11,13
10057644,dialect_popovka,Такой вот был дурак.,MAX1913,был,A-1943.eaf,423.947,444.694,11,13
10058089,dialect_popovka,"Ведь всё он -то живой был, при нём всё, он помер при них, они -то вот все были.",MAX1913,был,A-1943.eaf,578.077,592.658,75,77
10058260,dialect_popovka,Он сорок лет партейный был.,MAX1913,был,A-1943.eaf,606.844,628.086,24,26
10058326,dialect_popovka,"Он завхозом вот тут был, в школе сорок лет.",MAX1913,был,A-1943.eaf,630.575,657.169,21,23
10059921,dialect_popovka,"Разве кто на трудовом фронте был, дают паёк?",Others,был,A-1941.eaf,308.042,310.94,30,32
10059967,dialect_popovka,"Он раненый был, Сергей Иванович -то, нет?",Others,был,A-1941.eaf,320.72,327.126,12,14
10059986,dialect_popovka,"Он помер, он же ведь на войне -то был, участникам -то дают.",Others,был,A-1941.eaf,335.359,337.982,35,37
10061004,dialect_popovka,"Ну и подойдёт срок вдвоём жить, вот она, моя мама, вдвоём -то она, она вот с отцом -то, отец слепой был, здесь жили вдвоём.",Others,был,A-1943.eaf,3331.944,3338.291,101,103
10061366,dialect_popovka,"Мама у мене была в Донбассе, на шахтах, с отцом с неродным, он у мене неродный был, да это всё историю -то рассказывать - это у-у!",PAS1918,был,A-1942.eaf,1915.009,1932.333,13,15
10061745,dialect_popovka,"С мужем разошлася, один ребёнок был, другой, помер, а вот уж третья девочка -то осталась.",PAS1918,был,A-1942.eaf,2025.389,2046.726,33,35
10062001,dialect_popovka,"А так -то в совхозе работали хоро= тут сразу колхоз был, в колхозе работали хорошо, чего же, всё было хорошо.",PAS1918,был,A-1942.eaf,2106.116,2124.064,98,100
10063448,dialect_popovka,"Пойдете в столовую -то прям, тут вот это ясли, а тут мой огород был, это огород, там дом у мене тоже стоит, хороший.",PAS1918,был,A-1942.eaf,2564.599,2595.679,65,67
10063556,dialect_popovka,У мене у первой свет -то был.,PAS1918,был,A-1942.eaf,2595.679,2614.371,26,28
10065696,dialect_popovka,"И пшено, горох это вот был.",PAS1918,был,A-1942.eaf,3316.734,3329.427,24,26
10066122,dialect_popovka,"А может, и был.",PAS1918,был,A-1942.eaf,3457.683,3468.051,12,14
10066152,dialect_popovka,"Ну вот помидор, чего -то я тобе, уж и забыла, не скажу; вряд ли был.",PAS1918,был,A-1942.eaf,3457.683,3468.051,41,43
10068004,dialect_popovka,"Бывалоча, хорошо, жёлтый был.",PAS1927,был,A-1942.eaf,495.928,513.983,26,28
10068042,dialect_popovka,"Ну, у мене -то в кизяковке не земляной был, деревянный.",PAS1927,был,A-1942.eaf,495.928,513.983,40,42
10068069,dialect_popovka,"Ну, это у нас специальный человек был, крыл ходил. мы ему за это деньги платили.",PAS1927,был,A-1942.eaf,516.678,529.013,35,37
10068165,dialect_popovka,"Ну, он у нас недолго был, дом, а так ну, у разных, у кого двенадцать, у кого пятнадцать лет и, ну как, у кого как.",PAS1927,был,A-1942.eaf,557.244,574.134,22,24
10069562,dialect_popovka,"Заработала сто двадцать пять - тогды потолок был, ну а сейчас там, кто не работал, более давают. сам бог не разберется, чего есть.",PAS1927,был,A-1941.eaf,909.659,919.955,46,48
10070045,dialect_popovka,"Сороковой год был, эти уж большие были, все уж большие были, и стыдно было уже рожать ну а куды было деться, некуда.",PAS1927,был,A-1941.eaf,990.329,1000.734,15,17
10070163,dialect_popovka,"А там кизяковский тогда мы слепили, а детям в ней холодно, из кизяков; мать проводила мене, сыновей было много, а ну, ещё сын был, отделила, отделила, а и нечего, пришли на голую пажу туда вот на пар, разметили, разрубили, и сами и огород разрыли, и всё.",PAS1927,был,A-1941.eaf,1005.855,1026.013,127,129
10070388,dialect_popovka,"Там какой праздник, вот такую Красную Гоку, значит, красное всё одевали, и платье красное, и платок чтоб красный был - вот всё-всё под масть одевали.",PAS1927,был,A-1942.eaf,1046.545,1065.992,114,116
10070410,dialect_popovka,"Ну и это, скотину стали водить в МНО сдавать, огород там плохой был.",PAS1927,был,A-1941.eaf,1047.799,1072.978,65,67
10070430,dialect_popovka,"Пожили там двадцать лет на том месте, и себе дом -то этут перестроили, там саманный был у нас пятистеночка была у нас, продали её, а вот здесь старик жил, тут центр у нас считается, мы и себе дом -то этут вот построили, из Москвы привезли.",PAS1927,был,A-1941.eaf,1047.799,1072.978,85,87
10070732,dialect_popovka,А домок был нужен был.,PAS1927,был,A-1941.eaf,1119.356,1129.859,9,11
10070734,dialect_popovka,А домок был нужен был.,PAS1927,был,A-1941.eaf,1119.356,1129.859,19,21
10071802,dialect_popovka,"Уж все нарядные были, страсть какие в них, а потом когда я -то вот уже стала, их уже не носили, уже сразу сатин был, потом аст пошёл, потом штапель пошёл, и всё это, уже только выступали в ниха, мы -то уж в них только выступали, в этих юбках.",PAS1927,был,A-1941.eaf,1319.067,1337.952,17,19
10071851,dialect_popovka,"И здесь в пальцах вот схоронил и везде, ещё он в пальцах был, повалил, он у него тут в пальцах, в ногах пальца.",PAS1927,был,A-1942.eaf,1334.08,1348.13,58,60
10072750,dialect_popovka,"Ну это, брат в Москве был, а это вот брат здесь с семнадцатого году, тоже воевал, везде, моряком был, а тут всё он бригадиром и всем работал, жена умерла пятьдесят семь лет.",PAS1927,был,A-1941.eaf,1508.831,1537.191,98,100
10072767,dialect_popovka,"Ну это, брат в Москве был, а это вот брат здесь с семнадцатого году, тоже воевал, везде, моряком был, а тут всё он бригадиром и всем работал, жена умерла пятьдесят семь лет.",PAS1927,был,A-1941.eaf,1508.831,1537.191,23,25
10072848,dialect_popovka,"Ну я вот так пойду к нему, к директору -то, он наш зоотехник был, уж он мене всегда это потешает, давает всё, туды идтить и ноги болят, оттеда= туды дойдешь, а оттеда никак не придешь, ну и вот так...",PAS1927,был,A-1942.eaf,1520.45,1548.166,62,64
10074127,dialect_popovka,"Ну вот так -то отучилась, раз - и стала весовщиком, а это, и стала работать, тут и от МТС, вот у нас МТС был, деньги стали давать, рады до смерти были, платье штапельное купила, а тут уж шевиотовое пальтишко, купила собе с этим, с воротником, да жакетку - вот и вся наряда, страшная такая была,",PAS1927,был,A-1941.eaf,1949.384,1973.131,106,108
10074196,dialect_popovka,"и то рады были, а не успела на ноги встать, вот тобе - пришёл из армии, я весовщиком работала, он кузнецом там был, познакомились.",PAS1927,был,A-1941.eaf,1973.131,1984.482,112,114
10075057,dialect_popovka,"Две одеялы ватных, ну только у нас пододеяльников не было тогда -то всё равно, и эти, постелка, перина это так было, подушки пуховые было, на эти, постелку сразу настира=лали на перину, домотканное так, а потом уж простыни на них, ну простыные было.",PAS1927,было,A-1941.eaf,2281.641,2307.257,54,57
10075133,dialect_popovka,"Это из один был и чтобы избу обязательно было убрать,...",PAS1927,был,A-1941.eaf,2307.257,2319.499,13,15
10076413,dialect_popovka,"Ну, там и молодняк был, тридцать с чем -то доярок было.",PAS1927,был,A-1941.eaf,2793.88,2818.692,20,22
10077641,dialect_popovka,"Вот тогда, например, наш род вот были мекильщики, но у нас дед был судья, Мекильщикин, вот наша порода была, порода была, весь вот этот вот род Мекищкины, а другие Петрушечкины, а другие там Щербаковы, а там ещё какие -то, ещё какая, там вот разные были вот.",PAS1927,был,A-1941.eaf,3280.131,3303.912,64,66
10077852,dialect_popovka,"Степан ещё был, подожди, как же это их?",PAS1927,был,A-1941.eaf,3359.059,3385.392,12,14
10077950,dialect_popovka,"У ней муж такой хороший был, красавец, его убили на войне.",PAS1927,был,A-1941.eaf,3406.814,3435.596,25,27
10078209,dialect_popovka,"Ну, она стала сдавать, конечно, ну под восемьдесят лет, чего, восемьдесят лет подходит. детей был полом, жена умерла, он остался вот сын какой -то чокнутый.",PAS1927,был,A-1941.eaf,3504.27,3516.408,95,97
10078716,dialect_popovka,"Тут упокойник, конец, живой был, вой мой рассказывал, мамаша, ведь раньшей -то как вот убирались и ходили, и гуляли=",XAX1914,был,A-1941.eaf,59.962,68.417,29,31
10078843,dialect_popovka,"А тогды во всё играли, всё было интересно, и всё был смех, а ныне никакого смеха, ныне посмеяться нельзя.",XAX1914,был,A-1941.eaf,106.813,116.061,50,52
10078904,dialect_popovka,"А я это, приехала, вот, сразу, не стой, маленький себе сделала, козяковочку, вот, отец был живой, вот и козяковочку сделала, прям вот так вота закром стоял с хлебом, он на печке, а я, не стой, была такая - плохонький столик и у судника я лавочку и скамейку,",XAX1914,был,A-1941.eaf,134.579,156.601,88,90
10081305,dialect_popovka,"Уехали оттуда, а сюды приехала, отец, был маленький домочек -то, он его продал, и вот я по квартирам.",XAX1914,был,A-1943.eaf,1579.26,1598.364,39,41
10081673,dialect_popovka,"А у мене отец коров пас, хлеб этот как вроде был.",XAX1914,был,A-1943.eaf,1685.131,1720.685,46,48
10081780,dialect_popovka,"А дедушка был конюх, да говорит:",XAX1914,был,A-1943.eaf,1720.685,1736.499,11,13
10081934,dialect_popovka,"Не стой, это, а зима придет, вот и на эти, на сани там и всё это скирды -то они навьяют туды, а мы так тут разволим придем, воза наложим им, в Мошневую возили, он один совхоз -то был, в Мошневую возили, все распотеемся, да идем все, так -то вот трясемся.",XAX1914,был,A-1943.eaf,1758.209,1778.343,180,182
10082663,dialect_popovka,"Теперь, Акулина -то, Иван Тихонов был председатель, да Иван Фёдоров Казаков, они были.",XAX1914,был,A-1943.eaf,1989.004,2010.02,82,84
10082809,dialect_popovka,"Он говорит, что вот так -то у вас квадрат был, это начальник, и так -то, и так -то.",XAX1914,был,A-1943.eaf,2024.658,2047.857,43,45
10085053,dialect_popovka,#ERROR!,XNXXXXX,были,A-1943.eaf,2561.16,2575.68,,
10085077,dialect_popovka,#ERROR!,XNXXXXX,были,A-1943.eaf,2561.16,2575.68,,
10085931,dialect_popovka,"вот, мама сторожихой работала в конторе, вот, а мы еще маленькие, мы дома, мы дома огород рыли, с ней двое, и наймались у соседа наймались огород рыть, вот за клок, за платок, клок, не платок был, а клок, и мы целый день рыли с сестрою огород.",XNXXXXX,был,A-1943.eaf,3070.325,3094.836,193,195
10087745,dialect_pyatiusovo,Вот такие условия службы были .,EVM1937,были,20240729evm1937.eaf,695.64,698.11,26,29
10087888,dialect_pyatiusovo,"Был на Бакуриани - три тысячи с половиной, тысячи над уровнем моря.",EVM1937,Был,20240729evm1937.eaf,797.525,802.525,1,3
10088443,dialect_pyatiusovo,"Ну, вернулся, вот, вот, на эту территорию, здесь был совхоз.",EVM1937,был,20240729evm1937.eaf,1084.537,1091.725,50,52
10089426,dialect_pyatiusovo,"На три района был построен, думали, что сюда возить будет Торопецкий район, Андриапольский и Западнодвинский.",EVM1937,был,20240729evm1937.eaf,1653.83,1660.41,15,17
10090282,dialect_pyatiusovo,"Когда маленький был, мать пекла после войны.",EVM1937,был,20240729evm1937.eaf,2110.04,2113.43,17,19
10090375,dialect_pyatiusovo,Родственники кто -то был?,EVM1937,был,20240729evm1937.eaf,2155.41,2156.79,22,24
10090948,dialect_pyatiusovo,"Я не был дома, говорю, покушали яблочек?",EVM1937,был,20240729evm1937.eaf,2540.86,2544.8,6,8
10093484,dialect_pyatiusovo,"А у нас был этот, диспансер там, в Нелидове курс лечения проходил.",LNG1954,был,20231026lng1954.eaf,161.253,174.293,9,11
10096676,dialect_pyatiusovo,"Я бы вот случись как бы взрослым был, я бы его тоже не тронул.",LNG1954,был,20231026lng1954.eaf,1147.12,1152.48,34,36
10098365,dialect_pyatiusovo,"Ну я ушёл, а я охотник был.",LNG1954,был,20231026lng1954.eaf,1713.253,1722.213,24,26
10099542,dialect_pyatiusovo,"По кресты снег был, и...",PVV1935,был,20231023pvv1935.eaf,352.595,358.375,16,18
10099624,dialect_pyatiusovo,А это на столбу уличный свет был...,PVV1935,был,20231023pvv1935.eaf,394.395,400.395,30,32
10100511,dialect_pyatiusovo,Старший брат тоже член правления был.,PVV1935,был,20231023pvv1935.eaf,753.919,766.025,34,36
10100787,dialect_pyatiusovo,"Ну да рубильник сделан был от генератора же, движок был с генератором.",PVV1935,был,20231023pvv1935.eaf,860.074,884.875,53,55
10101147,dialect_pyatiusovo,"Это двенадцать метров, говорили по шесть, а шесть с половиной был раньше стандарт лес.",PVV1935,был,20231023pvv1935.eaf,1016.364,1034.25,63,65
10101934,dialect_pyatiusovo,"Винтовочные, автоматные, потом какой -то динамит был.",PVV1935,был,20231023pvv1935.eaf,1332.318,1359.625,50,52
10104830,dialect_pyatiusovo,В почёте был.,VPM1934,был,20231023vpm1934_1.eaf,473.34,486.26,10,12
10105050,dialect_pyatiusovo,"Он же управляющим был, потом у нас директором немного работал он.",VPM1934,был,20231023vpm1934_1.eaf,568.88,591.82,19,21
10107099,dialect_pyatiusovo,"Не, потолок был, но подбивали его, и пристройки эти все кругом - это всё его работа.",VPM1934,был,20231023vpm1934_1.eaf,1432.214,1470.454,13,15
10108729,dialect_pyatiusovo,Кефир был.,VPM1934,был,20231023vpm1934_1.eaf,2219.57,2220.26,7,9
10110827,dialect_pyatiusovo,"Они ко мне ездили внучки, у нас же был дом культуры.",VPM1934,был,20231023vpm1934_1.eaf,3197.02,3204.51,36,38
10111605,dialect_pyatiusovo,"Был, да был фельдшер.",VPM1934,был,20231023vpm1934_1.eaf,3548.47,3550.48,9,11
10113022,dialect_pyatiusovo,"Он был, это...",ZES1942,был,20240728zes1942.eaf,111.43,115.56,4,6
10113174,dialect_pyatiusovo,Ну приём какой был?,ZES1942,был,20240804zes1942.eaf,131.055,134.667,16,18
10118098,dialect_pyatiusovo,"Там был хламу всё, потом кто -то убрал, не знаю кто -то.",ZES1942,был,20240727zes1942.eaf,572.84,576.62,5,7
10118179,dialect_pyatiusovo,"Там у нас сад, там только вычистить колодец, колодец был.",ZES1942,был,20240727zes1942.eaf,579.59,582.69,54,56
10118247,dialect_pyatiusovo,"Он учился во Ржеве на техника-механика, но потом он закон=, он учился от совхоза, тогда было от совхоза, тогда техникум был, и учился там, он закончил четыре года, потом пошёл в армию.",ZES1942,был,20240804zes1942.eaf,580.667,611.095,89,91
10118640,dialect_pyatiusovo,При нашем времени был турник.,ZES1942,был,20240728zes1942.eaf,619.43,625.29,19,21
10118994,dialect_pyatiusovo,"Был Роман четвёртый, я уже забыла.",ZES1942,Был,20240804zes1942.eaf,645.381,657.714,1,3
10119443,dialect_pyatiusovo,"А как, а ну они же у нас в девяностом году, дачники, ну они в девяностом году приезж= приехали к нам, я их знаю, они, их Роман был, а потом был этот самый, как его зовут, Саша, забыла я теперь фамилию, Саша был и д= малый Ром= Роман был, их три, три было семьи, и мальчики все дружили.",ZES1942,был,20240804zes1942.eaf,679.524,711.714,141,143
10121338,dialect_pyatiusovo,"В каждо=, в каждом дворе был личный скот, тогда около ста голов личного скота было, а скот держали свой, молоко тоже сдавали, собирали молоко, человек был назначен, и собирали молоко, и за молоко получали деньги.",ZES1942,был,20240804zes1942.eaf,836.904,857.428,26,28
10123278,dialect_pyatiusovo,"А самый народ был вот в шестидесятые, семидесятые годы.",ZES1942,был,20240727zes1942.eaf,982.95,986.33,15,17
10124185,dialect_pyatiusovo,"Сын был приехавши на кладбище, тут похоронен отец его.",ZES1942,был,20240802zes1942.eaf,1045.36,1055.58,5,7
10124255,dialect_pyatiusovo,"Э, был...",ZES1942,был,20231028zes1942.eaf,1051.342,1059.63,4,6
10126506,dialect_pyatiusovo,С рождения может какой гипноз и был.,ZES1942,был,20240728zes1942.eaf,1192.6,1195.36,33,35
10128207,dialect_pyatiusovo,"Ещё в возрасте хороший был, и умер.",ZES1942,был,20231028zes1942.eaf,1303.784,1315.89,24,26
10132456,dialect_pyatiusovo,"Хотя там у нас дед был, и ходили за дедом за этим , чтобы к=.",ZES1942,был,20240802zes1942.eaf,1596.67,1605.9,20,22
10133756,dialect_pyatiusovo,"А так он рабочий был, на всё мастер, всё.",ZES1942,был,20240727zes1942.eaf,1689.638,1692.222,18,20
10133813,dialect_pyatiusovo,А у них хлеб уже был привезено.,ZES1942,был,20231028zes1942.eaf,1694.346,1705.016,18,20
10134216,dialect_pyatiusovo,А у нас был минский сначала мотоцикл.,ZES1942,был,20240727zes1942.eaf,1717.93,1721.069,9,11
10134931,dialect_pyatiusovo,Ну и хлеб был двух сортов.,ZES1942,был,20231028zes1942.eaf,1764.024,1768.757,11,13
10135103,dialect_pyatiusovo,"А тот да, а тот был потемней, когда...",ZES1942,был,20231028zes1942.eaf,1776.313,1782.433,17,19
10136266,dialect_pyatiusovo,"Вот когда там лес был, в бору их, ходишь туда в Макеево, там белых, белые очень вкусные, а так моховики .",ZES1942,был,20240804zes1942.eaf,1859.16,1867.98,19,21
10137722,dialect_pyatiusovo,"Но оно да, он там был, это уже потом, был.",ZES1942,был,20240727zes1942.eaf,1954.282,1957.869,19,21
10138352,dialect_pyatiusovo,"Но драться никто не дрался, она сказала, не дрались, а вот такой случай был.",ZES1942,был,20240804zes1942.eaf,1988.9,2130.1,73,75
10138582,dialect_pyatiusovo,"Так вот такой сулчай был, но из ма= из материного рассказа, ну она рассказывала, что -то, она сказала значит , правильнро как сказать, сейчас скажу.",ZES1942,был,20240804zes1942.eaf,1988.9,2130.1,22,24
10139439,dialect_pyatiusovo,"А в деревне у нас гармонистов, по- моему, не было, балала= балалаечник был, на балалайке играл мужчина, а на гармони никого не было.",ZES1942,был,20240727zes1942.eaf,2051.695,2060.836,72,74
10140652,dialect_pyatiusovo,"Вот, было два дуба.",ZES1942,было,20240727zes1942.eaf,2157.293,2158.663,6,9
10143706,dialect_pyatiusovo,Он был директором раньше.,ZES1942,был,20240728zes1942.eaf,2344.83,2347.04,4,6
10144389,dialect_pyatiusovo,"Р= работать раньше была борьба какая -то борьба, снег очищали где -то от линии, в общем она пошла на работу, с тех пор она потом в Кунье работала, и пока, тогда колхоз был, пока нас не приняли в совхоз, деньги вот совхоз работал на деньгах тогда, они небольшие деньги, но всё-таки деньги были, вот тогда она перешла и работала на птичнике со мной, пока замуж вышла.",ZES1942,был,20240804zes1942.eaf,2394.8,2494.639,169,171
10145897,dialect_pyatiusovo,"А в основном бы= был лён, лён.",ZES1942,был,20240728zes1942.eaf,2529.62,2532.66,18,20
10146282,dialect_pyatiusovo,"Ну, клуб был вот так, когда -то, даже был магазин, но магазин был, свекровь моя рассказывала, это был, наверное, в сороковых годах, магазин был.",ZES1942,был,20240727zes1942.eaf,2575.039,2585.276,39,41
10148152,dialect_pyatiusovo,"Ну а потом медпункт построили, у нас медпункт был.",ZES1942,был,20240728zes1942.eaf,2763.32,2766.66,47,49
10151621,dialect_pyatiusovo,"У них сарай, са= в сарае был выкопан погреб.",ZES1942,был,20240802zes1942.eaf,3063.13,3067.84,26,28
10152502,dialect_pyatiusovo,"В семиде= до этого телевизора не было, может где был по закрайкам, но, по- моему, в совхозе тоже не было.",ZES1942,был,20240727zes1942.eaf,3137.065,3143.118,50,52
10156591,dialect_pyatiusovo,"Кот у меня, был он всё время я с котом живу, с ним разговариваю и ругаю его, и я и разговариваю с ним, с кем мне разговаривать большене с кем, с котом.",ZES1942,был,20240804zes1942.eaf,3500.08,3571.4,13,15
10158678,dialect_pyatiusovo,"Поляна была, и там вырезан был лес, и там м= вот как раз тогда в первые времена ещё лес, который был вырублен, туда мы и ездили, по- моему.",ZES1942,был,20240728zes1942.eaf,3679.075,3689.825,28,30
10159609,dialect_pyatiusovo,"Старались в это день, но если сена не=, если травы нет в поле, один год не было травы в поле до, сейчас скажу, до девятнадцатого мая травы не было, был холод как -то один год, и вот Пятиусовские гоняли в Троицкое, есть такое туда.",ZES1942,был,20240804zes1942.eaf,3767.24,3812,149,151
10160374,dialect_pyatiusovo,"Ну и всё: кто в школу ходил, а кто говорит, что я даже не родивши был.",ZES1942,был,20240727zes1942.eaf,3835.777,3843.627,67,69
10163246,dialect_pyatiusovo,И дома было у нас прайник был.,ZES1942,был,20240802zes1942.eaf,4095.87,4101.94,8,10
10164318,dialect_pyatiusovo,"Быва= бывало, это яйца, наверное, летом, летом, наверное, по шесть ящиков и даже в день были, ну много было кур и много яи= яиц было, и были большие расклёвы, а= курица курицу может расклевать, потому что не хватает, мяса давали, мяса, если какая -то, там что -то , то резали, там привозили к нам, и мы варили в котлах, в котлах вместе с картошкой с и давали, тогда вроде поменьше клю=, ну если расклёв был, то нас мы заста нас заставляли сразу её резать, ну в кипяток сажали, вычищали, и только голову себе оставляли, ноги потро= потроха, это себе оставляли, а если, а это сдавали.",ZES1942,был,20240804zes1942.eaf,4186.8,4277.56,404,406
10166638,dialect_pyatiusovo,"Да, вот бывало щавель этот вырастет, если я, уже он в мае, ещё он вот такой, а уже мать заставляет идти, мы с сестрой , идите собирайте кислицу, щавель это кислицу в деревне назывались, надо щи варить, потому что варить нечего, картошки не было, неурожай был, год неурожайный был, не было картошки, мы семена достали в Антонове, там пески, два мешка.",ZES1942,был,20240804zes1942.eaf,4414,4586.12,256,258
10166875,dialect_pyatiusovo,"Ну всяко было и сейча= это сейчас мы не знаем, что сейчас надо, и не знаем, что нам поесть , это было в пятидесятые годы, да, тоже, держали какого -то мы поросёнка, ну поросёнок был, ну тогда не было нечем, ну что картошка своя была, может килограмм пятьдесят и был там и сала там может было , и мать пожарила, а раньше чугуночек такой литровый был, она пожарила с луком и в этот чугуночек этот это всё уложила туда, столкла, ну а нам же хочется, мы да, сальца -то хочется, мы так голову кверху, а нам не достать, ну хотя стол небо= ну сами небольшие были.",ZES1942,был,20240804zes1942.eaf,4414,4586.12,179,181
10169014,dialect_pyatiusovo,"Даже вот Виктор Петрович был этим самым, ветврачом.",ZES1942,был,20240802zes1942.eaf,4687.31,4691.69,26,28
10169302,dialect_pyatiusovo,"Ну он сажал, у него много было всего насажено, огород большой был, бывало.",ZES1942,был,20240804zes1942.eaf,4730.8,4767.26,27,29
10173183,dialect_pyatiusovo,"Кот был, а он ушёл, наверно.",ZES1942,был,20240727zes1942.eaf,5141.15,5149.5,5,7
10174078,russian_l2_assyrian,"И один из товарищев был вруном, мог соврать.",ena,был,190415_ena_MO_SS_Legenda_o_lgune_RUS.TextGrid,13.3644357377661,18.1729785087068,21,23
10174314,russian_l2_assyrian,"Один был женатый на, скажем, ближнем с= посёлке,",GIJ,был,190704_GIJ__KK_LZ_skazka_s_krovju_rus.TextGrid,4.24219832648009,11.1941668266622,6,8
10174338,russian_l2_assyrian,"а одна, меньшая, вот, была дальше, что можно было и убить, не услышать, что убили.",GIJ,было,190704_GIJ__KK_LZ_skazka_s_krovju_rus.TextGrid,11.1941668266622,14.8386390415085,46,49
10174401,russian_l2_assyrian,"И вроде поле побрызгала, чтоб урожай был.",GIJ,был,190704_GIJ__KK_LZ_skazka_s_krovju_rus.TextGrid,35.7654594194199,39.7553272409707,38,40
10174622,russian_l2_assyrian,"но он был, как его сказать, не деревянный.",gij,был,190704_gij_KK_LZ_dva_brata_rus.TextGrid,89.4038775510204,94.2016683902474,7,9
10175410,russian_l2_assyrian,"Она говорит, нет, я не имела права, потому что ты так был занят за все свои годы ждавший.",gij,был,190704_gij_KK_LZ_semiletnij_mertvec_rus.TextGrid,310.058030909998,318.623422927471,55,57
10175572,russian_l2_assyrian,"Один был женатый на по= попа дочке, один на царской внучке или дочке.",gij,был,190704_gij_KK_LZ_tri_syna_rus.TextGrid,4.33694581501615,12.3137689043027,6,8
10175932,russian_l2_assyrian,"мама у Миши была слепая, а ...",others,была,190704_mdb_SS_Cerkov_v_Gardabani_RUS.TextGrid,10.4208807868441,14.2528230069979,13,16
10176467,russian_l2_assyrian,"у него молоко, а с молока нету, ничего, ни кушать, как говорится, ни хлеба, ни печенья там, не знаю, раньше были не были, ни были булочки.",nlt,были,190704_nlt_DE_Skazka_o_ptichke_RUS.TextGrid,85.2857416101253,95.975950994444,117,120
10176715,russian_l2_assyrian,"раньше был инструмент, по- нашему называлась саз, какой -то, да, инструмент, как банджо есть, но у нас саз.",nlt,был,190704_nlt_DE_Skazka_o_ptichke_RUS.TextGrid,175.825237884499,184.311176250514,8,10
10178053,russian_l2_assyrian,"вот честно, вот так вот возьми шепочку, вот так греби, вшей на нас было.",eiz,было,190707_eiz_KK_LZ_Ssylka_iz_Xalnara_rus.TextGrid,74.8288874770188,83.3762756056652,68,71
10178527,russian_l2_assyrian,"Э, дядя с материной стороны у отца, получается, на нашем языке, был женат, тоже жену звали Сара.",lsb,был,190707_lsb_MO_SS_Ubijstvo_izmennicy_RUS.TextGrid,0,8.15322715594027,65,67
10178663,russian_l2_assyrian,это на самом деле случай был.,lsb,был,190707_lsb_MO_SS_Ubijstvo_izmennicy_RUS.TextGrid,40.533976473986,42.2186455624956,26,28
10179261,russian_l2_assyrian,"Она была инвалидка, хромала",ggo,была,190708_ggo_KK_Begstvo_babushki_RUS.TextGrid,68.067047396578,70.4324602884579,5,8
10179354,russian_l2_assyrian,У нее был этот эм...,ggo,был,190708_ggo_KK_Begstvo_babushki_RUS.TextGrid,98.431612802771,100.315600907029,7,9
10179396,russian_l2_assyrian,"Он был либо серебряный, либо золотой.",ggo,был,190708_ggo_KK_Begstvo_babushki_RUS.TextGrid,117.539811299166,119.903818213028,4,6
10179755,russian_l2_assyrian,Не он был собрезан.,vms,был,190708_vms_SS_Grabiteli_Rostov_RUS.TextGrid,84.1,84.1504051370601,7,9
10179762,russian_l2_assyrian,Не он был с обрезом.,vms,был,190708_vms_SS_Grabiteli_Rostov_RUS.TextGrid,86.3439682539683,89.5444131663455,7,9
10179809,russian_l2_assyrian,"Вот второй уже был, да.",vms,был,190708_vms_SS_Grabiteli_Rostov_RUS.TextGrid,108.184621236964,109.1,16,18
10180025,russian_l2_assyrian,Он костет был у него.,vms,был,190708_vms_SS_Grabiteli_Rostov_RUS.TextGrid,194.963365669106,196.97734050409,11,13
10180100,russian_l2_assyrian,костет итальянский был.,vms,был,190708_vms_SS_Grabiteli_Rostov_RUS.TextGrid,220.308465696592,222.1,20,22
10180167,russian_l2_assyrian,А у меня друг был подполковник.,vms,был,190708_vms_SS_Grabiteli_Rostov_RUS.TextGrid,323.085238095238,325.804160748959,15,17
10180532,russian_l2_assyrian,"да, напротив брата моего был сельский совет.",evi,был,190709_evi_LZ_Kak_nemka_spasla_babushku_ot_rasstrela_RUS.TextGrid,24.8230833333333,27.4209800915566,26,28
10180682,russian_l2_assyrian,Этот мост очень нужен был народу.,ggo,был,190709_ggo_KK_MO_SS_Skazka_Xariba_RUS.TextGrid,20.2752353633639,22.864490520558,23,25
10180877,russian_l2_assyrian,Он должен был рассказать об этом своему народу.,ggo,был,190709_ggo_KK_MO_SS_Skazka_Xariba_RUS.TextGrid,100.60798185941,103.84149377443,11,13
10180897,russian_l2_assyrian,Мост построен был,ggo,был,190709_ggo_KK_MO_SS_Skazka_Xariba_RUS.TextGrid,109.289344975211,110.65925170068,15,17
10181291,russian_l2_assyrian,"Он, Сашка бандит был вообще.",gjo,был,190709_gjo_MO_Brat_brosil_v_rechku_RUS.TextGrid,23.4368128842818,25.3725043259359,18,20
10181344,russian_l2_assyrian,носил пенсне... и был... дружил с моим дедом.,gjo,был,190709_gjo_MO_Dedy_chitali_molitvy_RUS.TextGrid,22.6440856428243,28.1,19,21
10181523,russian_l2_assyrian,и это такой кайф это был ээ...,gjo,был,190709_gjo_MO_Dedy_chitali_molitvy_RUS.TextGrid,97.9397959183674,101.264353741497,22,24
10181684,russian_l2_assyrian,"кто приснится, тот был= был будет это...",gjo,был,190709_gjo_MO_Kak_poznakomilis_Kasha_Garun_i_ego_zhena_RUS.TextGrid,74.9651927437642,78.0304151927922,20,22
10182091,russian_l2_assyrian,"... красноармейцев, в ра= один был раненый.",ggo,был,190710_ggo_KK_MO_SS_Plennyje_v_kukuruze_RUS.TextGrid,1.60834467120181,5.32005471405305,32,34
10182098,russian_l2_assyrian,Ну раненый был.,ggo,был,190710_ggo_KK_MO_SS_Plennyje_v_kukuruze_RUS.TextGrid,5.32005471405305,7.41824423798621,12,14
10182187,russian_l2_assyrian,"И один, я не знаю, судьба как сложилась у него, а второй был ассириец.",ggo,был,190710_ggo_KK_MO_SS_Plennyje_v_kukuruze_RUS.TextGrid,25.1,30.624166674886,58,60
10182881,russian_l2_assyrian,"но он был страшненький, маленький, плешивый,",ggo,был,190710_ggo_KK_MO_SS_Svadba_s_nelubimym_RUS.TextGrid,54.0465306122449,56.9224943310658,7,9
10183226,russian_l2_assyrian,"Я перешл= шла, уже был готовый дом.",gij,был,190710_gij_MO_Kakie_ranshe_byli_doma_RUS.TextGrid,99.8084071026395,105.139595842818,20,22
10183677,russian_l2_assyrian,Сын маленький был.,ena,был,190713_ena_KK_MO_Skazka_o_moste_RUS.TextGrid,13.1567800453515,16.0713151927438,15,17
10184153,russian_l2_assyrian,"В общем, веселый человек был, веселый человек.",tmy,был,190713_tmy_NL_pravdivaya_istoria_o_yayzax_i_zamurovannoy_devushke_RUS.TextGrid,26.2977573885078,30.4048517757812,26,28
10184347,russian_l2_assyrian,"Я э тебе женюсь на тебе, чтобы я был веселый'.",tmy,был,190713_tmy_NL_pravdivaya_istoria_o_yayzax_i_zamurovannoy_devushke_RUS.TextGrid,94.3307153225308,98.5794706327137,34,36
10185027,russian_l2_assyrian,"а у него один сын был,",vms,был,190715_vms_LZ_Son_o_kolodtse_RUS.TextGrid,21.4563333333333,23.7548274537571,19,21
10185261,russian_l2_assyrian,раньше было два дня.,agg,было,210809_agg_LZ_Assirijskije_svadby_RUS__неточный.TextGrid,0,1.37386590690978,8,11
10185292,russian_l2_assyrian,И все гости должны были соб= родственники собраться.,agg,были,210809_agg_LZ_Assirijskije_svadby_RUS__неточный.TextGrid,8.97683333333333,12.0372916666667,20,23
10185298,russian_l2_assyrian,"И был целый сабантуй, жениха невесты не было.",agg,был,210809_agg_LZ_Assirijskije_svadby_RUS__неточный.TextGrid,12.0372916666667,15.3804687412589,41,43
10185305,russian_l2_assyrian,"И был целый сабантуй, жениха невесты не было.",agg,было,210809_agg_LZ_Assirijskije_svadby_RUS__неточный.TextGrid,12.0372916666667,15.3804687412589,41,44
10185310,russian_l2_assyrian,"То есть она была у себя дома, он был у себя дома.",agg,была,210809_agg_LZ_Assirijskije_svadby_RUS__неточный.TextGrid,15.3804687412589,17.562375,13,16
10185316,russian_l2_assyrian,"То есть она была у себя дома, он был у себя дома.",agg,был,210809_agg_LZ_Assirijskije_svadby_RUS__неточный.TextGrid,15.3804687412589,17.562375,13,15
10185334,russian_l2_assyrian,То есть это была такое уже подготовитель=,agg,была,210809_agg_LZ_Assirijskije_svadby_RUS__неточный.TextGrid,21.0473541666667,23.2314375,13,16
10185349,russian_l2_assyrian,"И это было самое интересное момент, когда мы вот",agg,было,210809_agg_LZ_Assirijskije_svadby_RUS__неточный.TextGrid,27.2350739976795,30.1313541666667,7,10
10185376,russian_l2_assyrian,"кто в чём одет, не было никаких этих костюмов, нарядов.",agg,было,210809_agg_LZ_Assirijskije_svadby_RUS__неточный.TextGrid,34.4096531019778,37.687375,20,23
10185564,russian_l2_assyrian,Это был семьдесят...,agg,был,210809_agg_LZ_Assirijskije_svadby_RUS__неточный.TextGrid,94.3605625,95.8795749985522,5,7
10185697,russian_l2_assyrian,"А когда девчонками были, мы вообще выбегали,",agg,были,210809_agg_LZ_Assirijskije_svadby_RUS__неточный.TextGrid,131.870458333333,134.0346875,20,23
10185711,russian_l2_assyrian,все= любая свадьба в деревне - это была для нас праздник.,agg,была,210809_agg_LZ_Assirijskije_svadby_RUS__неточный.TextGrid,134.0346875,137.463104166667,36,39
10185721,russian_l2_assyrian,Потому что никаких праздников не было.,agg,было,210809_agg_LZ_Assirijskije_svadby_RUS__неточный.TextGrid,137.463104166667,139.530199268102,34,37
10185724,russian_l2_assyrian,"Один был кинотеатр,",agg,был,210809_agg_LZ_Assirijskije_svadby_RUS__неточный.TextGrid,139.530199268102,141.362166835703,6,8
10185745,russian_l2_assyrian,"И мы бежали туда сломя голову, потому что ничего не было другого.",agg,было,210809_agg_LZ_Assirijskije_svadby_RUS__неточный.TextGrid,144.32375,147.681978700014,53,56
10185809,russian_l2_assyrian,Вот никто не должен был оставаться без внимания.,agg,был,210809_agg_LZ_Assirijskije_svadby_RUS__неточный.TextGrid,164.176247530517,166.443145833333,21,23
10185868,russian_l2_assyrian,"И монеты кидали, и мы их хватали, ну дет= маленькие были.",agg,были,210809_agg_LZ_Assirijskije_svadby_RUS__неточный.TextGrid,176.6891875,180.147979166667,53,56
10185876,russian_l2_assyrian,"Хватали эти монеты, всё было настолько интересно.",agg,было,210809_agg_LZ_Assirijskije_svadby_RUS__неточный.TextGrid,180.147979166667,183.053854166667,25,28
10185881,russian_l2_assyrian,"Всё было настолько трогательно, всё это настолько было торжественно.",agg,было,210809_agg_LZ_Assirijskije_svadby_RUS__неточный.TextGrid,183.053854166667,186.617583333333,51,54
10185977,russian_l2_assyrian,Чтобы была просто возможность жить и всё.,agg,была,210809_agg_LZ_Assirijskije_svadby_RUS__неточный.TextGrid,213.4671875,215.799020525374,7,10
10186083,russian_l2_assyrian,"Обязательно, чтобы тосты были в честь жениха и невесты, обязательно родители говорят,",agg,были,210809_agg_LZ_Assirijskije_svadby_RUS__неточный.TextGrid,245.373583227191,250.553375,26,29
10186501,russian_l2_assyrian,"Раньше было так, это раньше было.",agg,было,210809_agg_LZ_Assirijskije_svadby_RUS__неточный.TextGrid,360.769416666667,363.105479166667,29,32
10186506,russian_l2_assyrian,"Раньше было так, это раньше было.",agg,было,210809_agg_LZ_Assirijskije_svadby_RUS__неточный.TextGrid,360.769416666667,363.105479166667,8,11
10186518,russian_l2_assyrian,"Если она девушка к= Это раньше было, это в моё время.",agg,было,210809_agg_LZ_Assirijskije_svadby_RUS__неточный.TextGrid,364.946831101896,368.3438125,32,35
10186598,russian_l2_assyrian,Это было раньше.,agg,было,210809_agg_LZ_Assirijskije_svadby_RUS__неточный.TextGrid,394.3511875,395.273958333333,5,8
10186717,russian_l2_assyrian,"которое было основано в тысяча девятьсот двадцать четвертом году выходцами из Ирана,",agg,было,210809_agg_LZ_Rabe_Inviyya_i_Urmiya_RUS__неточный.TextGrid,13.7674791666667,18.5609791666667,9,12
10186941,russian_l2_assyrian,"Урмия была основана в двадцать четвертом году, и в семьдесят первом году власти решили",agg,была,210809_agg_LZ_Rabe_Inviyya_i_Urmiya_RUS__неточный.TextGrid,87.567,92.9200833333333,7,10
10187115,russian_l2_assyrian,и даже было вышл= вышла статья,agg,было,210809_agg_LZ_Rabe_Inviyya_i_Urmiya_RUS__неточный.TextGrid,144.876395833333,146.72942795568,8,11
10187262,russian_l2_assyrian,"И он был учителем там, э в этой школе, в этом техникуме, вернее, педтехникуме.",agg,был,210809_agg_LZ_Rabe_Inviyya_i_Urmiya_RUS__неточный.TextGrid,200.389354166667,206.594791666667,6,8
10187298,russian_l2_assyrian,"На тот момент уже школа была, но она у... ютилась в маленьком, в доме частном.",agg,была,210809_agg_LZ_Rabe_Inviyya_i_Urmiya_RUS__неточный.TextGrid,211.704020833333,217.414166666667,25,28
10187315,russian_l2_assyrian,Э тогда был Амдрон Павлович учителем начальных классов.,agg,был,210809_agg_LZ_Rabe_Inviyya_i_Urmiya_RUS__неточный.TextGrid,217.414166666667,223.741583333333,9,11
10187427,russian_l2_assyrian,"Вот, в этой школе с тысяча девятьсот тридцать второго года по тысяча девятьсот шестьдесят второй год, тридцать лет, см= м= мой свёкор Инвийя Георгиевич Георгизов был директором школы.",agg,был,210809_agg_LZ_Rabe_Inviyya_i_Urmiya_RUS__неточный.TextGrid,250.109583333333,259.836354166667,163,165
10187638,russian_l2_assyrian,"В школе в этой э... в те годы было очень много детей,",agg,было,210809_agg_LZ_Rabe_Inviyya_i_Urmiya_RUS__неточный.TextGrid,333.801375,339.514329955259,31,34
10187645,russian_l2_assyrian,и все были ученики очень достойные.,agg,были,210809_agg_LZ_Rabe_Inviyya_i_Urmiya_RUS__неточный.TextGrid,339.514329955259,342.412645833333,7,10
10187742,russian_l2_assyrian,"Он был очень э умным, грамотным, энциклопедически образованным человеком, надо это отметить,",agg,был,210809_agg_LZ_Rabe_Inviyya_i_Urmiya_RUS__неточный.TextGrid,377.112783650871,383.184854166667,4,6
10187805,russian_l2_assyrian,"Св= свекровь моя, Серафима Сергеевна, была дочерью священника, очень грамотной женщиной, очень властной, волевой.",agg,была,210809_agg_LZ_Rabe_Inviyya_i_Urmiya_RUS__неточный.TextGrid,392.854805280606,400.079270833333,39,42
10187840,russian_l2_assyrian,этот был как бы дом людей-просветителей Урмии.,agg,был,210809_agg_LZ_Rabe_Inviyya_i_Urmiya_RUS__неточный.TextGrid,405.826016197871,409.584333333333,6,8
10187860,russian_l2_assyrian,"Все справки, какие документы, что всё, что надо было писать",agg,было,210809_agg_LZ_Rabe_Inviyya_i_Urmiya_RUS__неточный.TextGrid,409.584333333333,412.996895833333,49,52
10187941,russian_l2_assyrian,"такой дед был,",vms,был,210809_vms_ES_SS_Kak_Xarlampiy_krestil_detey_RUS.TextGrid,3.46316112481385,6.29359264473194,11,13
10187945,russian_l2_assyrian,"такой священник был настоящий, он с= ещё оттуда, с иранский.",vms,был,210809_vms_ES_SS_Kak_Xarlampiy_krestil_detey_RUS.TextGrid,6.29359264473194,14.3546616134587,17,19
10188171,russian_l2_assyrian,"Видно, это, плохой аккумулятор был.",gij,был,210812_gij_LZ_Poezdka_v_Konstantinovku_RUS.TextGrid,24.363125,28.3835971431109,32,34
10188473,russian_l2_assyrian,"Бригадир с нами, Новопольцев был, Мамаев Николай был учитель с женой.",gij,был,210812_gij_LZ_Poezdka_v_Konstantinovku_RUS.TextGrid,191.518,199.375091987983,50,52
10188477,russian_l2_assyrian,"Бригадир с нами, Новопольцев был, Мамаев Николай был учитель с женой.",gij,был,210812_gij_LZ_Poezdka_v_Konstantinovku_RUS.TextGrid,191.518,199.375091987983,30,32
10188525,russian_l2_assyrian,"Володя был, Мурадов, Боря Давыдов, Новопольцев, Малеев, Николай учитель был.",gij,был,210812_gij_LZ_Poezdka_v_Konstantinovku_RUS.TextGrid,220.152094143179,229.1,73,75
10188538,russian_l2_assyrian,"Володя был, Мурадов, Боря Давыдов, Новопольцев, Малеев, Николай учитель был.",gij,был,210812_gij_LZ_Poezdka_v_Konstantinovku_RUS.TextGrid,220.152094143179,229.1,8,10
10188542,russian_l2_assyrian,А Новопольцев был брагодиром.,gij,был,210812_gij_LZ_Poezdka_v_Konstantinovku_RUS.TextGrid,229.1,232.468694676715,15,17
10189324,russian_l2_assyrian,Но это был сон такой.,jsb,был,210814_jsb_VSh_son_pro_devushek_RUS.TextGrid,36.8398100228764,40.0451033523742,8,10
10189612,russian_l2_assyrian,"Да, он у нас был как шейх Султан Сулейман хан.",tbt,был,210815_tbt_NL_VSh_Bog_rassudit_RUS.TextGrid,13.7784950657895,16.1,14,16
10189701,russian_l2_assyrian,"Старший сын у нее умер э... от моего дедушки, который был...",tbt,был,210815_tbt_NL_VSh_Bog_rassudit_RUS.TextGrid,27.5557942223567,33.9722089182396,55,57
10189767,russian_l2_assyrian,у нее сын был.,tbt,был,210815_tbt_NL_VSh_Bog_rassudit_RUS.TextGrid,66.0189795918367,67.47658522873,11,13
10189978,russian_l2_assyrian,"За смерть брата, хоть он им и не родной был, только по отцу.",tbt,был,210815_tbt_NL_VSh_Bog_rassudit_RUS.TextGrid,126.343446218979,130.1,41,43
10191006,russian_l2_assyrian,"Там иногда, вот, когда мы ехали, иногда местами снег был.",nlt,был,210816_nlt_LZ_Detstvo_v_gorax_s_babushkoj_RUS.TextGrid,161.499896183294,165.785175788557,54,56
10191146,russian_l2_assyrian,Всегда сахар кусками был таким большой.,nlt,был,210816_nlt_LZ_Detstvo_v_gorax_s_babushkoj_RUS.TextGrid,220.1,222.544345073231,22,24
10191417,russian_l2_assyrian,"Саша там не был, но я была.",nlt,был,210816_nlt_LZ_Detstvo_v_gorax_s_babushkoj_RUS.TextGrid,339.517869258503,342.1,23,25
10191509,russian_l2_assyrian,Колхоз у нас был.,nlt,был,210816_nlt_LZ_Detstvo_v_gorax_s_babushkoj_RUS.TextGrid,372.1,373.33383186532,14,16
10191773,russian_l2_assyrian,Но я бы не сказала такой чтобы... напор сильный был.,nlt,был,210816_nlt_LZ_Detstvo_v_gorax_s_babushkoj_RUS.TextGrid,457.1,461.412511066571,49,51
10192893,russian_l2_assyrian,"На нашей улице он был , последний.",vvi,был,210819_vvi3_LZ_Cerkvi_v_Armenii_RUS.TextGrid,150.1,153.652479166667,19,21
10193344,russian_l2_assyrian,Георгий у меня маленький был.,vvi,был,210819_vvi3_LZ_Cerkvi_v_Armenii_RUS.TextGrid,316.404359863354,318.407331769543,26,28
10194490,russian_l2_assyrian,"И чтоб ца= дочка царя была у меня в доме, бу= была моей женой''.",lii,была,210821_lii_AR_Zolotoe_kolco_RUS.TextGrid,377.1,384.373597245667,23,26
10194497,russian_l2_assyrian,"И чтоб ца= дочка царя была у меня в доме, бу= была моей женой''.",lii,была,210821_lii_AR_Zolotoe_kolco_RUS.TextGrid,377.1,384.373597245667,47,50
10194602,russian_l2_assyrian,"Такой бедный был, кусок хлеба не было у него.",lii,был,210821_lii_AR_Zolotoe_kolco_RUS.TextGrid,430.294396156938,433.190728011465,14,16
10194767,russian_l2_assyrian,"Говорит: ''А этот парень бедный был, откуда у него дворец да п= ты принцесса за него замуж вышла?''",lii,был,210821_lii_AR_Zolotoe_kolco_RUS.TextGrid,492.515888143872,500.466388547477,33,35
10195860,russian_l2_assyrian,"Там такой канал был, когда я переходил на эту сторону через этот канал,",msb,был,210821_msb_IS_Drama_na_ohote_RUS.TextGrid,23.0044603383284,27.9633763612249,17,19
10195933,russian_l2_assyrian,"Поехали и был,",vms,был,210821_vms_SS_Pozhar_RUS.TextGrid,0,1.91544217687075,11,13
10195941,russian_l2_assyrian,А был и= ветер.,vms,был,210821_vms_SS_Pozhar_RUS.TextGrid,7.04562358276644,9.1,3,5
10195976,russian_l2_assyrian,"Ветер был, ураган.",vms,был,210821_vms_SS_Pozhar_RUS.TextGrid,25.5129523026316,27.8275156482688,7,9
10195994,russian_l2_assyrian,Ветер был.,vms,был,210821_vms_SS_Pozhar_RUS.TextGrid,38.4155328798186,39.8926435102518,7,9
10196475,russian_l2_assyrian,"С= у дедушки моего был старший брат Николай,",vvi,был,210821_vvi2_SS_Begstvo_i_drugoe_RUS.TextGrid,182.310952380952,186.741002404183,20,22
10196494,russian_l2_assyrian,"но в то время он уже там э как бы парень, уже юноша был,",vvi,был,210821_vvi2_SS_Begstvo_i_drugoe_RUS.TextGrid,186.741002404183,191.189070294785,53,55
10196639,russian_l2_assyrian,"Он был грамотным человеком,",vvi,был,210821_vvi2_SS_Begstvo_i_drugoe_RUS.TextGrid,235.719807894617,237.678775510204,4,6
10196749,russian_l2_assyrian,"Он в Константиновке был ну на правах директора начальной школы,",vvi,был,210821_vvi2_SS_Begstvo_i_drugoe_RUS.TextGrid,279.239115646259,284.739206349206,21,23
10196759,russian_l2_assyrian,"грамотный человек был,",vvi,был,210821_vvi2_SS_Begstvo_i_drugoe_RUS.TextGrid,284.739206349206,286.754201949654,19,21
10196771,russian_l2_assyrian,что второй р= брат его был э на=...,vvi,был,210821_vvi2_SS_Begstvo_i_drugoe_RUS.TextGrid,288.301451247166,293.328185941043,24,26
10196778,russian_l2_assyrian,"Нав= был фининспектором в Курганинском районе, имел связи.",vvi,был,210821_vvi2_SS_Begstvo_i_drugoe_RUS.TextGrid,293.994843632326,298.517268230705,6,8
10197388,russian_l2_assyrian,"Нас на машину и к вокзалу привезли, эшелон там был.",vpt,был,210822_vpt_IS_Pro_pereselenie_RUS.TextGrid,177.522288975057,182.1,48,50
10197494,russian_l2_assyrian,"А когда мы уезжали, отец взял персидский ковер, один у нас был, с Персии у отца.",vpt,был,210822_vpt_IS_Pro_pereselenie_RUS.TextGrid,220.760994768109,227.1,60,62
10197596,russian_l2_assyrian,"А председатель хороший человек был, дал нам землю, дал нам домик там, в другой деревне.",vpt,был,210822_vpt_IS_Pro_pereselenie_RUS.TextGrid,266.87676468035,275.48714793147,32,34
10197688,russian_l2_assyrian,"А в= в= вообще его, о= он был .",gjo,был,210823_gjo_ggo_SS_Ob_imeni_Xarlampij_RUS.TextGrid,21.0342857142857,25.4328536000759,27,29
10197860,russian_l2_assyrian,"Раньше был колхоз Микоян, отдельный.",nna,был,210823_nna_IS_SS_Nemcy_RUS.TextGrid,48.0603056054755,52.0792255606839,8,10
10197883,russian_l2_assyrian,"Ну, были тогда, я пацаном был, да, жили свой= своя= своя контора, всё, гараж, всё своё было, а потом.",nna,был,210823_nna_IS_SS_Nemcy_RUS.TextGrid,57.3368100678781,66.1758436595974,27,29
10199784,russian_l2_assyrian,"И вот однажды, когда он был на охоте, выходит мать, э= эухво=,",lam,был,211205_lam_ES_Skazka_pro_syna_pastuxa_i_chudovishch_RUS.TextGrid,231.60215691908,237.179629770879,25,27
10200062,russian_l2_assyrian,"Ну, вот какой -то у неё был такой нехороший план, хотела как -то избавиться от старшего сына.",lam,был,211205_lam_ES_Skazka_pro_syna_pastuxa_i_chudovishch_RUS.TextGrid,331.333375475696,337.483510225288,25,27
10201628,russian_l2_assyrian,"Ну там это там, то в Тивливуке был, то в Ростове был.",jsb,был,220809_jsb_ES_ML_Son_pro_zharku_miasa_RU.TextGrid,5.1,10.3022850404451,50,52
10201633,russian_l2_assyrian,"Ну там это там, то в Тивливуке был, то в Ростове был.",jsb,был,220809_jsb_ES_ML_Son_pro_zharku_miasa_RU.TextGrid,5.1,10.3022850404451,32,34
10201789,russian_l2_assyrian,"А у него этот был в руках, это самое,",jsb,был,220809_jsb_ES_ML_Son_pro_zharku_miasa_RU.TextGrid,63.1,66.9199552019792,15,17
10203797,russian_l2_assyrian,"А отец в тот день дома был, он услышал,",lii,был,220809_lii_AR_skazka_o_vate_RUS.TextGrid,686.338778832495,690.751742478483,24,26
10204117,russian_l2_assyrian,"За то, что этот король очень такой скупой, жестокий человек был, плохой,",lii,был,220811_lii_AR_ES_LZ_Skazka_pro_zlatovlasku_RU.TextGrid,6.58849876335229,11.8068321173308,61,63
10204199,russian_l2_assyrian,"Жил уже пожилой человек, был уже в возрасте.",lii,был,220811_lii_AR_ES_LZ_Skazka_pro_zlatovlasku_RU.TextGrid,39.6520695319951,44.7133141114758,26,28
10206365,russian_l2_assyrian,"А у него было хлеб был, горбушку, он достал этот хлеб, покрошил,",lii,был,220811_lii_AR_ES_LZ_Skazka_pro_zlatovlasku_RU.TextGrid,854.1,860.408789688458,20,22
10207663,russian_l2_assyrian,чтоб он довольный был.,lii,был,220811_lii_AR_ES_LZ_Skazka_pro_zlatovlasku_RU.TextGrid,1309.57931972789,1311.97602209776,19,21
10208407,russian_l2_assyrian,Были бы тут.,lii,Были,220811_lii_AR_ES_LZ_Skazka_pro_zlatovlasku_RU.TextGrid,1587.53228285255,1590.85958440818,1,4
10211160,russian_l2_assyrian,"Он такой вонючий был - мне отвратительно стало, короче.",jsb,был,220812_jsb_ES_ML_Ovechiy_syr_RU.TextGrid,84.0431760538091,89.9204308390023,18,20
10211606,russian_l2_assyrian,"Дверь, эт= рот был закрытым в этих кувшин.",lii,был,220812_lii_ES_LZ_Skazka_o_kuvshinax_so_zmejami_i_zolotom_RUS.TextGrid,143.473680456691,148.389796009745,16,18
10212181,russian_l2_assyrian,"Он такой шустрый был, такой хитрый парень был.",lii,был,220812_lii_ES_LZ_Skazka_pro_Cirtu_RUS.TextGrid,6.26857905539386,10.5479295004914,18,20
10212186,russian_l2_assyrian,"Он такой шустрый был, такой хитрый парень был.",lii,был,220812_lii_ES_LZ_Skazka_pro_Cirtu_RUS.TextGrid,6.26857905539386,10.5479295004914,43,45
10212490,russian_l2_assyrian,"Говорит: ''Ой, я его сейчас хорошо и утром покормлю, чтоб он жирный был, я чтоб его съела''.",lii,был,220812_lii_ES_LZ_Skazka_pro_Cirtu_RUS.TextGrid,108.99854799324,115.971549512013,69,71
10213643,russian_l2_assyrian,"И был у них сын,",lii,был,220814_lii_AR_LZ_Skazka_pro_korolja_i_slugu_RUS.TextGrid,0,5.9252781451242,3,5
10213648,russian_l2_assyrian,"был сын, принц.",lii,был,220814_lii_AR_LZ_Skazka_pro_korolja_i_slugu_RUS.TextGrid,5.9252781451242,9.20708481462671,1,3
10214313,russian_l2_assyrian,"Говорит этот, кровать хочу, чтобы подушки были мягкие, постель была мягкая, матрас был мягкий,",lii,был,220814_lii_AR_LZ_Skazka_pro_korolja_i_slugu_RUS.TextGrid,251.061010546487,258.365948262839,84,86
10216638,russian_l2_assyrian,"то же самое, то, что был раньше.",lii,был,220814_lii_AR_LZ_Skazka_pro_korolja_i_slugu_RUS.TextGrid,1143.66097968191,1146.00519405646,22,24
10216823,russian_l2_assyrian,"видимо добрый был,",lii,был,220814_lii_AR_LZ_Skazka_pro_korolja_i_slugu_RUS.TextGrid,1215.56554789815,1217.16524783615,15,17
10218822,russian_l2_assyrian,Жили-были муж и жена.,lii,были,220816_lii_AR_VM_Skazka_pro_zudovishe_RUS__1_.TextGrid,0,5.11613313244602,6,9
10218831,russian_l2_assyrian,"Ну, у них был маленький мальчик по имени Якул, восемь лет было ему.",lii,был,220816_lii_AR_VM_Skazka_pro_zudovishe_RUS__1_.TextGrid,5.11613313244602,13.9176888812399,11,13
10218840,russian_l2_assyrian,"Ну, у них был маленький мальчик по имени Якул, восемь лет было ему.",lii,было,220816_lii_AR_VM_Skazka_pro_zudovishe_RUS__1_.TextGrid,5.11613313244602,13.9176888812399,59,62
10218890,russian_l2_assyrian,"Уже ребенок у= уже повзрослел, восемь лет было ему.",lii,было,220816_lii_AR_VM_Skazka_pro_zudovishe_RUS__1_.TextGrid,34.0763145125825,38.3694857827406,43,46
10219126,russian_l2_assyrian,"Она, у неё такая кожа была морщинистая, что пальцы такие в= страшные, ногти длинные, на Баба-Ягу похожа.",lii,была,220816_lii_AR_VM_Skazka_pro_zudovishe_RUS__1_.TextGrid,110.183248015756,118.596719829713,23,26
10220475,russian_l2_assyrian,"Он побежал из леса, а когда он побежал, уже старуха не было, она ещё далеко была.",lii,было,220816_lii_AR_VM_Skazka_pro_zudovishe_RUS__1_.TextGrid,557.995911302781,564.523068465591,56,59
10220480,russian_l2_assyrian,"Он побежал из леса, а когда он побежал, уже старуха не было, она ещё далеко была.",lii,была,220816_lii_AR_VM_Skazka_pro_zudovishe_RUS__1_.TextGrid,557.995911302781,564.523068465591,77,80
10220957,russian_l2_assyrian,"Он пошёл, как раз дождь был перед этим, лужи стояли.",lii,был,220816_lii_AR_VM_Skazka_pro_zudovishe_RUS__1_.TextGrid,705.97457120067,710.975056257026,25,27
10221774,russian_l2_assyrian,"И положить, и сварить плов с мясом это, и эту траву положить туда, чтоб король был доволен''.",lii,был,220816_lii_AR_VM_Skazka_pro_zudovishe_RUS__1_.TextGrid,981.60576500745,988.212936950273,80,82
10221947,russian_l2_assyrian,"А там чтоб была травка, а я эту травку не знаю, я первый раз вижу''.",lii,была,220816_lii_AR_VM_Skazka_pro_zudovishe_RUS__1_.TextGrid,1049.15427563877,1054.00109326033,12,15
10222157,russian_l2_assyrian,"А там трава росла, но такой травы не было.",lii,было,220816_lii_AR_VM_Skazka_pro_zudovishe_RUS__1_.TextGrid,1106.42886130451,1109.19219642222,38,41
10223133,russian_l2_assyrian,"У нас была вот трети= третья го= третьи горы, это был Магал.",nlt,был,220818_nlt_VM_Magal_RUS.TextGrid,0,7.1,51,53
10223257,russian_l2_assyrian,"Мы там и даже мы только пили там родниковую воду, там родник был большой, родниковая вода.",nlt,был,220818_nlt_VM_Magal_RUS.TextGrid,48.987422990905,56.4980725623583,62,64
10223496,russian_l2_assyrian,И тётин сын с нами был.,nlt,был,220818_nlt_VM_Tri_gory_RUS.TextGrid,10.1,13.2757823129252,20,22
10223508,russian_l2_assyrian,"Э= У нас с нами ехал колхоз, у нас был полон барашек, коровы то= раньше.",nlt,был,220818_nlt_VM_Tri_gory_RUS.TextGrid,13.2757823129252,21.7274603174603,36,38
10224173,russian_l2_assyrian,У нас был такой.,nlt,был,220818_nlt_VM_Tri_gory_RUS.TextGrid,254.6320861678,259.229909297052,7,9
10224557,russian_l2_assyrian,"Что ты делаешь, чёт= ну, не сильно такой кипяток был, чтоб эт= облазила у него шкура.",jsb,был,220819_jsb_ES_LZ_Oshparivanie_RU.TextGrid,114.1,121.988979591837,50,52
10224634,russian_l2_assyrian,"Вот это, да, так маленький этот был.",jsb,был,220819_jsb_ES_LZ_Oshparivanie_RU.TextGrid,140.966009070295,143.925986394558,33,35
10226611,russian_l2_assyrian,"Им не понравилось, они тогда такие трудолюбивые люди были, что им земля нужна была.",sgu,были,220824_sgu_AR_ES_LZ_Pro_semju_i_voiny_RUS.TextGrid,49.1845,57.4556875,54,57
10226617,russian_l2_assyrian,"Им не понравилось, они тогда такие трудолюбивые люди были, что им земля нужна была.",sgu,была,220824_sgu_AR_ES_LZ_Pro_semju_i_voiny_RUS.TextGrid,49.1845,57.4556875,79,82
10226801,russian_l2_assyrian,Председатель колхоза был Якубов Александр...,sgu,был,220824_sgu_AR_ES_LZ_Pro_semju_i_voiny_RUS.TextGrid,142.393636102713,151.1,22,24
10226811,russian_l2_assyrian,"А мой свёкор парторгом был, да.",sgu,был,220824_sgu_AR_ES_LZ_Pro_semju_i_voiny_RUS.TextGrid,151.1,155.4514375,24,26
10226818,russian_l2_assyrian,А председатель совета был Иванов.,sgu,был,220824_sgu_AR_ES_LZ_Pro_semju_i_voiny_RUS.TextGrid,155.4514375,159.036166666667,23,25
10226866,russian_l2_assyrian,"А потом уже как, я не знаю, ферма своя была, птичник свой был.",sgu,был,220824_sgu_AR_ES_LZ_Pro_semju_i_voiny_RUS.TextGrid,175.476011949157,181.583520833333,40,42
10226951,russian_l2_assyrian,"Это мой свёкор, парторгом был, и Якубов, и Иванов.",sgu,был,220824_sgu_AR_ES_LZ_Pro_semju_i_voiny_RUS.TextGrid,221.043416666667,229.657666666667,27,29
10227104,russian_l2_assyrian,Этот маленький был сыночек.,sgu,был,220824_sgu_AR_ES_LZ_Pro_semju_i_voiny_RUS.TextGrid,300.203449827759,302.504895833333,16,18
10227164,russian_l2_assyrian,"Отец на фронте был,",sgu,был,220824_sgu_AR_ES_LZ_Pro_semju_i_voiny_RUS.TextGrid,323.129041886389,325.035340503454,16,18
10227355,russian_l2_assyrian,"А там пустырь был, как камень, ну как бы просто ничего там не было.",omg,был,230822_omg_SM_LZ_Cerkov_Marora_RU.TextGrid,22.1,26.7343936837408,15,17
10227371,russian_l2_assyrian,"Ну, был знак, знамение.",others,был,230822_omg_SM_LZ_Cerkov_Marora_RU.TextGrid,99.1,102.856093165335,5,7
10227656,russian_l2_assyrian,"Знак был, вот да.",omg,был,230822_omg_SM_LZ_Cerkov_Marora_RU.TextGrid,99.1129827266689,102.856093165335,6,8
10227758,russian_l2_assyrian,"Ну вот это, ну, вся= весь посёлок в шоке был, ну что это такое?",omg,был,230822_omg_SM_LZ_Cerkov_Marora_RU.TextGrid,135.671026001916,141.1,42,44
10227831,russian_l2_assyrian,"Был образ бычьей головы, как будто кто -то к= карандашом нарисовал.",omg,Был,230822_omg_SM_LZ_Cerkov_Marora_RU.TextGrid,165.1,173.1,1,3
10228609,russian_l2_assyrian,"А бывало даже у нас был один год, первого мая.",omg,был,230822_omg_SM_LZ_Cerkov_Marora_RU.TextGrid,456.985451284266,459.610236008515,21,23
